--
-- PostgreSQL database dump
--

-- Dumped from database version 12.2 (Debian 12.2-2.pgdg100+1)
-- Dumped by pg_dump version 12.1

SET statement_timeout = 0;
SET lock_timeout = 0;
SET idle_in_transaction_session_timeout = 0;
SET client_encoding = 'UTF8';
SET standard_conforming_strings = on;
SELECT pg_catalog.set_config('search_path', '', false);
SET check_function_bodies = false;
SET xmloption = content;
SET client_min_messages = warning;
SET row_security = off;

SET default_tablespace = '';

SET default_table_access_method = heap;

--
-- Name: activities; Type: TABLE; Schema: public; Owner: postgres
--

CREATE TABLE public.activities (
    id integer NOT NULL,
    name character varying(255) NOT NULL,
    description text,
    difficulty integer,
    learning_category integer,
    template text,
    topic integer,
    created_at timestamp with time zone DEFAULT CURRENT_TIMESTAMP,
    updated_at timestamp with time zone DEFAULT CURRENT_TIMESTAMP
);


ALTER TABLE public.activities OWNER TO postgres;

--
-- Name: activities__blocks; Type: TABLE; Schema: public; Owner: postgres
--

CREATE TABLE public.activities__blocks (
    id integer NOT NULL,
    activity_id integer,
    block_id integer
);


ALTER TABLE public.activities__blocks OWNER TO postgres;

--
-- Name: activities__blocks_id_seq; Type: SEQUENCE; Schema: public; Owner: postgres
--

CREATE SEQUENCE public.activities__blocks_id_seq
    START WITH 1
    INCREMENT BY 1
    NO MINVALUE
    NO MAXVALUE
    CACHE 1;


ALTER TABLE public.activities__blocks_id_seq OWNER TO postgres;

--
-- Name: activities__blocks_id_seq1; Type: SEQUENCE; Schema: public; Owner: postgres
--

CREATE SEQUENCE public.activities__blocks_id_seq1
    AS integer
    START WITH 1
    INCREMENT BY 1
    NO MINVALUE
    NO MAXVALUE
    CACHE 1;


ALTER TABLE public.activities__blocks_id_seq1 OWNER TO postgres;

--
-- Name: activities__blocks_id_seq1; Type: SEQUENCE OWNED BY; Schema: public; Owner: postgres
--

ALTER SEQUENCE public.activities__blocks_id_seq1 OWNED BY public.activities__blocks.id;


--
-- Name: activities__models; Type: TABLE; Schema: public; Owner: postgres
--

CREATE TABLE public.activities__models (
    id integer NOT NULL,
    activity_id integer,
    model_id integer
);


ALTER TABLE public.activities__models OWNER TO postgres;

--
-- Name: activities__models_id_seq; Type: SEQUENCE; Schema: public; Owner: postgres
--

CREATE SEQUENCE public.activities__models_id_seq
    START WITH 1
    INCREMENT BY 1
    NO MINVALUE
    NO MAXVALUE
    CACHE 1;


ALTER TABLE public.activities__models_id_seq OWNER TO postgres;

--
-- Name: activities__models_id_seq1; Type: SEQUENCE; Schema: public; Owner: postgres
--

CREATE SEQUENCE public.activities__models_id_seq1
    AS integer
    START WITH 1
    INCREMENT BY 1
    NO MINVALUE
    NO MAXVALUE
    CACHE 1;


ALTER TABLE public.activities__models_id_seq1 OWNER TO postgres;

--
-- Name: activities__models_id_seq1; Type: SEQUENCE OWNED BY; Schema: public; Owner: postgres
--

ALTER SEQUENCE public.activities__models_id_seq1 OWNED BY public.activities__models.id;


--
-- Name: activities_id_seq; Type: SEQUENCE; Schema: public; Owner: postgres
--

CREATE SEQUENCE public.activities_id_seq
    START WITH 1
    INCREMENT BY 1
    NO MINVALUE
    NO MAXVALUE
    CACHE 1;


ALTER TABLE public.activities_id_seq OWNER TO postgres;

--
-- Name: activities_id_seq1; Type: SEQUENCE; Schema: public; Owner: postgres
--

CREATE SEQUENCE public.activities_id_seq1
    AS integer
    START WITH 1
    INCREMENT BY 1
    NO MINVALUE
    NO MAXVALUE
    CACHE 1;


ALTER TABLE public.activities_id_seq1 OWNER TO postgres;

--
-- Name: activities_id_seq1; Type: SEQUENCE OWNED BY; Schema: public; Owner: postgres
--

ALTER SEQUENCE public.activities_id_seq1 OWNED BY public.activities.id;


--
-- Name: blocks; Type: TABLE; Schema: public; Owner: postgres
--

CREATE TABLE public.blocks (
    id integer NOT NULL,
    name character varying(255) NOT NULL,
    description text,
    blocks_category integer,
    created_at timestamp with time zone DEFAULT CURRENT_TIMESTAMP,
    updated_at timestamp with time zone DEFAULT CURRENT_TIMESTAMP
);


ALTER TABLE public.blocks OWNER TO postgres;

--
-- Name: blocks_categories; Type: TABLE; Schema: public; Owner: postgres
--

CREATE TABLE public.blocks_categories (
    id integer NOT NULL,
    name character varying(255),
    created_at timestamp with time zone DEFAULT CURRENT_TIMESTAMP,
    updated_at timestamp with time zone DEFAULT CURRENT_TIMESTAMP
);


ALTER TABLE public.blocks_categories OWNER TO postgres;

--
-- Name: blocks_categories_id_seq; Type: SEQUENCE; Schema: public; Owner: postgres
--

CREATE SEQUENCE public.blocks_categories_id_seq
    START WITH 1
    INCREMENT BY 1
    NO MINVALUE
    NO MAXVALUE
    CACHE 1;


ALTER TABLE public.blocks_categories_id_seq OWNER TO postgres;

--
-- Name: blocks_categories_id_seq1; Type: SEQUENCE; Schema: public; Owner: postgres
--

CREATE SEQUENCE public.blocks_categories_id_seq1
    AS integer
    START WITH 1
    INCREMENT BY 1
    NO MINVALUE
    NO MAXVALUE
    CACHE 1;


ALTER TABLE public.blocks_categories_id_seq1 OWNER TO postgres;

--
-- Name: blocks_categories_id_seq1; Type: SEQUENCE OWNED BY; Schema: public; Owner: postgres
--

ALTER SEQUENCE public.blocks_categories_id_seq1 OWNED BY public.blocks_categories.id;


--
-- Name: blocks_id_seq; Type: SEQUENCE; Schema: public; Owner: postgres
--

CREATE SEQUENCE public.blocks_id_seq
    START WITH 1
    INCREMENT BY 1
    NO MINVALUE
    NO MAXVALUE
    CACHE 1;


ALTER TABLE public.blocks_id_seq OWNER TO postgres;

--
-- Name: blocks_id_seq1; Type: SEQUENCE; Schema: public; Owner: postgres
--

CREATE SEQUENCE public.blocks_id_seq1
    AS integer
    START WITH 1
    INCREMENT BY 1
    NO MINVALUE
    NO MAXVALUE
    CACHE 1;


ALTER TABLE public.blocks_id_seq1 OWNER TO postgres;

--
-- Name: blocks_id_seq1; Type: SEQUENCE OWNED BY; Schema: public; Owner: postgres
--

ALTER SEQUENCE public.blocks_id_seq1 OWNED BY public.blocks.id;


--
-- Name: classrooms; Type: TABLE; Schema: public; Owner: postgres
--

CREATE TABLE public.classrooms (
    id integer NOT NULL,
    name character varying(255),
    teacher character varying(255),
    school integer,
    created_at timestamp with time zone DEFAULT CURRENT_TIMESTAMP,
    updated_at timestamp with time zone DEFAULT CURRENT_TIMESTAMP
);


ALTER TABLE public.classrooms OWNER TO postgres;

--
-- Name: classrooms_id_seq; Type: SEQUENCE; Schema: public; Owner: postgres
--

CREATE SEQUENCE public.classrooms_id_seq
    AS integer
    START WITH 1
    INCREMENT BY 1
    NO MINVALUE
    NO MAXVALUE
    CACHE 1;


ALTER TABLE public.classrooms_id_seq OWNER TO postgres;

--
-- Name: classrooms_id_seq; Type: SEQUENCE OWNED BY; Schema: public; Owner: postgres
--

ALTER SEQUENCE public.classrooms_id_seq OWNED BY public.classrooms.id;


--
-- Name: classrooms_mentors__mentors_classrooms; Type: TABLE; Schema: public; Owner: postgres
--

CREATE TABLE public.classrooms_mentors__mentors_classrooms (
    id integer NOT NULL,
    mentor_id integer,
    classroom_id integer
);


ALTER TABLE public.classrooms_mentors__mentors_classrooms OWNER TO postgres;

--
-- Name: classrooms_mentors__mentors_classrooms_id_seq; Type: SEQUENCE; Schema: public; Owner: postgres
--

CREATE SEQUENCE public.classrooms_mentors__mentors_classrooms_id_seq
    AS integer
    START WITH 1
    INCREMENT BY 1
    NO MINVALUE
    NO MAXVALUE
    CACHE 1;


ALTER TABLE public.classrooms_mentors__mentors_classrooms_id_seq OWNER TO postgres;

--
-- Name: classrooms_mentors__mentors_classrooms_id_seq; Type: SEQUENCE OWNED BY; Schema: public; Owner: postgres
--

ALTER SEQUENCE public.classrooms_mentors__mentors_classrooms_id_seq OWNED BY public.classrooms_mentors__mentors_classrooms.id;


--
-- Name: complexities; Type: TABLE; Schema: public; Owner: postgres
--

CREATE TABLE public.complexities (
    id integer NOT NULL,
    name character varying(255) NOT NULL,
    created_at timestamp with time zone DEFAULT CURRENT_TIMESTAMP,
    updated_at timestamp with time zone DEFAULT CURRENT_TIMESTAMP
);


ALTER TABLE public.complexities OWNER TO postgres;

--
-- Name: complexities_id_seq; Type: SEQUENCE; Schema: public; Owner: postgres
--

CREATE SEQUENCE public.complexities_id_seq
    START WITH 1
    INCREMENT BY 1
    NO MINVALUE
    NO MAXVALUE
    CACHE 1;


ALTER TABLE public.complexities_id_seq OWNER TO postgres;

--
-- Name: complexities_id_seq1; Type: SEQUENCE; Schema: public; Owner: postgres
--

CREATE SEQUENCE public.complexities_id_seq1
    AS integer
    START WITH 1
    INCREMENT BY 1
    NO MINVALUE
    NO MAXVALUE
    CACHE 1;


ALTER TABLE public.complexities_id_seq1 OWNER TO postgres;

--
-- Name: complexities_id_seq1; Type: SEQUENCE OWNED BY; Schema: public; Owner: postgres
--

ALTER SEQUENCE public.complexities_id_seq1 OWNED BY public.complexities.id;


--
-- Name: core_store; Type: TABLE; Schema: public; Owner: postgres
--

CREATE TABLE public.core_store (
    id integer NOT NULL,
    key character varying(255),
    value text,
    type character varying(255),
    environment character varying(255),
    tag character varying(255)
);


ALTER TABLE public.core_store OWNER TO postgres;

--
-- Name: core_store_id_seq; Type: SEQUENCE; Schema: public; Owner: postgres
--

CREATE SEQUENCE public.core_store_id_seq
    START WITH 1
    INCREMENT BY 1
    NO MINVALUE
    NO MAXVALUE
    CACHE 1;


ALTER TABLE public.core_store_id_seq OWNER TO postgres;

--
-- Name: core_store_id_seq1; Type: SEQUENCE; Schema: public; Owner: postgres
--

CREATE SEQUENCE public.core_store_id_seq1
    AS integer
    START WITH 1
    INCREMENT BY 1
    NO MINVALUE
    NO MAXVALUE
    CACHE 1;


ALTER TABLE public.core_store_id_seq1 OWNER TO postgres;

--
-- Name: core_store_id_seq1; Type: SEQUENCE OWNED BY; Schema: public; Owner: postgres
--

ALTER SEQUENCE public.core_store_id_seq1 OWNED BY public.core_store.id;


--
-- Name: difficulties; Type: TABLE; Schema: public; Owner: postgres
--

CREATE TABLE public.difficulties (
    id integer NOT NULL,
    name character varying(255),
    created_at timestamp with time zone DEFAULT CURRENT_TIMESTAMP,
    updated_at timestamp with time zone DEFAULT CURRENT_TIMESTAMP
);


ALTER TABLE public.difficulties OWNER TO postgres;

--
-- Name: difficulties_id_seq; Type: SEQUENCE; Schema: public; Owner: postgres
--

CREATE SEQUENCE public.difficulties_id_seq
    START WITH 1
    INCREMENT BY 1
    NO MINVALUE
    NO MAXVALUE
    CACHE 1;


ALTER TABLE public.difficulties_id_seq OWNER TO postgres;

--
-- Name: difficulties_id_seq1; Type: SEQUENCE; Schema: public; Owner: postgres
--

CREATE SEQUENCE public.difficulties_id_seq1
    AS integer
    START WITH 1
    INCREMENT BY 1
    NO MINVALUE
    NO MAXVALUE
    CACHE 1;


ALTER TABLE public.difficulties_id_seq1 OWNER TO postgres;

--
-- Name: difficulties_id_seq1; Type: SEQUENCE OWNED BY; Schema: public; Owner: postgres
--

ALTER SEQUENCE public.difficulties_id_seq1 OWNED BY public.difficulties.id;


--
-- Name: learning_categories; Type: TABLE; Schema: public; Owner: postgres
--

CREATE TABLE public.learning_categories (
    id integer NOT NULL,
    name character varying(255) NOT NULL,
    created_at timestamp with time zone DEFAULT CURRENT_TIMESTAMP,
    updated_at timestamp with time zone DEFAULT CURRENT_TIMESTAMP
);


ALTER TABLE public.learning_categories OWNER TO postgres;

--
-- Name: learning_categories_id_seq; Type: SEQUENCE; Schema: public; Owner: postgres
--

CREATE SEQUENCE public.learning_categories_id_seq
    START WITH 1
    INCREMENT BY 1
    NO MINVALUE
    NO MAXVALUE
    CACHE 1;


ALTER TABLE public.learning_categories_id_seq OWNER TO postgres;

--
-- Name: learning_categories_id_seq1; Type: SEQUENCE; Schema: public; Owner: postgres
--

CREATE SEQUENCE public.learning_categories_id_seq1
    AS integer
    START WITH 1
    INCREMENT BY 1
    NO MINVALUE
    NO MAXVALUE
    CACHE 1;


ALTER TABLE public.learning_categories_id_seq1 OWNER TO postgres;

--
-- Name: learning_categories_id_seq1; Type: SEQUENCE OWNED BY; Schema: public; Owner: postgres
--

ALTER SEQUENCE public.learning_categories_id_seq1 OWNED BY public.learning_categories.id;


--
-- Name: mentors; Type: TABLE; Schema: public; Owner: postgres
--

CREATE TABLE public.mentors (
    id integer NOT NULL,
    first_name character varying(255),
    last_name character varying(255),
    school integer,
    created_at timestamp with time zone DEFAULT CURRENT_TIMESTAMP,
    updated_at timestamp with time zone DEFAULT CURRENT_TIMESTAMP,
    "user" integer
);


ALTER TABLE public.mentors OWNER TO postgres;

--
-- Name: mentors_id_seq; Type: SEQUENCE; Schema: public; Owner: postgres
--

CREATE SEQUENCE public.mentors_id_seq
    AS integer
    START WITH 1
    INCREMENT BY 1
    NO MINVALUE
    NO MAXVALUE
    CACHE 1;


ALTER TABLE public.mentors_id_seq OWNER TO postgres;

--
-- Name: mentors_id_seq; Type: SEQUENCE OWNED BY; Schema: public; Owner: postgres
--

ALTER SEQUENCE public.mentors_id_seq OWNED BY public.mentors.id;


--
-- Name: models; Type: TABLE; Schema: public; Owner: postgres
--

CREATE TABLE public.models (
    id integer NOT NULL,
    name character varying(255),
    complexity integer,
    created_at timestamp with time zone DEFAULT CURRENT_TIMESTAMP,
    updated_at timestamp with time zone DEFAULT CURRENT_TIMESTAMP
);


ALTER TABLE public.models OWNER TO postgres;

--
-- Name: models_id_seq; Type: SEQUENCE; Schema: public; Owner: postgres
--

CREATE SEQUENCE public.models_id_seq
    START WITH 1
    INCREMENT BY 1
    NO MINVALUE
    NO MAXVALUE
    CACHE 1;


ALTER TABLE public.models_id_seq OWNER TO postgres;

--
-- Name: models_id_seq1; Type: SEQUENCE; Schema: public; Owner: postgres
--

CREATE SEQUENCE public.models_id_seq1
    AS integer
    START WITH 1
    INCREMENT BY 1
    NO MINVALUE
    NO MAXVALUE
    CACHE 1;


ALTER TABLE public.models_id_seq1 OWNER TO postgres;

--
-- Name: models_id_seq1; Type: SEQUENCE OWNED BY; Schema: public; Owner: postgres
--

ALTER SEQUENCE public.models_id_seq1 OWNED BY public.models.id;


--
-- Name: schools; Type: TABLE; Schema: public; Owner: postgres
--

CREATE TABLE public.schools (
    id integer NOT NULL,
    name character varying(255),
    county character varying(255),
    state character varying(255),
    created_at timestamp with time zone DEFAULT CURRENT_TIMESTAMP,
    updated_at timestamp with time zone DEFAULT CURRENT_TIMESTAMP
);


ALTER TABLE public.schools OWNER TO postgres;

--
-- Name: schools_id_seq; Type: SEQUENCE; Schema: public; Owner: postgres
--

CREATE SEQUENCE public.schools_id_seq
    AS integer
    START WITH 1
    INCREMENT BY 1
    NO MINVALUE
    NO MAXVALUE
    CACHE 1;


ALTER TABLE public.schools_id_seq OWNER TO postgres;

--
-- Name: schools_id_seq; Type: SEQUENCE OWNED BY; Schema: public; Owner: postgres
--

ALTER SEQUENCE public.schools_id_seq OWNED BY public.schools.id;


--
-- Name: sessions; Type: TABLE; Schema: public; Owner: postgres
--

CREATE TABLE public.sessions (
    id integer NOT NULL,
    name character varying(255),
    description character varying(255),
    activity integer,
    classroom integer,
    active boolean,
    code integer,
    created_at timestamp with time zone DEFAULT CURRENT_TIMESTAMP,
    updated_at timestamp with time zone DEFAULT CURRENT_TIMESTAMP
);


ALTER TABLE public.sessions OWNER TO postgres;

--
-- Name: sessions_id_seq; Type: SEQUENCE; Schema: public; Owner: postgres
--

CREATE SEQUENCE public.sessions_id_seq
    AS integer
    START WITH 1
    INCREMENT BY 1
    NO MINVALUE
    NO MAXVALUE
    CACHE 1;


ALTER TABLE public.sessions_id_seq OWNER TO postgres;

--
-- Name: sessions_id_seq; Type: SEQUENCE OWNED BY; Schema: public; Owner: postgres
--

ALTER SEQUENCE public.sessions_id_seq OWNED BY public.sessions.id;


--
-- Name: strapi_administrator; Type: TABLE; Schema: public; Owner: postgres
--

CREATE TABLE public.strapi_administrator (
    id integer NOT NULL,
    username character varying(255) NOT NULL,
    email character varying(255) NOT NULL,
    password character varying(255) NOT NULL,
    "resetPasswordToken" character varying(255),
    blocked boolean
);


ALTER TABLE public.strapi_administrator OWNER TO postgres;

--
-- Name: strapi_administrator_id_seq; Type: SEQUENCE; Schema: public; Owner: postgres
--

CREATE SEQUENCE public.strapi_administrator_id_seq
    START WITH 1
    INCREMENT BY 1
    NO MINVALUE
    NO MAXVALUE
    CACHE 1;


ALTER TABLE public.strapi_administrator_id_seq OWNER TO postgres;

--
-- Name: strapi_administrator_id_seq1; Type: SEQUENCE; Schema: public; Owner: postgres
--

CREATE SEQUENCE public.strapi_administrator_id_seq1
    AS integer
    START WITH 1
    INCREMENT BY 1
    NO MINVALUE
    NO MAXVALUE
    CACHE 1;


ALTER TABLE public.strapi_administrator_id_seq1 OWNER TO postgres;

--
-- Name: strapi_administrator_id_seq1; Type: SEQUENCE OWNED BY; Schema: public; Owner: postgres
--

ALTER SEQUENCE public.strapi_administrator_id_seq1 OWNED BY public.strapi_administrator.id;


--
-- Name: strapi_webhooks; Type: TABLE; Schema: public; Owner: postgres
--

CREATE TABLE public.strapi_webhooks (
    id integer NOT NULL,
    name character varying(255),
    url text,
    headers jsonb,
    events jsonb,
    enabled boolean
);


ALTER TABLE public.strapi_webhooks OWNER TO postgres;

--
-- Name: strapi_webhooks_id_seq; Type: SEQUENCE; Schema: public; Owner: postgres
--

CREATE SEQUENCE public.strapi_webhooks_id_seq
    START WITH 1
    INCREMENT BY 1
    NO MINVALUE
    NO MAXVALUE
    CACHE 1;


ALTER TABLE public.strapi_webhooks_id_seq OWNER TO postgres;

--
-- Name: strapi_webhooks_id_seq1; Type: SEQUENCE; Schema: public; Owner: postgres
--

CREATE SEQUENCE public.strapi_webhooks_id_seq1
    AS integer
    START WITH 1
    INCREMENT BY 1
    NO MINVALUE
    NO MAXVALUE
    CACHE 1;


ALTER TABLE public.strapi_webhooks_id_seq1 OWNER TO postgres;

--
-- Name: strapi_webhooks_id_seq1; Type: SEQUENCE OWNED BY; Schema: public; Owner: postgres
--

ALTER SEQUENCE public.strapi_webhooks_id_seq1 OWNED BY public.strapi_webhooks.id;


--
-- Name: students; Type: TABLE; Schema: public; Owner: postgres
--

CREATE TABLE public.students (
    id integer NOT NULL,
    name character varying(255),
    "character" character varying(255),
    classroom integer,
    created_at timestamp with time zone DEFAULT CURRENT_TIMESTAMP,
    updated_at timestamp with time zone DEFAULT CURRENT_TIMESTAMP
);


ALTER TABLE public.students OWNER TO postgres;

--
-- Name: students_id_seq; Type: SEQUENCE; Schema: public; Owner: postgres
--

CREATE SEQUENCE public.students_id_seq
    AS integer
    START WITH 1
    INCREMENT BY 1
    NO MINVALUE
    NO MAXVALUE
    CACHE 1;


ALTER TABLE public.students_id_seq OWNER TO postgres;

--
-- Name: students_id_seq; Type: SEQUENCE OWNED BY; Schema: public; Owner: postgres
--

ALTER SEQUENCE public.students_id_seq OWNED BY public.students.id;


--
-- Name: submissions; Type: TABLE; Schema: public; Owner: postgres
--

CREATE TABLE public.submissions (
    id integer NOT NULL,
    definition text,
    session integer,
    student integer,
    created_at timestamp with time zone DEFAULT CURRENT_TIMESTAMP,
    updated_at timestamp with time zone DEFAULT CURRENT_TIMESTAMP,
    status character varying(255),
    result text
);


ALTER TABLE public.submissions OWNER TO postgres;

--
-- Name: submissions_id_seq; Type: SEQUENCE; Schema: public; Owner: postgres
--

CREATE SEQUENCE public.submissions_id_seq
    AS integer
    START WITH 1
    INCREMENT BY 1
    NO MINVALUE
    NO MAXVALUE
    CACHE 1;


ALTER TABLE public.submissions_id_seq OWNER TO postgres;

--
-- Name: submissions_id_seq; Type: SEQUENCE OWNED BY; Schema: public; Owner: postgres
--

ALTER SEQUENCE public.submissions_id_seq OWNED BY public.submissions.id;


--
-- Name: topics; Type: TABLE; Schema: public; Owner: postgres
--

CREATE TABLE public.topics (
    id integer NOT NULL,
    name character varying(255) NOT NULL,
    description text NOT NULL,
    type integer,
    created_at timestamp with time zone DEFAULT CURRENT_TIMESTAMP,
    updated_at timestamp with time zone DEFAULT CURRENT_TIMESTAMP
);


ALTER TABLE public.topics OWNER TO postgres;

--
-- Name: topics_id_seq; Type: SEQUENCE; Schema: public; Owner: postgres
--

CREATE SEQUENCE public.topics_id_seq
    START WITH 1
    INCREMENT BY 1
    NO MINVALUE
    NO MAXVALUE
    CACHE 1;


ALTER TABLE public.topics_id_seq OWNER TO postgres;

--
-- Name: topics_id_seq1; Type: SEQUENCE; Schema: public; Owner: postgres
--

CREATE SEQUENCE public.topics_id_seq1
    AS integer
    START WITH 1
    INCREMENT BY 1
    NO MINVALUE
    NO MAXVALUE
    CACHE 1;


ALTER TABLE public.topics_id_seq1 OWNER TO postgres;

--
-- Name: topics_id_seq1; Type: SEQUENCE OWNED BY; Schema: public; Owner: postgres
--

ALTER SEQUENCE public.topics_id_seq1 OWNED BY public.topics.id;


--
-- Name: types; Type: TABLE; Schema: public; Owner: postgres
--

CREATE TABLE public.types (
    id integer NOT NULL,
    name character varying(255) NOT NULL,
    created_at timestamp with time zone DEFAULT CURRENT_TIMESTAMP,
    updated_at timestamp with time zone DEFAULT CURRENT_TIMESTAMP
);


ALTER TABLE public.types OWNER TO postgres;

--
-- Name: types_id_seq; Type: SEQUENCE; Schema: public; Owner: postgres
--

CREATE SEQUENCE public.types_id_seq
    START WITH 1
    INCREMENT BY 1
    NO MINVALUE
    NO MAXVALUE
    CACHE 1;


ALTER TABLE public.types_id_seq OWNER TO postgres;

--
-- Name: types_id_seq1; Type: SEQUENCE; Schema: public; Owner: postgres
--

CREATE SEQUENCE public.types_id_seq1
    AS integer
    START WITH 1
    INCREMENT BY 1
    NO MINVALUE
    NO MAXVALUE
    CACHE 1;


ALTER TABLE public.types_id_seq1 OWNER TO postgres;

--
-- Name: types_id_seq1; Type: SEQUENCE OWNED BY; Schema: public; Owner: postgres
--

ALTER SEQUENCE public.types_id_seq1 OWNED BY public.types.id;


--
-- Name: upload_file; Type: TABLE; Schema: public; Owner: postgres
--

CREATE TABLE public.upload_file (
    id integer NOT NULL,
    name character varying(255) NOT NULL,
    "alternativeText" character varying(255),
    caption character varying(255),
    width integer,
    height integer,
    formats jsonb,
    hash character varying(255) NOT NULL,
    ext character varying(255),
    mime character varying(255) NOT NULL,
    size numeric(10,2) NOT NULL,
    url character varying(255) NOT NULL,
    "previewUrl" character varying(255),
    provider character varying(255) NOT NULL,
    provider_metadata jsonb,
    created_at timestamp with time zone DEFAULT CURRENT_TIMESTAMP,
    updated_at timestamp with time zone DEFAULT CURRENT_TIMESTAMP
);


ALTER TABLE public.upload_file OWNER TO postgres;

--
-- Name: upload_file_id_seq; Type: SEQUENCE; Schema: public; Owner: postgres
--

CREATE SEQUENCE public.upload_file_id_seq
    START WITH 1
    INCREMENT BY 1
    NO MINVALUE
    NO MAXVALUE
    CACHE 1;


ALTER TABLE public.upload_file_id_seq OWNER TO postgres;

--
-- Name: upload_file_id_seq1; Type: SEQUENCE; Schema: public; Owner: postgres
--

CREATE SEQUENCE public.upload_file_id_seq1
    AS integer
    START WITH 1
    INCREMENT BY 1
    NO MINVALUE
    NO MAXVALUE
    CACHE 1;


ALTER TABLE public.upload_file_id_seq1 OWNER TO postgres;

--
-- Name: upload_file_id_seq1; Type: SEQUENCE OWNED BY; Schema: public; Owner: postgres
--

ALTER SEQUENCE public.upload_file_id_seq1 OWNED BY public.upload_file.id;


--
-- Name: upload_file_morph; Type: TABLE; Schema: public; Owner: postgres
--

CREATE TABLE public.upload_file_morph (
    id integer NOT NULL,
    upload_file_id integer,
    related_id integer,
    related_type text,
    field text,
    "order" integer
);


ALTER TABLE public.upload_file_morph OWNER TO postgres;

--
-- Name: upload_file_morph_id_seq; Type: SEQUENCE; Schema: public; Owner: postgres
--

CREATE SEQUENCE public.upload_file_morph_id_seq
    START WITH 1
    INCREMENT BY 1
    NO MINVALUE
    NO MAXVALUE
    CACHE 1;


ALTER TABLE public.upload_file_morph_id_seq OWNER TO postgres;

--
-- Name: upload_file_morph_id_seq1; Type: SEQUENCE; Schema: public; Owner: postgres
--

CREATE SEQUENCE public.upload_file_morph_id_seq1
    AS integer
    START WITH 1
    INCREMENT BY 1
    NO MINVALUE
    NO MAXVALUE
    CACHE 1;


ALTER TABLE public.upload_file_morph_id_seq1 OWNER TO postgres;

--
-- Name: upload_file_morph_id_seq1; Type: SEQUENCE OWNED BY; Schema: public; Owner: postgres
--

ALTER SEQUENCE public.upload_file_morph_id_seq1 OWNED BY public.upload_file_morph.id;


--
-- Name: users-permissions_permission; Type: TABLE; Schema: public; Owner: postgres
--

CREATE TABLE public."users-permissions_permission" (
    id integer NOT NULL,
    type character varying(255) NOT NULL,
    controller character varying(255) NOT NULL,
    action character varying(255) NOT NULL,
    enabled boolean NOT NULL,
    policy character varying(255),
    role integer
);


ALTER TABLE public."users-permissions_permission" OWNER TO postgres;

--
-- Name: users-permissions_permission_id_seq; Type: SEQUENCE; Schema: public; Owner: postgres
--

CREATE SEQUENCE public."users-permissions_permission_id_seq"
    AS integer
    START WITH 1
    INCREMENT BY 1
    NO MINVALUE
    NO MAXVALUE
    CACHE 1;


ALTER TABLE public."users-permissions_permission_id_seq" OWNER TO postgres;

--
-- Name: users-permissions_permission_id_seq; Type: SEQUENCE OWNED BY; Schema: public; Owner: postgres
--

ALTER SEQUENCE public."users-permissions_permission_id_seq" OWNED BY public."users-permissions_permission".id;


--
-- Name: users-permissions_permission_id_seq1; Type: SEQUENCE; Schema: public; Owner: postgres
--

CREATE SEQUENCE public."users-permissions_permission_id_seq1"
    START WITH 1
    INCREMENT BY 1
    NO MINVALUE
    NO MAXVALUE
    CACHE 1;


ALTER TABLE public."users-permissions_permission_id_seq1" OWNER TO postgres;

--
-- Name: users-permissions_role; Type: TABLE; Schema: public; Owner: postgres
--

CREATE TABLE public."users-permissions_role" (
    id integer NOT NULL,
    name character varying(255) NOT NULL,
    description character varying(255),
    type character varying(255)
);


ALTER TABLE public."users-permissions_role" OWNER TO postgres;

--
-- Name: users-permissions_role_id_seq; Type: SEQUENCE; Schema: public; Owner: postgres
--

CREATE SEQUENCE public."users-permissions_role_id_seq"
    START WITH 1
    INCREMENT BY 1
    NO MINVALUE
    NO MAXVALUE
    CACHE 1;


ALTER TABLE public."users-permissions_role_id_seq" OWNER TO postgres;

--
-- Name: users-permissions_role_id_seq1; Type: SEQUENCE; Schema: public; Owner: postgres
--

CREATE SEQUENCE public."users-permissions_role_id_seq1"
    AS integer
    START WITH 1
    INCREMENT BY 1
    NO MINVALUE
    NO MAXVALUE
    CACHE 1;


ALTER TABLE public."users-permissions_role_id_seq1" OWNER TO postgres;

--
-- Name: users-permissions_role_id_seq1; Type: SEQUENCE OWNED BY; Schema: public; Owner: postgres
--

ALTER SEQUENCE public."users-permissions_role_id_seq1" OWNED BY public."users-permissions_role".id;


--
-- Name: users-permissions_user; Type: TABLE; Schema: public; Owner: postgres
--

CREATE TABLE public."users-permissions_user" (
    id integer NOT NULL,
    username character varying(255) NOT NULL,
    email character varying(255) NOT NULL,
    provider character varying(255),
    password character varying(255),
    "resetPasswordToken" character varying(255),
    confirmed boolean,
    blocked boolean,
    role integer,
    created_at timestamp with time zone DEFAULT CURRENT_TIMESTAMP,
    updated_at timestamp with time zone DEFAULT CURRENT_TIMESTAMP
);


ALTER TABLE public."users-permissions_user" OWNER TO postgres;

--
-- Name: users-permissions_user_id_seq; Type: SEQUENCE; Schema: public; Owner: postgres
--

CREATE SEQUENCE public."users-permissions_user_id_seq"
    START WITH 1
    INCREMENT BY 1
    NO MINVALUE
    NO MAXVALUE
    CACHE 1;


ALTER TABLE public."users-permissions_user_id_seq" OWNER TO postgres;

--
-- Name: users-permissions_user_id_seq1; Type: SEQUENCE; Schema: public; Owner: postgres
--

CREATE SEQUENCE public."users-permissions_user_id_seq1"
    AS integer
    START WITH 1
    INCREMENT BY 1
    NO MINVALUE
    NO MAXVALUE
    CACHE 1;


ALTER TABLE public."users-permissions_user_id_seq1" OWNER TO postgres;

--
-- Name: users-permissions_user_id_seq1; Type: SEQUENCE OWNED BY; Schema: public; Owner: postgres
--

ALTER SEQUENCE public."users-permissions_user_id_seq1" OWNED BY public."users-permissions_user".id;


--
-- Name: activities id; Type: DEFAULT; Schema: public; Owner: postgres
--

ALTER TABLE ONLY public.activities ALTER COLUMN id SET DEFAULT nextval('public.activities_id_seq1'::regclass);


--
-- Name: activities__blocks id; Type: DEFAULT; Schema: public; Owner: postgres
--

ALTER TABLE ONLY public.activities__blocks ALTER COLUMN id SET DEFAULT nextval('public.activities__blocks_id_seq1'::regclass);


--
-- Name: activities__models id; Type: DEFAULT; Schema: public; Owner: postgres
--

ALTER TABLE ONLY public.activities__models ALTER COLUMN id SET DEFAULT nextval('public.activities__models_id_seq1'::regclass);


--
-- Name: blocks id; Type: DEFAULT; Schema: public; Owner: postgres
--

ALTER TABLE ONLY public.blocks ALTER COLUMN id SET DEFAULT nextval('public.blocks_id_seq1'::regclass);


--
-- Name: blocks_categories id; Type: DEFAULT; Schema: public; Owner: postgres
--

ALTER TABLE ONLY public.blocks_categories ALTER COLUMN id SET DEFAULT nextval('public.blocks_categories_id_seq1'::regclass);


--
-- Name: classrooms id; Type: DEFAULT; Schema: public; Owner: postgres
--

ALTER TABLE ONLY public.classrooms ALTER COLUMN id SET DEFAULT nextval('public.classrooms_id_seq'::regclass);


--
-- Name: classrooms_mentors__mentors_classrooms id; Type: DEFAULT; Schema: public; Owner: postgres
--

ALTER TABLE ONLY public.classrooms_mentors__mentors_classrooms ALTER COLUMN id SET DEFAULT nextval('public.classrooms_mentors__mentors_classrooms_id_seq'::regclass);


--
-- Name: complexities id; Type: DEFAULT; Schema: public; Owner: postgres
--

ALTER TABLE ONLY public.complexities ALTER COLUMN id SET DEFAULT nextval('public.complexities_id_seq1'::regclass);


--
-- Name: core_store id; Type: DEFAULT; Schema: public; Owner: postgres
--

ALTER TABLE ONLY public.core_store ALTER COLUMN id SET DEFAULT nextval('public.core_store_id_seq1'::regclass);


--
-- Name: difficulties id; Type: DEFAULT; Schema: public; Owner: postgres
--

ALTER TABLE ONLY public.difficulties ALTER COLUMN id SET DEFAULT nextval('public.difficulties_id_seq1'::regclass);


--
-- Name: learning_categories id; Type: DEFAULT; Schema: public; Owner: postgres
--

ALTER TABLE ONLY public.learning_categories ALTER COLUMN id SET DEFAULT nextval('public.learning_categories_id_seq1'::regclass);


--
-- Name: mentors id; Type: DEFAULT; Schema: public; Owner: postgres
--

ALTER TABLE ONLY public.mentors ALTER COLUMN id SET DEFAULT nextval('public.mentors_id_seq'::regclass);


--
-- Name: models id; Type: DEFAULT; Schema: public; Owner: postgres
--

ALTER TABLE ONLY public.models ALTER COLUMN id SET DEFAULT nextval('public.models_id_seq1'::regclass);


--
-- Name: schools id; Type: DEFAULT; Schema: public; Owner: postgres
--

ALTER TABLE ONLY public.schools ALTER COLUMN id SET DEFAULT nextval('public.schools_id_seq'::regclass);


--
-- Name: sessions id; Type: DEFAULT; Schema: public; Owner: postgres
--

ALTER TABLE ONLY public.sessions ALTER COLUMN id SET DEFAULT nextval('public.sessions_id_seq'::regclass);


--
-- Name: strapi_administrator id; Type: DEFAULT; Schema: public; Owner: postgres
--

ALTER TABLE ONLY public.strapi_administrator ALTER COLUMN id SET DEFAULT nextval('public.strapi_administrator_id_seq1'::regclass);


--
-- Name: strapi_webhooks id; Type: DEFAULT; Schema: public; Owner: postgres
--

ALTER TABLE ONLY public.strapi_webhooks ALTER COLUMN id SET DEFAULT nextval('public.strapi_webhooks_id_seq1'::regclass);


--
-- Name: students id; Type: DEFAULT; Schema: public; Owner: postgres
--

ALTER TABLE ONLY public.students ALTER COLUMN id SET DEFAULT nextval('public.students_id_seq'::regclass);


--
-- Name: submissions id; Type: DEFAULT; Schema: public; Owner: postgres
--

ALTER TABLE ONLY public.submissions ALTER COLUMN id SET DEFAULT nextval('public.submissions_id_seq'::regclass);


--
-- Name: topics id; Type: DEFAULT; Schema: public; Owner: postgres
--

ALTER TABLE ONLY public.topics ALTER COLUMN id SET DEFAULT nextval('public.topics_id_seq1'::regclass);


--
-- Name: types id; Type: DEFAULT; Schema: public; Owner: postgres
--

ALTER TABLE ONLY public.types ALTER COLUMN id SET DEFAULT nextval('public.types_id_seq1'::regclass);


--
-- Name: upload_file id; Type: DEFAULT; Schema: public; Owner: postgres
--

ALTER TABLE ONLY public.upload_file ALTER COLUMN id SET DEFAULT nextval('public.upload_file_id_seq1'::regclass);


--
-- Name: upload_file_morph id; Type: DEFAULT; Schema: public; Owner: postgres
--

ALTER TABLE ONLY public.upload_file_morph ALTER COLUMN id SET DEFAULT nextval('public.upload_file_morph_id_seq1'::regclass);


--
-- Name: users-permissions_permission id; Type: DEFAULT; Schema: public; Owner: postgres
--

ALTER TABLE ONLY public."users-permissions_permission" ALTER COLUMN id SET DEFAULT nextval('public."users-permissions_permission_id_seq"'::regclass);


--
-- Name: users-permissions_role id; Type: DEFAULT; Schema: public; Owner: postgres
--

ALTER TABLE ONLY public."users-permissions_role" ALTER COLUMN id SET DEFAULT nextval('public."users-permissions_role_id_seq1"'::regclass);


--
-- Name: users-permissions_user id; Type: DEFAULT; Schema: public; Owner: postgres
--

ALTER TABLE ONLY public."users-permissions_user" ALTER COLUMN id SET DEFAULT nextval('public."users-permissions_user_id_seq1"'::regclass);


--
-- Data for Name: activities; Type: TABLE DATA; Schema: public; Owner: postgres
--

COPY public.activities (id, name, description, difficulty, learning_category, template, topic, created_at, updated_at) FROM stdin;
3	Activity #2	In this activity the template blocks loaded are movable but cannot be deleted.	2	1	<xml xmlns="http://www.w3.org/1999/xhtml"><block type="controls_whileUntil" id="x?aQ2Ij%NKm^R;h7NbAM" x="236" y="69" deletable="false"><field name="MODE">WHILE</field></block><block type="controls_whileUntil" id="7=(cY}#G8;84zSH9X=#i" x="271" y="141" deletable="false"><field name="MODE">WHILE</field></block></xml>	2	2020-06-09 15:44:19.767+00	2020-06-22 19:19:10.478+00
4	Activity #3	In this activity the block choices are more limited and the top two blocks in the template are unmovable and cannot be deleted.	2	2	<xml xmlns="http://www.w3.org/1999/xhtml"><block type="controls_whileUntil" id="x?aQ2Ij%NKm^R;h7NbAM" x="236" y="69" movable="false" deletable="false"><field name="MODE">WHILE</field></block><block type="controls_whileUntil" id="7=(cY}#G8;84zSH9X=#i" x="271" y="141" movable="false" deletable="false"><field name="MODE">WHILE</field></block><block type="controls_whileUntil" id="uj{@9b/q91[a:2^ly:lY" x="63" y="299"><field name="MODE">WHILE</field><value name="BOOL"><block type="logic_operation" id="@W=*0sqKJGcgmtsd=j~s"><field name="OP">AND</field></block></value><statement name="DO"><block type="controls_whileUntil" id="d|H1x_G.U;ur~u*rF[zc"><field name="MODE">WHILE</field><next><block type="controls_whileUntil" id=")izrBE5{UA_p7te9rbyk"><field name="MODE">WHILE</field></block></next></block></statement><next><block type="controls_whileUntil" id="KOD|kndDb2JKaRXac6LQ"><field name="MODE">WHILE</field></block></next></block></xml>	2	2020-06-09 15:44:57.862+00	2020-06-22 19:19:10.478+00
1	Activity #1	This is the first activity, meant to show off two of the categories in the toolbox.	2	1	<xml xmlns="http://www.w3.org/1999/xhtml"><block type="controls_whileUntil" id="x?aQ2Ij%NKm^R;h7NbAM" x="236" y="69"><field name="MODE">WHILE</field></block><block type="controls_whileUntil" id="7=(cY}#G8;84zSH9X=#i" x="271" y="141"><field name="MODE">WHILE</field></block></xml>	1	2020-03-31 15:56:45+00	2020-06-22 19:19:13.198+00
2	Flash Test 	This is meant to allow us to quickly test flashing pin 12 on.	3	1	<xml xmlns="http://www.w3.org/1999/xhtml"><block type="io_digitalwrite" id="#(7a%k`RBqrSE}Ge8rxh" x="408" y="182"><field name="PIN">12</field><value name="STATE"><block type="io_highlow" id="hcg{srG~Iz!4j8YhjV(H"><field name="STATE">HIGH</field></block></value></block></xml>	1	2020-06-09 15:41:36.955+00	2020-06-22 19:19:13.198+00
\.


--
-- Data for Name: activities__blocks; Type: TABLE DATA; Schema: public; Owner: postgres
--

COPY public.activities__blocks (id, activity_id, block_id) FROM stdin;
15	1	1
16	1	3
23	2	35
24	2	39
25	3	2
26	3	3
27	3	4
28	3	5
29	3	27
30	3	28
31	3	35
32	3	39
33	4	3
34	4	5
35	4	6
37	1	27
\.


--
-- Data for Name: activities__models; Type: TABLE DATA; Schema: public; Owner: postgres
--

COPY public.activities__models (id, activity_id, model_id) FROM stdin;
\.


--
-- Data for Name: blocks; Type: TABLE DATA; Schema: public; Owner: postgres
--

COPY public.blocks (id, name, description, blocks_category, created_at, updated_at) FROM stdin;
1	controls_if	\N	2	2020-05-13 09:20:13+00	2020-06-01 02:02:08.033+00
2	controls_whileUntil	\N	2	2020-05-13 09:20:23+00	2020-06-01 02:02:20.206+00
3	controls_for	\N	2	2020-05-13 09:20:29+00	2020-06-01 02:01:57.774+00
4	logic_compare	\N	1	2020-05-13 09:20:35+00	2020-06-01 02:03:24.001+00
5	logic_operation	\N	1	2020-05-13 09:20:44+00	2020-06-01 02:03:32.985+00
6	logic_boolean	\N	1	2020-05-13 09:20:50+00	2020-06-01 02:03:17.717+00
7	logic_negate	\N	1	2020-05-13 10:42:01+00	2020-06-01 02:03:26.94+00
8	logic_null	\N	1	2020-05-13 10:42:30+00	2020-06-01 02:03:30.198+00
9	logic_ternary	\N	1	2020-05-13 10:42:40+00	2020-06-01 02:03:37.321+00
10	controls_repeat	\N	2	2020-05-13 10:43:03+00	2020-06-01 02:02:17.025+00
11	contorls_repeat_ext	\N	2	2020-05-13 10:43:16+00	2020-06-01 02:01:50.593+00
12	controls_forEach	\N	2	2020-05-13 10:43:42+00	2020-06-01 02:02:01.04+00
13	controls_flow_statements	\N	2	2020-05-13 10:43:57+00	2020-06-01 02:01:54.462+00
14	math_number	\N	3	2020-05-13 10:44:13+00	2020-05-13 10:44:13+00
15	math_arithmetic	\N	3	2020-05-13 10:44:20+00	2020-05-13 10:44:20+00
16	math_single	\N	3	2020-05-13 10:44:28+00	2020-05-13 10:44:28+00
17	math_trig	\N	3	2020-05-13 10:44:34+00	2020-05-13 10:44:34+00
18	math_constant	\N	3	2020-05-13 10:44:41+00	2020-05-13 10:44:41+00
19	math_number_property	\N	3	2020-05-13 10:44:56+00	2020-05-13 10:44:56+00
20	math_change	\N	3	2020-05-13 10:45:09+00	2020-05-13 10:45:09+00
21	math_round	\N	3	2020-05-13 10:45:17+00	2020-05-13 10:45:17+00
22	math_on_list	\N	3	2020-05-13 10:45:25+00	2020-05-13 10:45:25+00
23	math_modulo	\N	3	2020-05-13 10:45:34+00	2020-05-13 10:45:34+00
24	math_constrain	\N	3	2020-05-13 10:45:42+00	2020-05-13 10:45:42+00
25	math_random_int	\N	3	2020-05-13 10:45:57+00	2020-05-13 10:45:57+00
26	math_random_float	\N	3	2020-05-13 10:46:05+00	2020-05-13 10:46:05+00
27	text	\N	4	2020-05-13 10:46:15+00	2020-05-13 10:46:15+00
28	text_append	\N	4	2020-05-13 10:46:34+00	2020-05-13 10:46:34+00
29	text_length	\N	4	2020-05-13 10:46:40+00	2020-05-13 10:46:40+00
30	text_isEmpty	\N	4	2020-05-13 10:46:46+00	2020-05-13 10:46:46+00
31	text_charAt	\N	4	2020-05-13 10:46:55+00	2020-05-13 10:46:55+00
32	text_getSubstring	\N	4	2020-05-13 10:47:04+00	2020-05-13 10:47:04+00
33	variables_get	\N	5	2020-05-13 10:47:20+00	2020-05-13 10:47:20+00
34	variables_set	\N	5	2020-05-13 10:47:24+00	2020-05-13 10:47:24+00
35	io_digitalwrite	\N	6	2020-05-13 10:50:27+00	2020-06-01 02:03:02.099+00
36	io_digitalread	\N	6	2020-05-13 10:50:36+00	2020-06-01 02:02:58.769+00
37	io_analogwrite	\N	6	2020-05-13 10:50:43+00	2020-06-01 02:02:54.495+00
38	io_analogread	\N	6	2020-05-13 10:50:49+00	2020-06-01 02:02:47.203+00
39	io_highlow	\N	6	2020-05-13 10:51:03+00	2020-06-01 02:03:06.045+00
\.


--
-- Data for Name: blocks_categories; Type: TABLE DATA; Schema: public; Owner: postgres
--

COPY public.blocks_categories (id, name, created_at, updated_at) FROM stdin;
1	Logic	2020-03-31 15:59:12+00	2020-05-13 09:41:43+00
2	Control	2020-05-13 09:21:59+00	2020-05-13 09:41:35+00
3	Math	2020-05-13 10:51:16+00	2020-05-13 10:51:16+00
4	Text	2020-05-13 10:52:16+00	2020-05-13 10:52:16+00
5	Variables	2020-05-13 10:52:37+00	2020-05-13 10:52:37+00
6	IO	2020-05-13 10:53:08+00	2020-05-13 10:58:21+00
\.


--
-- Data for Name: classrooms; Type: TABLE DATA; Schema: public; Owner: postgres
--

COPY public.classrooms (id, name, teacher, school, created_at, updated_at) FROM stdin;
1	My Science Classroom	Mr. Ionata	1	2020-06-22 22:39:02.503+00	2020-06-22 22:39:28.505+00
\.


--
-- Data for Name: classrooms_mentors__mentors_classrooms; Type: TABLE DATA; Schema: public; Owner: postgres
--

COPY public.classrooms_mentors__mentors_classrooms (id, mentor_id, classroom_id) FROM stdin;
1	1	1
\.


--
-- Data for Name: complexities; Type: TABLE DATA; Schema: public; Owner: postgres
--

COPY public.complexities (id, name, created_at, updated_at) FROM stdin;
1	ABSTRACT	2020-04-14 19:15:29+00	2020-04-14 19:15:29+00
2	MAKER	2020-04-14 19:15:32+00	2020-04-14 19:15:32+00
3	REAL	2020-04-14 19:15:38+00	2020-04-14 19:15:38+00
\.


--
-- Data for Name: core_store; Type: TABLE DATA; Schema: public; Owner: postgres
--

COPY public.core_store (id, key, value, type, environment, tag) FROM stdin;
1	db_model_blocks	{"name":{"type":"string","required":true,"unique":true},"description":{"type":"text"},"blocks_category":{"via":"blocks","model":"blocks-category"},"created_at":{"type":"currentTimestamp"},"updated_at":{"type":"currentTimestamp"}}	object	\N	\N
2	db_model_core_store	{"key":{"type":"string"},"value":{"type":"text"},"type":{"type":"string"},"environment":{"type":"string"},"tag":{"type":"string"}}	object	\N	\N
3	db_model_strapi_webhooks	{"name":{"type":"string"},"url":{"type":"text"},"headers":{"type":"json"},"events":{"type":"json"},"enabled":{"type":"boolean"}}	object	\N	\N
4	db_model_learning_categories	{"name":{"type":"string","required":true,"unique":true},"created_at":{"type":"currentTimestamp"},"updated_at":{"type":"currentTimestamp"}}	object	\N	\N
5	db_model_types	{"name":{"type":"string","unique":true,"required":true},"created_at":{"type":"currentTimestamp"},"updated_at":{"type":"currentTimestamp"}}	object	\N	\N
6	db_model_difficulties	{"name":{"type":"string"},"created_at":{"type":"currentTimestamp"},"updated_at":{"type":"currentTimestamp"}}	object	\N	\N
7	db_model_strapi_administrator	{"username":{"type":"string","minLength":3,"unique":true,"configurable":false,"required":true},"email":{"type":"email","minLength":6,"configurable":false,"required":true},"password":{"type":"password","minLength":6,"configurable":false,"private":true,"required":true},"resetPasswordToken":{"type":"string","configurable":false,"private":true},"blocked":{"type":"boolean","default":false,"configurable":false}}	object	\N	\N
8	db_model_users-permissions_permission	{"type":{"type":"string","required":true,"configurable":false},"controller":{"type":"string","required":true,"configurable":false},"action":{"type":"string","required":true,"configurable":false},"enabled":{"type":"boolean","required":true,"configurable":false},"policy":{"type":"string","configurable":false},"role":{"model":"role","via":"permissions","plugin":"users-permissions","configurable":false}}	object	\N	\N
9	db_model_activities	{"name":{"type":"string","required":true},"description":{"type":"text"},"difficulty":{"model":"difficulty"},"models":{"collection":"model","attribute":"model","column":"id","isVirtual":true},"learning_category":{"model":"learning-category"},"blocks":{"collection":"block","attribute":"block","column":"id","isVirtual":true},"template":{"type":"text"},"topic":{"via":"activities","model":"topic"},"created_at":{"type":"currentTimestamp"},"updated_at":{"type":"currentTimestamp"}}	object	\N	\N
10	db_model_topics	{"name":{"type":"string","required":true,"unique":true},"description":{"type":"text","unique":false,"required":true},"type":{"model":"type"},"activities":{"collection":"activity","via":"topic","isVirtual":true},"created_at":{"type":"currentTimestamp"},"updated_at":{"type":"currentTimestamp"}}	object	\N	\N
11	db_model_users-permissions_role	{"name":{"type":"string","minLength":3,"required":true,"configurable":false},"description":{"type":"string","configurable":false},"type":{"type":"string","unique":true,"configurable":false},"permissions":{"collection":"permission","via":"role","plugin":"users-permissions","configurable":false,"isVirtual":true},"users":{"collection":"user","via":"role","configurable":false,"plugin":"users-permissions","isVirtual":true}}	object	\N	\N
12	db_model_complexities	{"name":{"type":"string","required":true,"unique":true},"created_at":{"type":"currentTimestamp"},"updated_at":{"type":"currentTimestamp"}}	object	\N	\N
13	db_model_upload_file	{"name":{"type":"string","configurable":false,"required":true},"alternativeText":{"type":"string","configurable":false},"caption":{"type":"string","configurable":false},"width":{"type":"integer","configurable":false},"height":{"type":"integer","configurable":false},"formats":{"type":"json","configurable":false},"hash":{"type":"string","configurable":false,"required":true},"ext":{"type":"string","configurable":false},"mime":{"type":"string","configurable":false,"required":true},"size":{"type":"decimal","configurable":false,"required":true},"url":{"type":"string","configurable":false,"required":true},"previewUrl":{"type":"string","configurable":false},"provider":{"type":"string","configurable":false,"required":true},"provider_metadata":{"type":"json","configurable":false},"related":{"collection":"*","filter":"field","configurable":false},"created_at":{"type":"currentTimestamp"},"updated_at":{"type":"currentTimestamp"}}	object	\N	\N
14	db_model_users-permissions_user	{"username":{"type":"string","minLength":3,"unique":true,"configurable":false,"required":true},"email":{"type":"email","minLength":6,"configurable":false,"required":true},"provider":{"type":"string","configurable":false},"password":{"type":"password","minLength":6,"configurable":false,"private":true},"resetPasswordToken":{"type":"string","configurable":false,"private":true},"confirmed":{"type":"boolean","default":false,"configurable":false},"blocked":{"type":"boolean","default":false,"configurable":false},"role":{"model":"role","via":"users","plugin":"users-permissions","configurable":false},"created_at":{"type":"currentTimestamp"},"updated_at":{"type":"currentTimestamp"}}	object	\N	\N
15	db_model_blocks_categories	{"name":{"type":"string"},"blocks":{"collection":"block","via":"blocks_category","isVirtual":true},"created_at":{"type":"currentTimestamp"},"updated_at":{"type":"currentTimestamp"}}	object	\N	\N
16	db_model_models	{"name":{"type":"string"},"representation":{"model":"file","via":"related","plugin":"upload","required":false},"complexity":{"model":"complexity"},"created_at":{"type":"currentTimestamp"},"updated_at":{"type":"currentTimestamp"}}	object	\N	\N
17	db_model_activities__models	{"activity_id":{"type":"integer"},"model_id":{"type":"integer"}}	object	\N	\N
18	db_model_upload_file_morph	{"upload_file_id":{"type":"integer"},"related_id":{"type":"integer"},"related_type":{"type":"text"},"field":{"type":"text"},"order":{"type":"integer"}}	object	\N	\N
19	db_model_activities__blocks	{"activity_id":{"type":"integer"},"block_id":{"type":"integer"}}	object	\N	\N
20	plugin_users-permissions_grant	{"email":{"enabled":true,"icon":"envelope"},"discord":{"enabled":false,"icon":"discord","key":"","secret":"","callback":"/auth/discord/callback","scope":["identify","email"]},"facebook":{"enabled":false,"icon":"facebook-square","key":"","secret":"","callback":"/auth/facebook/callback","scope":["email"]},"google":{"enabled":false,"icon":"google","key":"","secret":"","callback":"/auth/google/callback","scope":["email"]},"github":{"enabled":false,"icon":"github","key":"","secret":"","callback":"/auth/github/callback","scope":["user","user:email"]},"microsoft":{"enabled":false,"icon":"windows","key":"","secret":"","callback":"/auth/microsoft/callback","scope":["user.read"]},"twitter":{"enabled":false,"icon":"twitter","key":"","secret":"","callback":"/auth/twitter/callback"},"instagram":{"enabled":false,"icon":"instagram","key":"","secret":"","callback":"/auth/instagram/callback"},"vk":{"enabled":false,"icon":"vk","key":"","secret":"","callback":"/auth/vk/callback","scope":["email"]},"twitch":{"enabled":false,"icon":"twitch","key":"","secret":"","callback":"/auth/twitch/callback","scope":["user:read:email"]}}	object		
21	plugin_upload_settings	{"sizeOptimization":true,"responsiveDimensions":true}	object	development	
23	plugin_content_manager_configuration_content_types::application::block.block	{"uid":"application::block.block","settings":{"bulkable":true,"filterable":true,"searchable":true,"pageSize":10,"mainField":"name","defaultSortBy":"name","defaultSortOrder":"ASC"},"metadatas":{"id":{"edit":{},"list":{"label":"Id","searchable":true,"sortable":true}},"name":{"edit":{"label":"Name","description":"","placeholder":"","visible":true,"editable":true},"list":{"label":"Name","searchable":true,"sortable":true}},"description":{"edit":{"label":"Description","description":"","placeholder":"","visible":true,"editable":true},"list":{"label":"Description","searchable":true,"sortable":true}},"blocks_category":{"edit":{"label":"Blocks_category","description":"","placeholder":"","visible":true,"editable":true,"mainField":"name"},"list":{"label":"Blocks_category","searchable":false,"sortable":false}},"created_at":{"edit":{"label":"Created_at","description":"","placeholder":"","visible":false,"editable":true},"list":{"label":"Created_at","searchable":true,"sortable":true}},"updated_at":{"edit":{"label":"Updated_at","description":"","placeholder":"","visible":false,"editable":true},"list":{"label":"Updated_at","searchable":true,"sortable":true}}},"layouts":{"list":["id","name","description","created_at"],"editRelations":["blocks_category"],"edit":[[{"name":"name","size":6},{"name":"description","size":6}]]}}	object		
22	plugin_content_manager_configuration_content_types::application::activity.activity	{"uid":"application::activity.activity","settings":{"bulkable":true,"filterable":true,"searchable":true,"pageSize":10,"mainField":"name","defaultSortBy":"name","defaultSortOrder":"ASC"},"metadatas":{"id":{"edit":{},"list":{"label":"Id","searchable":true,"sortable":true}},"name":{"edit":{"label":"Name","description":"","placeholder":"","visible":true,"editable":true},"list":{"label":"Name","searchable":true,"sortable":true}},"description":{"edit":{"label":"Description","description":"","placeholder":"","visible":true,"editable":true},"list":{"label":"Description","searchable":true,"sortable":true}},"difficulty":{"edit":{"label":"Difficulty","description":"","placeholder":"","visible":true,"editable":true,"mainField":"name"},"list":{"label":"Difficulty","searchable":false,"sortable":false}},"models":{"edit":{"label":"Models","description":"","placeholder":"","visible":true,"editable":true,"mainField":"name"},"list":{"label":"Models","searchable":false,"sortable":false}},"learning_category":{"edit":{"label":"Learning_category","description":"","placeholder":"","visible":true,"editable":true,"mainField":"name"},"list":{"label":"Learning_category","searchable":false,"sortable":false}},"blocks":{"edit":{"label":"Blocks","description":"","placeholder":"","visible":true,"editable":true,"mainField":"name"},"list":{"label":"Blocks","searchable":false,"sortable":false}},"template":{"edit":{"label":"Template","description":"","placeholder":"","visible":true,"editable":true},"list":{"label":"Template","searchable":true,"sortable":true}},"topic":{"edit":{"label":"Topic","description":"","placeholder":"","visible":true,"editable":true,"mainField":"name"},"list":{"label":"Topic","searchable":false,"sortable":false}},"created_at":{"edit":{"label":"Created_at","description":"","placeholder":"","visible":false,"editable":true},"list":{"label":"Created_at","searchable":true,"sortable":true}},"updated_at":{"edit":{"label":"Updated_at","description":"","placeholder":"","visible":false,"editable":true},"list":{"label":"Updated_at","searchable":true,"sortable":true}}},"layouts":{"list":["id","name","description","template"],"editRelations":["difficulty","models","learning_category","blocks","topic"],"edit":[[{"name":"name","size":6},{"name":"description","size":6}],[{"name":"template","size":6}]]}}	object		
24	plugin_content_manager_configuration_content_types::application::difficulty.difficulty	{"uid":"application::difficulty.difficulty","settings":{"bulkable":true,"filterable":true,"searchable":true,"pageSize":10,"mainField":"name","defaultSortBy":"name","defaultSortOrder":"ASC"},"metadatas":{"id":{"edit":{},"list":{"label":"Id","searchable":true,"sortable":true}},"name":{"edit":{"label":"Name","description":"","placeholder":"","visible":true,"editable":true},"list":{"label":"Name","searchable":true,"sortable":true}},"created_at":{"edit":{"label":"Created_at","description":"","placeholder":"","visible":false,"editable":true},"list":{"label":"Created_at","searchable":true,"sortable":true}},"updated_at":{"edit":{"label":"Updated_at","description":"","placeholder":"","visible":false,"editable":true},"list":{"label":"Updated_at","searchable":true,"sortable":true}}},"layouts":{"list":["id","name","created_at","updated_at"],"editRelations":[],"edit":[[{"name":"name","size":6}]]}}	object		
25	plugin_content_manager_configuration_content_types::application::blocks-category.blocks-category	{"uid":"application::blocks-category.blocks-category","settings":{"bulkable":true,"filterable":true,"searchable":true,"pageSize":10,"mainField":"name","defaultSortBy":"name","defaultSortOrder":"ASC"},"metadatas":{"id":{"edit":{},"list":{"label":"Id","searchable":true,"sortable":true}},"name":{"edit":{"label":"Name","description":"","placeholder":"","visible":true,"editable":true},"list":{"label":"Name","searchable":true,"sortable":true}},"blocks":{"edit":{"label":"Blocks","description":"","placeholder":"","visible":true,"editable":true,"mainField":"name"},"list":{"label":"Blocks","searchable":false,"sortable":false}},"created_at":{"edit":{"label":"Created_at","description":"","placeholder":"","visible":false,"editable":true},"list":{"label":"Created_at","searchable":true,"sortable":true}},"updated_at":{"edit":{"label":"Updated_at","description":"","placeholder":"","visible":false,"editable":true},"list":{"label":"Updated_at","searchable":true,"sortable":true}}},"layouts":{"list":["id","name","created_at","updated_at"],"editRelations":["blocks"],"edit":[[{"name":"name","size":6}]]}}	object		
26	plugin_content_manager_configuration_content_types::application::complexity.complexity	{"uid":"application::complexity.complexity","settings":{"bulkable":true,"filterable":true,"searchable":true,"pageSize":10,"mainField":"name","defaultSortBy":"name","defaultSortOrder":"ASC"},"metadatas":{"id":{"edit":{},"list":{"label":"Id","searchable":true,"sortable":true}},"name":{"edit":{"label":"Name","description":"","placeholder":"","visible":true,"editable":true},"list":{"label":"Name","searchable":true,"sortable":true}},"created_at":{"edit":{"label":"Created_at","description":"","placeholder":"","visible":false,"editable":true},"list":{"label":"Created_at","searchable":true,"sortable":true}},"updated_at":{"edit":{"label":"Updated_at","description":"","placeholder":"","visible":false,"editable":true},"list":{"label":"Updated_at","searchable":true,"sortable":true}}},"layouts":{"list":["id","name","created_at","updated_at"],"editRelations":[],"edit":[[{"name":"name","size":6}]]}}	object		
27	plugin_content_manager_configuration_content_types::application::learning-category.learning-category	{"uid":"application::learning-category.learning-category","settings":{"bulkable":true,"filterable":true,"searchable":true,"pageSize":10,"mainField":"name","defaultSortBy":"name","defaultSortOrder":"ASC"},"metadatas":{"id":{"edit":{},"list":{"label":"Id","searchable":true,"sortable":true}},"name":{"edit":{"label":"Name","description":"","placeholder":"","visible":true,"editable":true},"list":{"label":"Name","searchable":true,"sortable":true}},"created_at":{"edit":{"label":"Created_at","description":"","placeholder":"","visible":false,"editable":true},"list":{"label":"Created_at","searchable":true,"sortable":true}},"updated_at":{"edit":{"label":"Updated_at","description":"","placeholder":"","visible":false,"editable":true},"list":{"label":"Updated_at","searchable":true,"sortable":true}}},"layouts":{"list":["id","name","created_at","updated_at"],"editRelations":[],"edit":[[{"name":"name","size":6}]]}}	object		
28	plugin_content_manager_configuration_content_types::application::model.model	{"uid":"application::model.model","settings":{"bulkable":true,"filterable":true,"searchable":true,"pageSize":10,"mainField":"name","defaultSortBy":"name","defaultSortOrder":"ASC"},"metadatas":{"id":{"edit":{},"list":{"label":"Id","searchable":true,"sortable":true}},"name":{"edit":{"label":"Name","description":"","placeholder":"","visible":true,"editable":true},"list":{"label":"Name","searchable":true,"sortable":true}},"representation":{"edit":{"label":"Representation","description":"","placeholder":"","visible":true,"editable":true},"list":{"label":"Representation","searchable":false,"sortable":false}},"complexity":{"edit":{"label":"Complexity","description":"","placeholder":"","visible":true,"editable":true,"mainField":"name"},"list":{"label":"Complexity","searchable":false,"sortable":false}},"created_at":{"edit":{"label":"Created_at","description":"","placeholder":"","visible":false,"editable":true},"list":{"label":"Created_at","searchable":true,"sortable":true}},"updated_at":{"edit":{"label":"Updated_at","description":"","placeholder":"","visible":false,"editable":true},"list":{"label":"Updated_at","searchable":true,"sortable":true}}},"layouts":{"list":["id","name","representation","created_at"],"editRelations":["complexity"],"edit":[[{"name":"name","size":6},{"name":"representation","size":6}]]}}	object		
29	plugin_content_manager_configuration_content_types::application::topic.topic	{"uid":"application::topic.topic","settings":{"bulkable":true,"filterable":true,"searchable":true,"pageSize":10,"mainField":"name","defaultSortBy":"name","defaultSortOrder":"ASC"},"metadatas":{"id":{"edit":{},"list":{"label":"Id","searchable":true,"sortable":true}},"name":{"edit":{"label":"Name","description":"","placeholder":"","visible":true,"editable":true},"list":{"label":"Name","searchable":true,"sortable":true}},"description":{"edit":{"label":"Description","description":"","placeholder":"","visible":true,"editable":true},"list":{"label":"Description","searchable":true,"sortable":true}},"type":{"edit":{"label":"Type","description":"","placeholder":"","visible":true,"editable":true,"mainField":"name"},"list":{"label":"Type","searchable":false,"sortable":false}},"activities":{"edit":{"label":"Activities","description":"","placeholder":"","visible":true,"editable":true,"mainField":"name"},"list":{"label":"Activities","searchable":false,"sortable":false}},"created_at":{"edit":{"label":"Created_at","description":"","placeholder":"","visible":false,"editable":true},"list":{"label":"Created_at","searchable":true,"sortable":true}},"updated_at":{"edit":{"label":"Updated_at","description":"","placeholder":"","visible":false,"editable":true},"list":{"label":"Updated_at","searchable":true,"sortable":true}}},"layouts":{"list":["id","name","description","created_at"],"editRelations":["type","activities"],"edit":[[{"name":"name","size":6},{"name":"description","size":6}]]}}	object		
30	plugin_content_manager_configuration_content_types::application::type.type	{"uid":"application::type.type","settings":{"bulkable":true,"filterable":true,"searchable":true,"pageSize":10,"mainField":"name","defaultSortBy":"name","defaultSortOrder":"ASC"},"metadatas":{"id":{"edit":{},"list":{"label":"Id","searchable":true,"sortable":true}},"name":{"edit":{"label":"Name","description":"","placeholder":"","visible":true,"editable":true},"list":{"label":"Name","searchable":true,"sortable":true}},"created_at":{"edit":{"label":"Created_at","description":"","placeholder":"","visible":false,"editable":true},"list":{"label":"Created_at","searchable":true,"sortable":true}},"updated_at":{"edit":{"label":"Updated_at","description":"","placeholder":"","visible":false,"editable":true},"list":{"label":"Updated_at","searchable":true,"sortable":true}}},"layouts":{"list":["id","name","created_at","updated_at"],"editRelations":[],"edit":[[{"name":"name","size":6}]]}}	object		
31	plugin_content_manager_configuration_content_types::plugins::upload.file	{"uid":"plugins::upload.file","settings":{"bulkable":true,"filterable":true,"searchable":true,"pageSize":10,"mainField":"name","defaultSortBy":"name","defaultSortOrder":"ASC"},"metadatas":{"id":{"edit":{},"list":{"label":"Id","searchable":true,"sortable":true}},"name":{"edit":{"label":"Name","description":"","placeholder":"","visible":true,"editable":true},"list":{"label":"Name","searchable":true,"sortable":true}},"alternativeText":{"edit":{"label":"AlternativeText","description":"","placeholder":"","visible":true,"editable":true},"list":{"label":"AlternativeText","searchable":true,"sortable":true}},"caption":{"edit":{"label":"Caption","description":"","placeholder":"","visible":true,"editable":true},"list":{"label":"Caption","searchable":true,"sortable":true}},"width":{"edit":{"label":"Width","description":"","placeholder":"","visible":true,"editable":true},"list":{"label":"Width","searchable":true,"sortable":true}},"height":{"edit":{"label":"Height","description":"","placeholder":"","visible":true,"editable":true},"list":{"label":"Height","searchable":true,"sortable":true}},"formats":{"edit":{"label":"Formats","description":"","placeholder":"","visible":true,"editable":true},"list":{"label":"Formats","searchable":false,"sortable":false}},"hash":{"edit":{"label":"Hash","description":"","placeholder":"","visible":true,"editable":true},"list":{"label":"Hash","searchable":true,"sortable":true}},"ext":{"edit":{"label":"Ext","description":"","placeholder":"","visible":true,"editable":true},"list":{"label":"Ext","searchable":true,"sortable":true}},"mime":{"edit":{"label":"Mime","description":"","placeholder":"","visible":true,"editable":true},"list":{"label":"Mime","searchable":true,"sortable":true}},"size":{"edit":{"label":"Size","description":"","placeholder":"","visible":true,"editable":true},"list":{"label":"Size","searchable":true,"sortable":true}},"url":{"edit":{"label":"Url","description":"","placeholder":"","visible":true,"editable":true},"list":{"label":"Url","searchable":true,"sortable":true}},"previewUrl":{"edit":{"label":"PreviewUrl","description":"","placeholder":"","visible":true,"editable":true},"list":{"label":"PreviewUrl","searchable":true,"sortable":true}},"provider":{"edit":{"label":"Provider","description":"","placeholder":"","visible":true,"editable":true},"list":{"label":"Provider","searchable":true,"sortable":true}},"provider_metadata":{"edit":{"label":"Provider_metadata","description":"","placeholder":"","visible":true,"editable":true},"list":{"label":"Provider_metadata","searchable":false,"sortable":false}},"related":{"edit":{"label":"Related","description":"","placeholder":"","visible":true,"editable":true,"mainField":"id"},"list":{"label":"Related","searchable":false,"sortable":false}},"created_at":{"edit":{"label":"Created_at","description":"","placeholder":"","visible":false,"editable":true},"list":{"label":"Created_at","searchable":true,"sortable":true}},"updated_at":{"edit":{"label":"Updated_at","description":"","placeholder":"","visible":false,"editable":true},"list":{"label":"Updated_at","searchable":true,"sortable":true}}},"layouts":{"list":["id","name","alternativeText","caption"],"editRelations":["related"],"edit":[[{"name":"name","size":6},{"name":"alternativeText","size":6}],[{"name":"caption","size":6},{"name":"width","size":4}],[{"name":"height","size":4}],[{"name":"formats","size":12}],[{"name":"hash","size":6},{"name":"ext","size":6}],[{"name":"mime","size":6},{"name":"size","size":4}],[{"name":"url","size":6},{"name":"previewUrl","size":6}],[{"name":"provider","size":6}],[{"name":"provider_metadata","size":12}]]}}	object		
32	plugin_content_manager_configuration_content_types::plugins::users-permissions.permission	{"uid":"plugins::users-permissions.permission","settings":{"bulkable":true,"filterable":true,"searchable":true,"pageSize":10,"mainField":"type","defaultSortBy":"type","defaultSortOrder":"ASC"},"metadatas":{"id":{"edit":{},"list":{"label":"Id","searchable":true,"sortable":true}},"type":{"edit":{"label":"Type","description":"","placeholder":"","visible":true,"editable":true},"list":{"label":"Type","searchable":true,"sortable":true}},"controller":{"edit":{"label":"Controller","description":"","placeholder":"","visible":true,"editable":true},"list":{"label":"Controller","searchable":true,"sortable":true}},"action":{"edit":{"label":"Action","description":"","placeholder":"","visible":true,"editable":true},"list":{"label":"Action","searchable":true,"sortable":true}},"enabled":{"edit":{"label":"Enabled","description":"","placeholder":"","visible":true,"editable":true},"list":{"label":"Enabled","searchable":true,"sortable":true}},"policy":{"edit":{"label":"Policy","description":"","placeholder":"","visible":true,"editable":true},"list":{"label":"Policy","searchable":true,"sortable":true}},"role":{"edit":{"label":"Role","description":"","placeholder":"","visible":true,"editable":true,"mainField":"name"},"list":{"label":"Role","searchable":false,"sortable":false}}},"layouts":{"list":["id","type","controller","action"],"editRelations":["role"],"edit":[[{"name":"type","size":6},{"name":"controller","size":6}],[{"name":"action","size":6},{"name":"enabled","size":4}],[{"name":"policy","size":6}]]}}	object		
36	plugin_users-permissions_email	{"reset_password":{"display":"Email.template.reset_password","icon":"sync","options":{"from":{"name":"Administration Panel","email":"no-reply@strapi.io"},"response_email":"","object":"Reset password","message":"<p>We heard that you lost your password. Sorry about that!</p>\\n\\n<p>But dont worry! You can use the following link to reset your password:</p>\\n\\n<p><%= URL %>?code=<%= TOKEN %></p>\\n\\n<p>Thanks.</p>"}},"email_confirmation":{"display":"Email.template.email_confirmation","icon":"check-square","options":{"from":{"name":"Administration Panel","email":"no-reply@strapi.io"},"response_email":"","object":"Account confirmation","message":"<p>Thank you for registering!</p>\\n\\n<p>You have to confirm your email address. Please click on the link below.</p>\\n\\n<p><%= URL %>?confirmation=<%= CODE %></p>\\n\\n<p>Thanks.</p>"}}}	object		
37	plugin_users-permissions_advanced	{"unique_email":true,"allow_register":true,"email_confirmation":false,"email_confirmation_redirection":"/admin/admin","email_reset_password":"/admin/admin","default_role":"authenticated"}	object		
33	plugin_content_manager_configuration_content_types::plugins::users-permissions.role	{"uid":"plugins::users-permissions.role","settings":{"bulkable":true,"filterable":true,"searchable":true,"pageSize":10,"mainField":"name","defaultSortBy":"name","defaultSortOrder":"ASC"},"metadatas":{"id":{"edit":{},"list":{"label":"Id","searchable":true,"sortable":true}},"name":{"edit":{"label":"Name","description":"","placeholder":"","visible":true,"editable":true},"list":{"label":"Name","searchable":true,"sortable":true}},"description":{"edit":{"label":"Description","description":"","placeholder":"","visible":true,"editable":true},"list":{"label":"Description","searchable":true,"sortable":true}},"type":{"edit":{"label":"Type","description":"","placeholder":"","visible":true,"editable":true},"list":{"label":"Type","searchable":true,"sortable":true}},"permissions":{"edit":{"label":"Permissions","description":"","placeholder":"","visible":true,"editable":true,"mainField":"type"},"list":{"label":"Permissions","searchable":false,"sortable":false}},"users":{"edit":{"label":"Users","description":"","placeholder":"","visible":true,"editable":true,"mainField":"username"},"list":{"label":"Users","searchable":false,"sortable":false}}},"layouts":{"list":["id","name","description","type"],"editRelations":["permissions","users"],"edit":[[{"name":"name","size":6},{"name":"description","size":6}],[{"name":"type","size":6}]]}}	object		
34	plugin_content_manager_configuration_content_types::plugins::users-permissions.user	{"uid":"plugins::users-permissions.user","settings":{"bulkable":true,"filterable":true,"searchable":true,"pageSize":10,"mainField":"username","defaultSortBy":"username","defaultSortOrder":"ASC"},"metadatas":{"id":{"edit":{},"list":{"label":"Id","searchable":true,"sortable":true}},"username":{"edit":{"label":"Username","description":"","placeholder":"","visible":true,"editable":true},"list":{"label":"Username","searchable":true,"sortable":true}},"email":{"edit":{"label":"Email","description":"","placeholder":"","visible":true,"editable":true},"list":{"label":"Email","searchable":true,"sortable":true}},"provider":{"edit":{"label":"Provider","description":"","placeholder":"","visible":false,"editable":true},"list":{"label":"Provider","searchable":true,"sortable":true}},"password":{"edit":{"label":"Password","description":"","placeholder":"","visible":true,"editable":true},"list":{"label":"Password","searchable":true,"sortable":true}},"resetPasswordToken":{"edit":{"label":"ResetPasswordToken","description":"","placeholder":"","visible":false,"editable":true},"list":{"label":"ResetPasswordToken","searchable":true,"sortable":true}},"confirmed":{"edit":{"label":"Confirmed","description":"","placeholder":"","visible":true,"editable":true},"list":{"label":"Confirmed","searchable":true,"sortable":true}},"blocked":{"edit":{"label":"Blocked","description":"","placeholder":"","visible":true,"editable":true},"list":{"label":"Blocked","searchable":true,"sortable":true}},"role":{"edit":{"label":"Role","description":"","placeholder":"","visible":true,"editable":true,"mainField":"name"},"list":{"label":"Role","searchable":false,"sortable":false}},"created_at":{"edit":{"label":"Created_at","description":"","placeholder":"","visible":false,"editable":true},"list":{"label":"Created_at","searchable":true,"sortable":true}},"updated_at":{"edit":{"label":"Updated_at","description":"","placeholder":"","visible":false,"editable":true},"list":{"label":"Updated_at","searchable":true,"sortable":true}}},"layouts":{"list":["id","username","email","confirmed"],"editRelations":["role"],"edit":[[{"name":"username","size":6},{"name":"email","size":6}],[{"name":"password","size":6},{"name":"confirmed","size":4}],[{"name":"blocked","size":4}]]}}	object		
35	plugin_content_manager_configuration_content_types::strapi::administrator	{"uid":"strapi::administrator","settings":{"bulkable":true,"filterable":true,"searchable":true,"pageSize":10,"mainField":"username","defaultSortBy":"username","defaultSortOrder":"ASC"},"metadatas":{"id":{"edit":{},"list":{"label":"Id","searchable":true,"sortable":true}},"username":{"edit":{"label":"Username","description":"","placeholder":"","visible":true,"editable":true},"list":{"label":"Username","searchable":true,"sortable":true}},"email":{"edit":{"label":"Email","description":"","placeholder":"","visible":true,"editable":true},"list":{"label":"Email","searchable":true,"sortable":true}},"password":{"edit":{"label":"Password","description":"","placeholder":"","visible":true,"editable":true},"list":{"label":"Password","searchable":true,"sortable":true}},"resetPasswordToken":{"edit":{"label":"ResetPasswordToken","description":"","placeholder":"","visible":false,"editable":true},"list":{"label":"ResetPasswordToken","searchable":true,"sortable":true}},"blocked":{"edit":{"label":"Blocked","description":"","placeholder":"","visible":true,"editable":true},"list":{"label":"Blocked","searchable":true,"sortable":true}}},"layouts":{"list":["id","username","email","blocked"],"editRelations":[],"edit":[[{"name":"username","size":6},{"name":"email","size":6}],[{"name":"password","size":6},{"name":"blocked","size":4}]]}}	object		
38	db_model_students	{"name":{"type":"string"},"character":{"type":"string"},"classroom":{"model":"classroom","via":"students"},"submissions":{"via":"student","collection":"submission","isVirtual":true},"created_at":{"type":"currentTimestamp"},"updated_at":{"type":"currentTimestamp"}}	object	\N	\N
40	db_model_schools	{"name":{"type":"string"},"county":{"type":"string"},"state":{"type":"string"},"classrooms":{"via":"school","collection":"classroom","isVirtual":true},"mentors":{"via":"school","collection":"mentor","isVirtual":true},"created_at":{"type":"currentTimestamp"},"updated_at":{"type":"currentTimestamp"}}	object	\N	\N
41	db_model_classrooms	{"name":{"type":"string"},"teacher":{"type":"string"},"school":{"model":"school","via":"classrooms"},"sessions":{"via":"classroom","collection":"session","isVirtual":true},"mentors":{"via":"classrooms","collection":"mentor","attribute":"mentor","column":"id","isVirtual":true},"students":{"via":"classroom","collection":"student","isVirtual":true},"created_at":{"type":"currentTimestamp"},"updated_at":{"type":"currentTimestamp"}}	object	\N	\N
44	db_model_classrooms_mentors__mentors_classrooms	{"mentor_id":{"type":"integer"},"classroom_id":{"type":"integer"}}	object	\N	\N
45	plugin_content_manager_configuration_content_types::application::classroom.classroom	{"uid":"application::classroom.classroom","settings":{"bulkable":true,"filterable":true,"searchable":true,"pageSize":10,"mainField":"name","defaultSortBy":"name","defaultSortOrder":"ASC"},"metadatas":{"id":{"edit":{},"list":{"label":"Id","searchable":true,"sortable":true}},"name":{"edit":{"label":"Name","description":"","placeholder":"","visible":true,"editable":true},"list":{"label":"Name","searchable":true,"sortable":true}},"teacher":{"edit":{"label":"Teacher","description":"","placeholder":"","visible":true,"editable":true},"list":{"label":"Teacher","searchable":true,"sortable":true}},"school":{"edit":{"label":"School","description":"","placeholder":"","visible":true,"editable":true,"mainField":"name"},"list":{"label":"School","searchable":false,"sortable":false}},"sessions":{"edit":{"label":"Sessions","description":"","placeholder":"","visible":true,"editable":true,"mainField":"name"},"list":{"label":"Sessions","searchable":false,"sortable":false}},"mentors":{"edit":{"label":"Mentors","description":"","placeholder":"","visible":true,"editable":true,"mainField":"first_name"},"list":{"label":"Mentors","searchable":false,"sortable":false}},"students":{"edit":{"label":"Students","description":"","placeholder":"","visible":true,"editable":true,"mainField":"name"},"list":{"label":"Students","searchable":false,"sortable":false}},"created_at":{"edit":{"label":"Created_at","description":"","placeholder":"","visible":false,"editable":true},"list":{"label":"Created_at","searchable":true,"sortable":true}},"updated_at":{"edit":{"label":"Updated_at","description":"","placeholder":"","visible":false,"editable":true},"list":{"label":"Updated_at","searchable":true,"sortable":true}}},"layouts":{"list":["id","name","teacher","created_at"],"editRelations":["school","sessions","mentors","students"],"edit":[[{"name":"name","size":6},{"name":"teacher","size":6}]]}}	object		
42	db_model_sessions	{"name":{"type":"string"},"description":{"type":"string"},"activity":{"model":"activity"},"classroom":{"model":"classroom","via":"sessions"},"active":{"type":"boolean"},"code":{"type":"integer"},"created_at":{"type":"currentTimestamp"},"updated_at":{"type":"currentTimestamp"}}	object	\N	\N
43	db_model_mentors	{"first_name":{"type":"string"},"last_name":{"type":"string"},"school":{"model":"school","via":"mentors"},"classrooms":{"collection":"classroom","via":"mentors","dominant":true,"attribute":"classroom","column":"id","isVirtual":true},"user":{"plugin":"users-permissions","model":"user"},"created_at":{"type":"currentTimestamp"},"updated_at":{"type":"currentTimestamp"}}	object	\N	\N
39	db_model_submissions	{"definition":{"type":"text"},"session":{"model":"session"},"student":{"model":"student","via":"submissions"},"status":{"type":"string","default":"PENDING"},"result":{"type":"text"},"created_at":{"type":"currentTimestamp"},"updated_at":{"type":"currentTimestamp"}}	object	\N	\N
47	plugin_content_manager_configuration_content_types::application::school.school	{"uid":"application::school.school","settings":{"bulkable":true,"filterable":true,"searchable":true,"pageSize":10,"mainField":"name","defaultSortBy":"name","defaultSortOrder":"ASC"},"metadatas":{"id":{"edit":{},"list":{"label":"Id","searchable":true,"sortable":true}},"name":{"edit":{"label":"Name","description":"","placeholder":"","visible":true,"editable":true},"list":{"label":"Name","searchable":true,"sortable":true}},"county":{"edit":{"label":"County","description":"","placeholder":"","visible":true,"editable":true},"list":{"label":"County","searchable":true,"sortable":true}},"state":{"edit":{"label":"State","description":"","placeholder":"","visible":true,"editable":true},"list":{"label":"State","searchable":true,"sortable":true}},"classrooms":{"edit":{"label":"Classrooms","description":"","placeholder":"","visible":true,"editable":true,"mainField":"name"},"list":{"label":"Classrooms","searchable":false,"sortable":false}},"mentors":{"edit":{"label":"Mentors","description":"","placeholder":"","visible":true,"editable":true,"mainField":"first_name"},"list":{"label":"Mentors","searchable":false,"sortable":false}},"created_at":{"edit":{"label":"Created_at","description":"","placeholder":"","visible":false,"editable":true},"list":{"label":"Created_at","searchable":true,"sortable":true}},"updated_at":{"edit":{"label":"Updated_at","description":"","placeholder":"","visible":false,"editable":true},"list":{"label":"Updated_at","searchable":true,"sortable":true}}},"layouts":{"list":["id","name","county","state"],"editRelations":["classrooms","mentors"],"edit":[[{"name":"name","size":6},{"name":"county","size":6}],[{"name":"state","size":6}]]}}	object		
49	plugin_content_manager_configuration_content_types::application::student.student	{"uid":"application::student.student","settings":{"bulkable":true,"filterable":true,"searchable":true,"pageSize":10,"mainField":"name","defaultSortBy":"name","defaultSortOrder":"ASC"},"metadatas":{"id":{"edit":{},"list":{"label":"Id","searchable":true,"sortable":true}},"name":{"edit":{"label":"Name","description":"","placeholder":"","visible":true,"editable":true},"list":{"label":"Name","searchable":true,"sortable":true}},"character":{"edit":{"label":"Character","description":"","placeholder":"","visible":true,"editable":true},"list":{"label":"Character","searchable":true,"sortable":true}},"classroom":{"edit":{"label":"Classroom","description":"","placeholder":"","visible":true,"editable":true,"mainField":"name"},"list":{"label":"Classroom","searchable":false,"sortable":false}},"submissions":{"edit":{"label":"Submissions","description":"","placeholder":"","visible":true,"editable":true,"mainField":"definition"},"list":{"label":"Submissions","searchable":false,"sortable":false}},"created_at":{"edit":{"label":"Created_at","description":"","placeholder":"","visible":false,"editable":true},"list":{"label":"Created_at","searchable":true,"sortable":true}},"updated_at":{"edit":{"label":"Updated_at","description":"","placeholder":"","visible":false,"editable":true},"list":{"label":"Updated_at","searchable":true,"sortable":true}}},"layouts":{"list":["id","name","character","created_at"],"editRelations":["classroom","submissions"],"edit":[[{"name":"name","size":6},{"name":"character","size":6}]]}}	object		
46	plugin_content_manager_configuration_content_types::application::mentor.mentor	{"uid":"application::mentor.mentor","settings":{"bulkable":true,"filterable":true,"searchable":true,"pageSize":10,"mainField":"first_name","defaultSortBy":"first_name","defaultSortOrder":"ASC"},"metadatas":{"id":{"edit":{},"list":{"label":"Id","searchable":true,"sortable":true}},"first_name":{"edit":{"label":"First_name","description":"","placeholder":"","visible":true,"editable":true},"list":{"label":"First_name","searchable":true,"sortable":true}},"last_name":{"edit":{"label":"Last_name","description":"","placeholder":"","visible":true,"editable":true},"list":{"label":"Last_name","searchable":true,"sortable":true}},"school":{"edit":{"label":"School","description":"","placeholder":"","visible":true,"editable":true,"mainField":"name"},"list":{"label":"School","searchable":false,"sortable":false}},"classrooms":{"edit":{"label":"Classrooms","description":"","placeholder":"","visible":true,"editable":true,"mainField":"name"},"list":{"label":"Classrooms","searchable":false,"sortable":false}},"user":{"edit":{"label":"User","description":"","placeholder":"","visible":true,"editable":true,"mainField":"username"},"list":{"label":"User","searchable":false,"sortable":false}},"created_at":{"edit":{"label":"Created_at","description":"","placeholder":"","visible":false,"editable":true},"list":{"label":"Created_at","searchable":true,"sortable":true}},"updated_at":{"edit":{"label":"Updated_at","description":"","placeholder":"","visible":false,"editable":true},"list":{"label":"Updated_at","searchable":true,"sortable":true}}},"layouts":{"list":["id","first_name","last_name","created_at"],"edit":[[{"name":"first_name","size":6},{"name":"last_name","size":6}]],"editRelations":["school","classrooms","user"]}}	object		
48	plugin_content_manager_configuration_content_types::application::session.session	{"uid":"application::session.session","settings":{"bulkable":true,"filterable":true,"searchable":true,"pageSize":10,"mainField":"name","defaultSortBy":"name","defaultSortOrder":"ASC"},"metadatas":{"id":{"edit":{},"list":{"label":"Id","searchable":true,"sortable":true}},"name":{"edit":{"label":"Name","description":"","placeholder":"","visible":true,"editable":true},"list":{"label":"Name","searchable":true,"sortable":true}},"description":{"edit":{"label":"Description","description":"","placeholder":"","visible":true,"editable":true},"list":{"label":"Description","searchable":true,"sortable":true}},"activity":{"edit":{"label":"Activity","description":"","placeholder":"","visible":true,"editable":true,"mainField":"name"},"list":{"label":"Activity","searchable":false,"sortable":false}},"classroom":{"edit":{"label":"Classroom","description":"","placeholder":"","visible":true,"editable":true,"mainField":"name"},"list":{"label":"Classroom","searchable":false,"sortable":false}},"active":{"edit":{"label":"Active","description":"","placeholder":"","visible":true,"editable":true},"list":{"label":"Active","searchable":true,"sortable":true}},"code":{"edit":{"label":"Code","description":"","placeholder":"","visible":true,"editable":true},"list":{"label":"Code","searchable":true,"sortable":true}},"created_at":{"edit":{"label":"Created_at","description":"","placeholder":"","visible":false,"editable":true},"list":{"label":"Created_at","searchable":true,"sortable":true}},"updated_at":{"edit":{"label":"Updated_at","description":"","placeholder":"","visible":false,"editable":true},"list":{"label":"Updated_at","searchable":true,"sortable":true}}},"layouts":{"list":["id","name","description","active"],"edit":[[{"name":"name","size":6},{"name":"description","size":6}],[{"name":"active","size":4},{"name":"code","size":4}]],"editRelations":["activity","classroom"]}}	object		
50	plugin_content_manager_configuration_content_types::application::submission.submission	{"uid":"application::submission.submission","settings":{"bulkable":true,"filterable":true,"searchable":true,"pageSize":10,"mainField":"definition","defaultSortBy":"definition","defaultSortOrder":"ASC"},"metadatas":{"id":{"edit":{},"list":{"label":"Id","searchable":true,"sortable":true}},"definition":{"edit":{"label":"Definition","description":"","placeholder":"","visible":true,"editable":true},"list":{"label":"Definition","searchable":true,"sortable":true}},"session":{"edit":{"label":"Session","description":"","placeholder":"","visible":true,"editable":true,"mainField":"name"},"list":{"label":"Session","searchable":false,"sortable":false}},"student":{"edit":{"label":"Student","description":"","placeholder":"","visible":true,"editable":true,"mainField":"name"},"list":{"label":"Student","searchable":false,"sortable":false}},"status":{"edit":{"label":"Status","description":"","placeholder":"","visible":true,"editable":true},"list":{"label":"Status","searchable":true,"sortable":true}},"result":{"edit":{"label":"Result","description":"","placeholder":"","visible":true,"editable":true},"list":{"label":"Result","searchable":true,"sortable":true}},"created_at":{"edit":{"label":"Created_at","description":"","placeholder":"","visible":false,"editable":true},"list":{"label":"Created_at","searchable":true,"sortable":true}},"updated_at":{"edit":{"label":"Updated_at","description":"","placeholder":"","visible":false,"editable":true},"list":{"label":"Updated_at","searchable":true,"sortable":true}}},"layouts":{"list":["id","definition","created_at","updated_at"],"edit":[[{"name":"definition","size":6},{"name":"status","size":6}],[{"name":"result","size":6}]],"editRelations":["session","student"]}}	object		
\.


--
-- Data for Name: difficulties; Type: TABLE DATA; Schema: public; Owner: postgres
--

COPY public.difficulties (id, name, created_at, updated_at) FROM stdin;
1	LOW	2020-03-31 15:47:22+00	2020-03-31 15:47:22+00
2	MEDIUM	2020-03-31 15:47:26+00	2020-03-31 15:47:26+00
3	HIGH	2020-03-31 15:47:29+00	2020-03-31 15:47:29+00
\.


--
-- Data for Name: learning_categories; Type: TABLE DATA; Schema: public; Owner: postgres
--

COPY public.learning_categories (id, name, created_at, updated_at) FROM stdin;
1	ENABLED_LEARNING	2020-03-31 15:45:01+00	2020-03-31 15:45:01+00
2	DEMONSTRATE_LEARNING	2020-03-31 15:45:10+00	2020-03-31 15:45:10+00
3	MAKER_TOOLS	2020-03-31 15:45:14+00	2020-03-31 15:45:14+00
\.


--
-- Data for Name: mentors; Type: TABLE DATA; Schema: public; Owner: postgres
--

COPY public.mentors (id, first_name, last_name, school, created_at, updated_at, "user") FROM stdin;
1	Nick	Mentor	1	2020-06-23 11:46:10.126+00	2020-06-23 11:46:10.147+00	1
\.


--
-- Data for Name: models; Type: TABLE DATA; Schema: public; Owner: postgres
--

COPY public.models (id, name, complexity, created_at, updated_at) FROM stdin;
\.


--
-- Data for Name: schools; Type: TABLE DATA; Schema: public; Owner: postgres
--

COPY public.schools (id, name, county, state, created_at, updated_at) FROM stdin;
1	University of Florida	Alachua 	Florida	2020-06-22 22:39:28.483+00	2020-06-22 22:39:28.483+00
\.


--
-- Data for Name: sessions; Type: TABLE DATA; Schema: public; Owner: postgres
--

COPY public.sessions (id, name, description, activity, classroom, active, code, created_at, updated_at) FROM stdin;
\.


--
-- Data for Name: strapi_administrator; Type: TABLE DATA; Schema: public; Owner: postgres
--

COPY public.strapi_administrator (id, username, email, password, "resetPasswordToken", blocked) FROM stdin;
1	development	development@casmm.org	$2a$10$DH6WWXvBf5L88tTPccVTE.rhQnaLbHt25JJdPlmHnHbabHCXSf1LK	\N	\N
\.


--
-- Data for Name: strapi_webhooks; Type: TABLE DATA; Schema: public; Owner: postgres
--

COPY public.strapi_webhooks (id, name, url, headers, events, enabled) FROM stdin;
\.


--
-- Data for Name: students; Type: TABLE DATA; Schema: public; Owner: postgres
--

COPY public.students (id, name, "character", classroom, created_at, updated_at) FROM stdin;
\.


--
-- Data for Name: submissions; Type: TABLE DATA; Schema: public; Owner: postgres
--

COPY public.submissions (id, definition, session, student, created_at, updated_at, status, result) FROM stdin;
\.


--
-- Data for Name: topics; Type: TABLE DATA; Schema: public; Owner: postgres
--

COPY public.topics (id, name, description, type, created_at, updated_at) FROM stdin;
2	Topic #2	Second Topic	1	2020-06-22 19:18:04.344+00	2020-06-22 19:19:10.482+00
1	Topic #1	Topic 1	2	2020-04-14 04:52:39+00	2020-06-22 19:19:13.2+00
\.


--
-- Data for Name: types; Type: TABLE DATA; Schema: public; Owner: postgres
--

COPY public.types (id, name, created_at, updated_at) FROM stdin;
1	SCIENCE	2020-04-14 04:51:59+00	2020-04-14 04:51:59+00
2	COMPUTATION	2020-04-14 04:52:25+00	2020-04-14 04:52:25+00
\.


--
-- Data for Name: upload_file; Type: TABLE DATA; Schema: public; Owner: postgres
--

COPY public.upload_file (id, name, "alternativeText", caption, width, height, formats, hash, ext, mime, size, url, "previewUrl", provider, provider_metadata, created_at, updated_at) FROM stdin;
\.


--
-- Data for Name: upload_file_morph; Type: TABLE DATA; Schema: public; Owner: postgres
--

COPY public.upload_file_morph (id, upload_file_id, related_id, related_type, field, "order") FROM stdin;
\.


--
-- Data for Name: users-permissions_permission; Type: TABLE DATA; Schema: public; Owner: postgres
--

COPY public."users-permissions_permission" (id, type, controller, action, enabled, policy, role) FROM stdin;
1	application	activity	count	f	\N	1
2	application	activity	count	f	\N	2
3	application	activity	create	f	\N	1
4	application	activity	create	f	\N	2
5	application	activity	delete	f	\N	1
6	application	activity	delete	f	\N	2
7	application	activity	find	t	\N	1
8	application	activity	find	t	\N	2
9	application	activity	findone	t	\N	1
10	application	activity	findone	t	\N	2
11	application	activity	toolbox	t	\N	1
12	application	activity	toolbox	t	\N	2
13	application	activity	update	f	\N	1
14	application	activity	update	f	\N	2
15	application	block	count	f	\N	1
16	application	block	count	f	\N	2
17	application	block	create	f	\N	1
18	application	block	find	t	\N	2
19	application	block	create	f	\N	2
20	application	block	findone	t	\N	1
21	application	block	delete	f	\N	2
22	application	block	delete	f	\N	1
23	application	block	find	t	\N	1
24	application	block	findone	t	\N	2
25	application	block	update	f	\N	2
26	application	blocks-category	count	f	\N	1
27	application	block	update	f	\N	1
28	application	blocks-category	count	f	\N	2
29	application	blocks-category	create	f	\N	1
30	application	blocks-category	create	f	\N	2
31	application	blocks-category	delete	f	\N	1
32	application	blocks-category	delete	f	\N	2
33	application	blocks-category	find	t	\N	1
34	application	blocks-category	find	t	\N	2
35	application	blocks-category	findone	t	\N	1
36	application	blocks-category	findone	t	\N	2
37	application	blocks-category	update	f	\N	1
38	application	blocks-category	update	f	\N	2
39	application	complexity	count	f	\N	1
40	application	complexity	count	f	\N	2
41	application	complexity	create	f	\N	1
42	application	complexity	create	f	\N	2
43	application	complexity	delete	f	\N	1
44	application	complexity	delete	f	\N	2
45	application	complexity	find	t	\N	1
46	application	complexity	find	t	\N	2
47	application	complexity	findone	t	\N	1
48	application	complexity	findone	t	\N	2
49	application	complexity	update	f	\N	1
50	application	complexity	update	f	\N	2
51	application	difficulty	count	f	\N	1
52	application	difficulty	count	f	\N	2
53	application	difficulty	create	f	\N	1
54	application	difficulty	create	f	\N	2
55	application	difficulty	delete	f	\N	1
56	application	difficulty	delete	f	\N	2
57	application	difficulty	find	t	\N	1
58	application	difficulty	find	t	\N	2
59	application	difficulty	findone	t	\N	1
60	application	difficulty	findone	t	\N	2
61	application	difficulty	update	f	\N	1
62	application	difficulty	update	f	\N	2
63	application	learning-category	count	f	\N	1
64	application	learning-category	count	f	\N	2
65	application	learning-category	create	f	\N	1
66	application	learning-category	create	f	\N	2
67	application	learning-category	delete	f	\N	1
68	application	learning-category	delete	f	\N	2
69	application	learning-category	find	t	\N	1
70	application	learning-category	find	t	\N	2
71	application	learning-category	findone	t	\N	1
72	application	learning-category	findone	t	\N	2
73	application	learning-category	update	f	\N	1
74	application	learning-category	update	f	\N	2
75	application	model	count	f	\N	1
76	application	model	count	f	\N	2
77	application	model	create	f	\N	1
78	application	model	create	f	\N	2
79	application	model	delete	f	\N	1
80	application	model	delete	f	\N	2
81	application	model	find	t	\N	1
82	application	model	find	t	\N	2
83	application	model	findone	t	\N	1
84	application	model	findone	t	\N	2
85	application	model	update	f	\N	1
86	application	model	update	f	\N	2
87	application	topic	count	f	\N	1
88	application	topic	count	f	\N	2
89	application	topic	create	f	\N	1
90	application	topic	create	f	\N	2
91	application	topic	delete	f	\N	1
92	application	topic	delete	f	\N	2
93	application	topic	find	t	\N	1
94	application	topic	find	t	\N	2
95	application	topic	findone	t	\N	1
96	application	topic	findone	t	\N	2
97	application	topic	update	f	\N	1
98	application	topic	update	f	\N	2
99	application	type	count	f	\N	1
100	application	type	count	f	\N	2
101	application	type	create	f	\N	1
102	application	type	create	f	\N	2
103	application	type	delete	f	\N	1
104	application	type	delete	f	\N	2
105	application	type	find	t	\N	1
106	application	type	find	t	\N	2
107	application	type	findone	t	\N	1
108	application	type	findone	t	\N	2
109	application	type	update	f	\N	1
110	application	type	update	f	\N	2
111	content-manager	components	findcomponent	f	\N	1
112	content-manager	components	findcomponent	f	\N	2
113	content-manager	components	listcomponents	f	\N	1
114	content-manager	components	listcomponents	f	\N	2
115	content-manager	components	updatecomponent	f	\N	1
116	content-manager	components	updatecomponent	f	\N	2
376	application	student	count	f	\N	2
117	content-manager	contentmanager	checkuidavailability	f	\N	1
118	content-manager	contentmanager	checkuidavailability	f	\N	2
119	content-manager	contentmanager	count	f	\N	1
120	content-manager	contentmanager	count	f	\N	2
121	content-manager	contentmanager	create	f	\N	1
122	content-manager	contentmanager	create	f	\N	2
123	content-manager	contentmanager	delete	f	\N	1
124	content-manager	contentmanager	delete	f	\N	2
125	content-manager	contentmanager	deletemany	f	\N	1
126	content-manager	contentmanager	deletemany	f	\N	2
127	content-manager	contentmanager	find	f	\N	1
128	content-manager	contentmanager	find	f	\N	2
129	content-manager	contentmanager	findone	f	\N	1
130	content-manager	contentmanager	findone	f	\N	2
131	content-manager	contentmanager	generateuid	f	\N	1
132	content-manager	contentmanager	generateuid	f	\N	2
133	content-manager	contentmanager	update	f	\N	1
134	content-manager	contentmanager	update	f	\N	2
135	content-manager	contenttypes	findcontenttype	f	\N	1
136	content-manager	contenttypes	findcontenttype	f	\N	2
137	content-manager	contenttypes	listcontenttypes	f	\N	1
138	content-manager	contenttypes	listcontenttypes	f	\N	2
139	content-manager	contenttypes	updatecontenttype	f	\N	1
140	content-manager	contenttypes	updatecontenttype	f	\N	2
141	content-type-builder	builder	getreservednames	f	\N	1
142	content-type-builder	builder	getreservednames	f	\N	2
143	content-type-builder	componentcategories	deletecategory	f	\N	1
144	content-type-builder	componentcategories	deletecategory	f	\N	2
145	content-type-builder	componentcategories	editcategory	f	\N	1
146	content-type-builder	componentcategories	editcategory	f	\N	2
147	content-type-builder	components	createcomponent	f	\N	1
148	content-type-builder	components	createcomponent	f	\N	2
149	content-type-builder	components	deletecomponent	f	\N	1
150	content-type-builder	components	deletecomponent	f	\N	2
151	content-type-builder	components	getcomponent	f	\N	1
152	content-type-builder	components	getcomponent	f	\N	2
153	content-type-builder	components	getcomponents	f	\N	1
154	content-type-builder	components	getcomponents	f	\N	2
155	content-type-builder	components	updatecomponent	f	\N	1
156	content-type-builder	connections	getconnections	f	\N	1
157	content-type-builder	connections	getconnections	f	\N	2
158	content-type-builder	contenttypes	createcontenttype	f	\N	1
159	content-type-builder	components	updatecomponent	f	\N	2
160	content-type-builder	contenttypes	createcontenttype	f	\N	2
161	content-type-builder	contenttypes	deletecontenttype	f	\N	1
162	content-type-builder	contenttypes	deletecontenttype	f	\N	2
163	content-type-builder	contenttypes	getcontenttype	f	\N	1
164	content-type-builder	contenttypes	getcontenttype	f	\N	2
165	content-type-builder	contenttypes	getcontenttypes	f	\N	1
166	content-type-builder	contenttypes	updatecontenttype	f	\N	1
167	content-type-builder	contenttypes	getcontenttypes	f	\N	2
168	content-type-builder	contenttypes	updatecontenttype	f	\N	2
169	email	email	send	f	\N	1
170	email	email	send	f	\N	2
171	upload	proxy	uploadproxy	f	\N	1
172	upload	proxy	uploadproxy	f	\N	2
173	upload	upload	count	f	\N	1
174	upload	upload	count	f	\N	2
175	upload	upload	destroy	f	\N	1
176	upload	upload	destroy	f	\N	2
177	upload	upload	find	f	\N	1
178	upload	upload	find	f	\N	2
179	upload	upload	findone	f	\N	1
180	upload	upload	findone	f	\N	2
181	upload	upload	getsettings	f	\N	1
182	upload	upload	getsettings	f	\N	2
183	upload	upload	search	f	\N	1
184	upload	upload	search	f	\N	2
185	upload	upload	updatesettings	f	\N	1
186	upload	upload	updatesettings	f	\N	2
187	upload	upload	upload	f	\N	1
188	upload	upload	upload	f	\N	2
189	users-permissions	auth	callback	f	\N	1
190	users-permissions	auth	callback	t	\N	2
191	users-permissions	auth	connect	t	\N	1
192	users-permissions	auth	connect	t	\N	2
193	users-permissions	auth	emailconfirmation	f	\N	1
194	users-permissions	auth	emailconfirmation	t	\N	2
195	users-permissions	auth	forgotpassword	f	\N	1
196	users-permissions	auth	forgotpassword	t	\N	2
197	users-permissions	auth	register	f	\N	1
198	users-permissions	auth	register	t	\N	2
199	users-permissions	auth	resetpassword	f	\N	1
200	users-permissions	auth	resetpassword	f	\N	2
201	users-permissions	auth	sendemailconfirmation	f	\N	1
202	users-permissions	auth	sendemailconfirmation	f	\N	2
203	users-permissions	user	count	f	\N	1
204	users-permissions	user	count	f	\N	2
205	users-permissions	user	create	f	\N	1
206	users-permissions	user	create	f	\N	2
207	users-permissions	user	destroy	f	\N	1
208	users-permissions	user	destroy	f	\N	2
209	users-permissions	user	destroyall	f	\N	1
210	users-permissions	user	destroyall	f	\N	2
211	users-permissions	user	find	f	\N	1
212	users-permissions	user	find	f	\N	2
213	users-permissions	user	findone	f	\N	1
214	users-permissions	user	findone	f	\N	2
215	users-permissions	user	me	t	\N	1
216	users-permissions	user	me	t	\N	2
217	users-permissions	user	update	f	\N	1
218	users-permissions	user	update	f	\N	2
219	users-permissions	userspermissions	createrole	f	\N	1
220	users-permissions	userspermissions	createrole	f	\N	2
377	application	student	create	f	\N	1
221	users-permissions	userspermissions	deleteprovider	f	\N	1
222	users-permissions	userspermissions	deleteprovider	f	\N	2
223	users-permissions	userspermissions	deleterole	f	\N	1
224	users-permissions	userspermissions	deleterole	f	\N	2
225	users-permissions	userspermissions	getadvancedsettings	f	\N	1
226	users-permissions	userspermissions	getadvancedsettings	f	\N	2
227	users-permissions	userspermissions	getemailtemplate	f	\N	1
228	users-permissions	userspermissions	getpolicies	f	\N	2
229	users-permissions	userspermissions	getpermissions	f	\N	1
230	users-permissions	userspermissions	getemailtemplate	f	\N	2
231	users-permissions	userspermissions	getpermissions	f	\N	2
232	users-permissions	userspermissions	getpolicies	f	\N	1
233	users-permissions	userspermissions	getproviders	f	\N	1
234	users-permissions	userspermissions	getproviders	f	\N	2
235	users-permissions	userspermissions	getrole	f	\N	1
236	users-permissions	userspermissions	getrole	f	\N	2
237	users-permissions	userspermissions	getroles	f	\N	1
238	users-permissions	userspermissions	getroles	f	\N	2
239	users-permissions	userspermissions	getroutes	f	\N	1
240	users-permissions	userspermissions	getroutes	f	\N	2
241	users-permissions	userspermissions	index	f	\N	1
242	users-permissions	userspermissions	index	f	\N	2
243	users-permissions	userspermissions	init	t	\N	1
244	users-permissions	userspermissions	init	t	\N	2
245	users-permissions	userspermissions	searchusers	f	\N	1
246	users-permissions	userspermissions	searchusers	f	\N	2
247	users-permissions	userspermissions	updateadvancedsettings	f	\N	1
248	users-permissions	userspermissions	updateadvancedsettings	f	\N	2
249	users-permissions	userspermissions	updateemailtemplate	f	\N	1
250	users-permissions	userspermissions	updateemailtemplate	f	\N	2
251	users-permissions	userspermissions	updateproviders	f	\N	1
252	users-permissions	userspermissions	updateproviders	f	\N	2
253	users-permissions	userspermissions	updaterole	f	\N	1
254	users-permissions	userspermissions	updaterole	f	\N	2
327	application	classroom	count	f	\N	1
328	application	classroom	count	f	\N	2
329	application	classroom	create	t	\N	1
330	application	classroom	create	f	\N	2
331	application	classroom	delete	t	\N	1
332	application	classroom	delete	f	\N	2
333	application	classroom	find	t	\N	1
334	application	classroom	find	t	\N	2
335	application	classroom	findone	t	\N	1
336	application	classroom	findone	t	\N	2
337	application	classroom	update	t	\N	1
338	application	classroom	update	f	\N	2
339	application	mentor	count	f	\N	1
340	application	mentor	count	f	\N	2
341	application	mentor	create	t	\N	1
342	application	mentor	create	f	\N	2
343	application	mentor	delete	f	\N	1
344	application	mentor	delete	f	\N	2
345	application	mentor	find	t	\N	1
346	application	mentor	find	f	\N	2
347	application	mentor	findone	t	\N	1
348	application	mentor	findone	f	\N	2
349	application	mentor	update	f	\N	1
350	application	mentor	update	f	\N	2
351	application	school	count	f	\N	1
352	application	school	count	f	\N	2
353	application	school	create	f	\N	1
354	application	school	create	f	\N	2
355	application	school	delete	f	\N	1
356	application	school	delete	f	\N	2
357	application	school	find	t	\N	1
358	application	school	find	f	\N	2
359	application	school	findone	t	\N	1
360	application	school	findone	t	\N	2
361	application	school	update	f	\N	1
362	application	school	update	f	\N	2
363	application	session	count	f	\N	1
364	application	session	count	f	\N	2
365	application	session	create	t	\N	1
366	application	session	create	f	\N	2
367	application	session	delete	t	\N	1
368	application	session	delete	f	\N	2
369	application	session	find	t	\N	1
370	application	session	find	t	\N	2
371	application	session	findone	t	\N	1
372	application	session	findone	t	\N	2
373	application	session	update	t	\N	1
374	application	session	update	f	\N	2
375	application	student	count	f	\N	1
378	application	student	create	t	\N	2
379	application	student	delete	f	\N	1
380	application	student	delete	f	\N	2
381	application	student	find	t	\N	1
382	application	student	find	t	\N	2
383	application	student	findone	t	\N	1
384	application	student	findone	t	\N	2
385	application	student	update	f	\N	1
386	application	student	update	f	\N	2
387	application	submission	count	f	\N	1
388	application	submission	count	f	\N	2
389	application	submission	create	f	\N	1
390	application	submission	create	f	\N	2
391	application	submission	delete	f	\N	1
392	application	submission	delete	f	\N	2
393	application	submission	find	t	\N	1
394	application	submission	find	t	\N	2
395	application	submission	findone	t	\N	1
396	application	submission	findone	t	\N	2
397	application	submission	update	f	\N	1
398	application	submission	update	f	\N	2
\.


--
-- Data for Name: users-permissions_role; Type: TABLE DATA; Schema: public; Owner: postgres
--

COPY public."users-permissions_role" (id, name, description, type) FROM stdin;
1	Mentor	Role for mentor users	authenticated
2	Public	Role for unauthenticated requests	public
\.


--
-- Data for Name: users-permissions_user; Type: TABLE DATA; Schema: public; Owner: postgres
--

COPY public."users-permissions_user" (id, username, email, provider, password, "resetPasswordToken", confirmed, blocked, role, created_at, updated_at) FROM stdin;
1	mymentor1	mentor@mail.com	local	$2a$10$ScFBvxpaIdEWtfax922Y/OUcKXXlr7dizuZ7NHRYanLH3RAmTkCo.	\N	f	f	1	2020-06-23 11:45:44.765+00	2020-06-23 11:45:44.78+00
\.


--
-- Name: activities__blocks_id_seq; Type: SEQUENCE SET; Schema: public; Owner: postgres
--

SELECT pg_catalog.setval('public.activities__blocks_id_seq', 14, true);


--
-- Name: activities__blocks_id_seq1; Type: SEQUENCE SET; Schema: public; Owner: postgres
--

SELECT pg_catalog.setval('public.activities__blocks_id_seq1', 1, false);


--
-- Name: activities__models_id_seq; Type: SEQUENCE SET; Schema: public; Owner: postgres
--

SELECT pg_catalog.setval('public.activities__models_id_seq', 1, false);


--
-- Name: activities__models_id_seq1; Type: SEQUENCE SET; Schema: public; Owner: postgres
--

SELECT pg_catalog.setval('public.activities__models_id_seq1', 1, false);


--
-- Name: activities_id_seq; Type: SEQUENCE SET; Schema: public; Owner: postgres
--

SELECT pg_catalog.setval('public.activities_id_seq', 4, true);


--
-- Name: activities_id_seq1; Type: SEQUENCE SET; Schema: public; Owner: postgres
--

SELECT pg_catalog.setval('public.activities_id_seq1', 1, false);


--
-- Name: blocks_categories_id_seq; Type: SEQUENCE SET; Schema: public; Owner: postgres
--

SELECT pg_catalog.setval('public.blocks_categories_id_seq', 6, true);


--
-- Name: blocks_categories_id_seq1; Type: SEQUENCE SET; Schema: public; Owner: postgres
--

SELECT pg_catalog.setval('public.blocks_categories_id_seq1', 1, false);


--
-- Name: blocks_id_seq; Type: SEQUENCE SET; Schema: public; Owner: postgres
--

SELECT pg_catalog.setval('public.blocks_id_seq', 39, true);


--
-- Name: blocks_id_seq1; Type: SEQUENCE SET; Schema: public; Owner: postgres
--

SELECT pg_catalog.setval('public.blocks_id_seq1', 1, false);


--
-- Name: classrooms_id_seq; Type: SEQUENCE SET; Schema: public; Owner: postgres
--

SELECT pg_catalog.setval('public.classrooms_id_seq', 1, true);


--
-- Name: classrooms_mentors__mentors_classrooms_id_seq; Type: SEQUENCE SET; Schema: public; Owner: postgres
--

SELECT pg_catalog.setval('public.classrooms_mentors__mentors_classrooms_id_seq', 1, true);


--
-- Name: complexities_id_seq; Type: SEQUENCE SET; Schema: public; Owner: postgres
--

SELECT pg_catalog.setval('public.complexities_id_seq', 3, true);


--
-- Name: complexities_id_seq1; Type: SEQUENCE SET; Schema: public; Owner: postgres
--

SELECT pg_catalog.setval('public.complexities_id_seq1', 1, false);


--
-- Name: core_store_id_seq; Type: SEQUENCE SET; Schema: public; Owner: postgres
--

SELECT pg_catalog.setval('public.core_store_id_seq', 39, true);


--
-- Name: core_store_id_seq1; Type: SEQUENCE SET; Schema: public; Owner: postgres
--

SELECT pg_catalog.setval('public.core_store_id_seq1', 50, true);


--
-- Name: difficulties_id_seq; Type: SEQUENCE SET; Schema: public; Owner: postgres
--

SELECT pg_catalog.setval('public.difficulties_id_seq', 3, true);


--
-- Name: difficulties_id_seq1; Type: SEQUENCE SET; Schema: public; Owner: postgres
--

SELECT pg_catalog.setval('public.difficulties_id_seq1', 1, false);


--
-- Name: learning_categories_id_seq; Type: SEQUENCE SET; Schema: public; Owner: postgres
--

SELECT pg_catalog.setval('public.learning_categories_id_seq', 3, true);


--
-- Name: learning_categories_id_seq1; Type: SEQUENCE SET; Schema: public; Owner: postgres
--

SELECT pg_catalog.setval('public.learning_categories_id_seq1', 1, false);


--
-- Name: mentors_id_seq; Type: SEQUENCE SET; Schema: public; Owner: postgres
--

SELECT pg_catalog.setval('public.mentors_id_seq', 1, true);


--
-- Name: models_id_seq; Type: SEQUENCE SET; Schema: public; Owner: postgres
--

SELECT pg_catalog.setval('public.models_id_seq', 1, false);


--
-- Name: models_id_seq1; Type: SEQUENCE SET; Schema: public; Owner: postgres
--

SELECT pg_catalog.setval('public.models_id_seq1', 1, true);


--
-- Name: schools_id_seq; Type: SEQUENCE SET; Schema: public; Owner: postgres
--

SELECT pg_catalog.setval('public.schools_id_seq', 1, true);


--
-- Name: sessions_id_seq; Type: SEQUENCE SET; Schema: public; Owner: postgres
--

SELECT pg_catalog.setval('public.sessions_id_seq', 1, false);


--
-- Name: strapi_administrator_id_seq; Type: SEQUENCE SET; Schema: public; Owner: postgres
--

SELECT pg_catalog.setval('public.strapi_administrator_id_seq', 2, true);


--
-- Name: strapi_administrator_id_seq1; Type: SEQUENCE SET; Schema: public; Owner: postgres
--

SELECT pg_catalog.setval('public.strapi_administrator_id_seq1', 1, true);


--
-- Name: strapi_webhooks_id_seq; Type: SEQUENCE SET; Schema: public; Owner: postgres
--

SELECT pg_catalog.setval('public.strapi_webhooks_id_seq', 1, false);


--
-- Name: strapi_webhooks_id_seq1; Type: SEQUENCE SET; Schema: public; Owner: postgres
--

SELECT pg_catalog.setval('public.strapi_webhooks_id_seq1', 1, false);


--
-- Name: students_id_seq; Type: SEQUENCE SET; Schema: public; Owner: postgres
--

SELECT pg_catalog.setval('public.students_id_seq', 1, false);


--
-- Name: submissions_id_seq; Type: SEQUENCE SET; Schema: public; Owner: postgres
--

SELECT pg_catalog.setval('public.submissions_id_seq', 1, false);


--
-- Name: topics_id_seq; Type: SEQUENCE SET; Schema: public; Owner: postgres
--

SELECT pg_catalog.setval('public.topics_id_seq', 2, true);


--
-- Name: topics_id_seq1; Type: SEQUENCE SET; Schema: public; Owner: postgres
--

SELECT pg_catalog.setval('public.topics_id_seq1', 2, true);


--
-- Name: types_id_seq; Type: SEQUENCE SET; Schema: public; Owner: postgres
--

SELECT pg_catalog.setval('public.types_id_seq', 2, true);


--
-- Name: types_id_seq1; Type: SEQUENCE SET; Schema: public; Owner: postgres
--

SELECT pg_catalog.setval('public.types_id_seq1', 1, false);


--
-- Name: upload_file_id_seq; Type: SEQUENCE SET; Schema: public; Owner: postgres
--

SELECT pg_catalog.setval('public.upload_file_id_seq', 1, false);


--
-- Name: upload_file_id_seq1; Type: SEQUENCE SET; Schema: public; Owner: postgres
--

SELECT pg_catalog.setval('public.upload_file_id_seq1', 1, false);


--
-- Name: upload_file_morph_id_seq; Type: SEQUENCE SET; Schema: public; Owner: postgres
--

SELECT pg_catalog.setval('public.upload_file_morph_id_seq', 1, false);


--
-- Name: upload_file_morph_id_seq1; Type: SEQUENCE SET; Schema: public; Owner: postgres
--

SELECT pg_catalog.setval('public.upload_file_morph_id_seq1', 1, false);


--
-- Name: users-permissions_permission_id_seq; Type: SEQUENCE SET; Schema: public; Owner: postgres
--

SELECT pg_catalog.setval('public."users-permissions_permission_id_seq"', 326, true);


--
-- Name: users-permissions_permission_id_seq1; Type: SEQUENCE SET; Schema: public; Owner: postgres
--

SELECT pg_catalog.setval('public."users-permissions_permission_id_seq1"', 262, true);


--
-- Name: users-permissions_role_id_seq; Type: SEQUENCE SET; Schema: public; Owner: postgres
--

SELECT pg_catalog.setval('public."users-permissions_role_id_seq"', 2, true);


--
-- Name: users-permissions_role_id_seq1; Type: SEQUENCE SET; Schema: public; Owner: postgres
--

SELECT pg_catalog.setval('public."users-permissions_role_id_seq1"', 2, true);


--
-- Name: users-permissions_user_id_seq; Type: SEQUENCE SET; Schema: public; Owner: postgres
--

SELECT pg_catalog.setval('public."users-permissions_user_id_seq"', 1, false);


--
-- Name: users-permissions_user_id_seq1; Type: SEQUENCE SET; Schema: public; Owner: postgres
--

SELECT pg_catalog.setval('public."users-permissions_user_id_seq1"', 1, true);


--
-- Name: activities__blocks activities__blocks_pkey; Type: CONSTRAINT; Schema: public; Owner: postgres
--

ALTER TABLE ONLY public.activities__blocks
    ADD CONSTRAINT activities__blocks_pkey PRIMARY KEY (id);


--
-- Name: activities__models activities__models_pkey; Type: CONSTRAINT; Schema: public; Owner: postgres
--

ALTER TABLE ONLY public.activities__models
    ADD CONSTRAINT activities__models_pkey PRIMARY KEY (id);


--
-- Name: activities activities_pkey; Type: CONSTRAINT; Schema: public; Owner: postgres
--

ALTER TABLE ONLY public.activities
    ADD CONSTRAINT activities_pkey PRIMARY KEY (id);


--
-- Name: blocks_categories blocks_categories_pkey; Type: CONSTRAINT; Schema: public; Owner: postgres
--

ALTER TABLE ONLY public.blocks_categories
    ADD CONSTRAINT blocks_categories_pkey PRIMARY KEY (id);


--
-- Name: blocks blocks_pkey; Type: CONSTRAINT; Schema: public; Owner: postgres
--

ALTER TABLE ONLY public.blocks
    ADD CONSTRAINT blocks_pkey PRIMARY KEY (id);


--
-- Name: classrooms_mentors__mentors_classrooms classrooms_mentors__mentors_classrooms_pkey; Type: CONSTRAINT; Schema: public; Owner: postgres
--

ALTER TABLE ONLY public.classrooms_mentors__mentors_classrooms
    ADD CONSTRAINT classrooms_mentors__mentors_classrooms_pkey PRIMARY KEY (id);


--
-- Name: classrooms classrooms_pkey; Type: CONSTRAINT; Schema: public; Owner: postgres
--

ALTER TABLE ONLY public.classrooms
    ADD CONSTRAINT classrooms_pkey PRIMARY KEY (id);


--
-- Name: complexities complexities_pkey; Type: CONSTRAINT; Schema: public; Owner: postgres
--

ALTER TABLE ONLY public.complexities
    ADD CONSTRAINT complexities_pkey PRIMARY KEY (id);


--
-- Name: core_store core_store_pkey; Type: CONSTRAINT; Schema: public; Owner: postgres
--

ALTER TABLE ONLY public.core_store
    ADD CONSTRAINT core_store_pkey PRIMARY KEY (id);


--
-- Name: difficulties difficulties_pkey; Type: CONSTRAINT; Schema: public; Owner: postgres
--

ALTER TABLE ONLY public.difficulties
    ADD CONSTRAINT difficulties_pkey PRIMARY KEY (id);


--
-- Name: learning_categories learning_categories_name_unique; Type: CONSTRAINT; Schema: public; Owner: postgres
--

ALTER TABLE ONLY public.learning_categories
    ADD CONSTRAINT learning_categories_name_unique UNIQUE (name);


--
-- Name: learning_categories learning_categories_pkey; Type: CONSTRAINT; Schema: public; Owner: postgres
--

ALTER TABLE ONLY public.learning_categories
    ADD CONSTRAINT learning_categories_pkey PRIMARY KEY (id);


--
-- Name: mentors mentors_pkey; Type: CONSTRAINT; Schema: public; Owner: postgres
--

ALTER TABLE ONLY public.mentors
    ADD CONSTRAINT mentors_pkey PRIMARY KEY (id);


--
-- Name: models models_pkey; Type: CONSTRAINT; Schema: public; Owner: postgres
--

ALTER TABLE ONLY public.models
    ADD CONSTRAINT models_pkey PRIMARY KEY (id);


--
-- Name: schools schools_pkey; Type: CONSTRAINT; Schema: public; Owner: postgres
--

ALTER TABLE ONLY public.schools
    ADD CONSTRAINT schools_pkey PRIMARY KEY (id);


--
-- Name: sessions sessions_pkey; Type: CONSTRAINT; Schema: public; Owner: postgres
--

ALTER TABLE ONLY public.sessions
    ADD CONSTRAINT sessions_pkey PRIMARY KEY (id);


--
-- Name: strapi_administrator strapi_administrator_pkey; Type: CONSTRAINT; Schema: public; Owner: postgres
--

ALTER TABLE ONLY public.strapi_administrator
    ADD CONSTRAINT strapi_administrator_pkey PRIMARY KEY (id);


--
-- Name: strapi_webhooks strapi_webhooks_pkey; Type: CONSTRAINT; Schema: public; Owner: postgres
--

ALTER TABLE ONLY public.strapi_webhooks
    ADD CONSTRAINT strapi_webhooks_pkey PRIMARY KEY (id);


--
-- Name: students students_pkey; Type: CONSTRAINT; Schema: public; Owner: postgres
--

ALTER TABLE ONLY public.students
    ADD CONSTRAINT students_pkey PRIMARY KEY (id);


--
-- Name: submissions submissions_pkey; Type: CONSTRAINT; Schema: public; Owner: postgres
--

ALTER TABLE ONLY public.submissions
    ADD CONSTRAINT submissions_pkey PRIMARY KEY (id);


--
-- Name: topics topics_pkey; Type: CONSTRAINT; Schema: public; Owner: postgres
--

ALTER TABLE ONLY public.topics
    ADD CONSTRAINT topics_pkey PRIMARY KEY (id);


--
-- Name: types types_pkey; Type: CONSTRAINT; Schema: public; Owner: postgres
--

ALTER TABLE ONLY public.types
    ADD CONSTRAINT types_pkey PRIMARY KEY (id);


--
-- Name: upload_file_morph upload_file_morph_pkey; Type: CONSTRAINT; Schema: public; Owner: postgres
--

ALTER TABLE ONLY public.upload_file_morph
    ADD CONSTRAINT upload_file_morph_pkey PRIMARY KEY (id);


--
-- Name: upload_file upload_file_pkey; Type: CONSTRAINT; Schema: public; Owner: postgres
--

ALTER TABLE ONLY public.upload_file
    ADD CONSTRAINT upload_file_pkey PRIMARY KEY (id);


--
-- Name: users-permissions_permission users-permissions_permission_pkey; Type: CONSTRAINT; Schema: public; Owner: postgres
--

ALTER TABLE ONLY public."users-permissions_permission"
    ADD CONSTRAINT "users-permissions_permission_pkey" PRIMARY KEY (id);


--
-- Name: users-permissions_role users-permissions_role_pkey; Type: CONSTRAINT; Schema: public; Owner: postgres
--

ALTER TABLE ONLY public."users-permissions_role"
    ADD CONSTRAINT "users-permissions_role_pkey" PRIMARY KEY (id);


--
-- Name: users-permissions_user users-permissions_user_pkey; Type: CONSTRAINT; Schema: public; Owner: postgres
--

ALTER TABLE ONLY public."users-permissions_user"
    ADD CONSTRAINT "users-permissions_user_pkey" PRIMARY KEY (id);


--
-- PostgreSQL database dump complete
--

