--
-- PostgreSQL database dump
--

-- Dumped from database version 13.3 (Debian 13.3-1.pgdg100+1)
-- Dumped by pg_dump version 13.3 (Debian 13.3-1.pgdg100+1)

SET statement_timeout = 0;
SET lock_timeout = 0;
SET idle_in_transaction_session_timeout = 0;
SET client_encoding = 'UTF8';
SET standard_conforming_strings = on;
SELECT pg_catalog.set_config('search_path', '', false);
SET check_function_bodies = false;
SET xmloption = content;
SET client_min_messages = warning;
SET row_security = off;

SET default_tablespace = '';

SET default_table_access_method = heap;

--
-- Name: block_images; Type: TABLE; Schema: public; Owner: postgres
--

CREATE TABLE public.block_images (
    id integer NOT NULL,
    block integer,
    published_at timestamp with time zone,
    created_by integer,
    updated_by integer,
    created_at timestamp with time zone DEFAULT CURRENT_TIMESTAMP,
    updated_at timestamp with time zone DEFAULT CURRENT_TIMESTAMP,
    test character varying(255)
);


ALTER TABLE public.block_images OWNER TO postgres;

--
-- Name: block_images_id_seq; Type: SEQUENCE; Schema: public; Owner: postgres
--

CREATE SEQUENCE public.block_images_id_seq
    AS integer
    START WITH 1
    INCREMENT BY 1
    NO MINVALUE
    NO MAXVALUE
    CACHE 1;


ALTER TABLE public.block_images_id_seq OWNER TO postgres;

--
-- Name: block_images_id_seq; Type: SEQUENCE OWNED BY; Schema: public; Owner: postgres
--

ALTER SEQUENCE public.block_images_id_seq OWNED BY public.block_images.id;


--
-- Name: blocks; Type: TABLE; Schema: public; Owner: postgres
--

CREATE TABLE public.blocks (
    id integer NOT NULL,
    name character varying(255) NOT NULL,
    description text,
    blocks_category integer,
    created_at timestamp with time zone,
    updated_at timestamp with time zone,
    created_by integer,
    updated_by integer,
    block_image integer,
    image_url character varying(255)
);


ALTER TABLE public.blocks OWNER TO postgres;

--
-- Name: blocks_categories; Type: TABLE; Schema: public; Owner: postgres
--

CREATE TABLE public.blocks_categories (
    id integer NOT NULL,
    name character varying(255),
    created_at timestamp with time zone,
    updated_at timestamp with time zone,
    created_by integer,
    updated_by integer
);


ALTER TABLE public.blocks_categories OWNER TO postgres;

--
-- Name: blocks_categories_id_seq; Type: SEQUENCE; Schema: public; Owner: postgres
--

CREATE SEQUENCE public.blocks_categories_id_seq
    AS integer
    START WITH 1
    INCREMENT BY 1
    NO MINVALUE
    NO MAXVALUE
    CACHE 1;


ALTER TABLE public.blocks_categories_id_seq OWNER TO postgres;

--
-- Name: blocks_categories_id_seq; Type: SEQUENCE OWNED BY; Schema: public; Owner: postgres
--

ALTER SEQUENCE public.blocks_categories_id_seq OWNED BY public.blocks_categories.id;


--
-- Name: blocks_id_seq; Type: SEQUENCE; Schema: public; Owner: postgres
--

CREATE SEQUENCE public.blocks_id_seq
    AS integer
    START WITH 1
    INCREMENT BY 1
    NO MINVALUE
    NO MAXVALUE
    CACHE 1;


ALTER TABLE public.blocks_id_seq OWNER TO postgres;

--
-- Name: blocks_id_seq; Type: SEQUENCE OWNED BY; Schema: public; Owner: postgres
--

ALTER SEQUENCE public.blocks_id_seq OWNED BY public.blocks.id;


--
-- Name: cc_workspaces; Type: TABLE; Schema: public; Owner: postgres
--

CREATE TABLE public.cc_workspaces (
    id integer NOT NULL,
    name character varying(255),
    description text,
    template text,
    published_at timestamp with time zone,
    created_by integer,
    updated_by integer,
    created_at timestamp with time zone DEFAULT CURRENT_TIMESTAMP,
    updated_at timestamp with time zone DEFAULT CURRENT_TIMESTAMP,
    classroom integer
);


ALTER TABLE public.cc_workspaces OWNER TO postgres;

--
-- Name: cc_workspaces__blocks; Type: TABLE; Schema: public; Owner: postgres
--

CREATE TABLE public.cc_workspaces__blocks (
    id integer NOT NULL,
    cc_workspace_id integer,
    block_id integer
);


ALTER TABLE public.cc_workspaces__blocks OWNER TO postgres;

--
-- Name: cc_workspaces__blocks_id_seq; Type: SEQUENCE; Schema: public; Owner: postgres
--

CREATE SEQUENCE public.cc_workspaces__blocks_id_seq
    AS integer
    START WITH 1
    INCREMENT BY 1
    NO MINVALUE
    NO MAXVALUE
    CACHE 1;


ALTER TABLE public.cc_workspaces__blocks_id_seq OWNER TO postgres;

--
-- Name: cc_workspaces__blocks_id_seq; Type: SEQUENCE OWNED BY; Schema: public; Owner: postgres
--

ALTER SEQUENCE public.cc_workspaces__blocks_id_seq OWNED BY public.cc_workspaces__blocks.id;


--
-- Name: cc_workspaces_id_seq; Type: SEQUENCE; Schema: public; Owner: postgres
--

CREATE SEQUENCE public.cc_workspaces_id_seq
    AS integer
    START WITH 1
    INCREMENT BY 1
    NO MINVALUE
    NO MAXVALUE
    CACHE 1;


ALTER TABLE public.cc_workspaces_id_seq OWNER TO postgres;

--
-- Name: cc_workspaces_id_seq; Type: SEQUENCE OWNED BY; Schema: public; Owner: postgres
--

ALTER SEQUENCE public.cc_workspaces_id_seq OWNED BY public.cc_workspaces.id;


--
-- Name: challenges; Type: TABLE; Schema: public; Owner: postgres
--

CREATE TABLE public.challenges (
    id integer NOT NULL,
    name character varying(255),
    created_at timestamp with time zone,
    updated_at timestamp with time zone,
    created_by integer,
    updated_by integer
);


ALTER TABLE public.challenges OWNER TO postgres;

--
-- Name: challenges_id_seq; Type: SEQUENCE; Schema: public; Owner: postgres
--

CREATE SEQUENCE public.challenges_id_seq
    AS integer
    START WITH 1
    INCREMENT BY 1
    NO MINVALUE
    NO MAXVALUE
    CACHE 1;


ALTER TABLE public.challenges_id_seq OWNER TO postgres;

--
-- Name: challenges_id_seq; Type: SEQUENCE OWNED BY; Schema: public; Owner: postgres
--

ALTER SEQUENCE public.challenges_id_seq OWNED BY public.challenges.id;


--
-- Name: classrooms; Type: TABLE; Schema: public; Owner: postgres
--

CREATE TABLE public.classrooms (
    id integer NOT NULL,
    name character varying(255),
    school integer,
    code character varying(255) NOT NULL,
    grade integer,
    created_at timestamp with time zone,
    updated_at timestamp with time zone,
    created_by integer,
    updated_by integer,
    cc_workspace integer
);


ALTER TABLE public.classrooms OWNER TO postgres;

--
-- Name: classrooms__cc_workspaces; Type: TABLE; Schema: public; Owner: postgres
--

CREATE TABLE public.classrooms__cc_workspaces (
    id integer NOT NULL,
    classroom_id integer,
    "cc-workspace_id" integer
);


ALTER TABLE public.classrooms__cc_workspaces OWNER TO postgres;

--
-- Name: classrooms__cc_workspaces_id_seq; Type: SEQUENCE; Schema: public; Owner: postgres
--

CREATE SEQUENCE public.classrooms__cc_workspaces_id_seq
    AS integer
    START WITH 1
    INCREMENT BY 1
    NO MINVALUE
    NO MAXVALUE
    CACHE 1;


ALTER TABLE public.classrooms__cc_workspaces_id_seq OWNER TO postgres;

--
-- Name: classrooms__cc_workspaces_id_seq; Type: SEQUENCE OWNED BY; Schema: public; Owner: postgres
--

ALTER SEQUENCE public.classrooms__cc_workspaces_id_seq OWNED BY public.classrooms__cc_workspaces.id;


--
-- Name: classrooms_id_seq; Type: SEQUENCE; Schema: public; Owner: postgres
--

CREATE SEQUENCE public.classrooms_id_seq
    AS integer
    START WITH 1
    INCREMENT BY 1
    NO MINVALUE
    NO MAXVALUE
    CACHE 1;


ALTER TABLE public.classrooms_id_seq OWNER TO postgres;

--
-- Name: classrooms_id_seq; Type: SEQUENCE OWNED BY; Schema: public; Owner: postgres
--

ALTER SEQUENCE public.classrooms_id_seq OWNED BY public.classrooms.id;


--
-- Name: classrooms_mentors__mentors_classrooms; Type: TABLE; Schema: public; Owner: postgres
--

CREATE TABLE public.classrooms_mentors__mentors_classrooms (
    id integer NOT NULL,
    mentor_id integer,
    classroom_id integer
);


ALTER TABLE public.classrooms_mentors__mentors_classrooms OWNER TO postgres;

--
-- Name: classrooms_mentors__mentors_classrooms_id_seq; Type: SEQUENCE; Schema: public; Owner: postgres
--

CREATE SEQUENCE public.classrooms_mentors__mentors_classrooms_id_seq
    AS integer
    START WITH 1
    INCREMENT BY 1
    NO MINVALUE
    NO MAXVALUE
    CACHE 1;


ALTER TABLE public.classrooms_mentors__mentors_classrooms_id_seq OWNER TO postgres;

--
-- Name: classrooms_mentors__mentors_classrooms_id_seq; Type: SEQUENCE OWNED BY; Schema: public; Owner: postgres
--

ALTER SEQUENCE public.classrooms_mentors__mentors_classrooms_id_seq OWNED BY public.classrooms_mentors__mentors_classrooms.id;


--
-- Name: classrooms_teachers__teachers_classrooms; Type: TABLE; Schema: public; Owner: postgres
--

CREATE TABLE public.classrooms_teachers__teachers_classrooms (
    id integer NOT NULL,
    teacher_id integer,
    classroom_id integer
);


ALTER TABLE public.classrooms_teachers__teachers_classrooms OWNER TO postgres;

--
-- Name: classrooms_teachers__teachers_classrooms_id_seq; Type: SEQUENCE; Schema: public; Owner: postgres
--

CREATE SEQUENCE public.classrooms_teachers__teachers_classrooms_id_seq
    AS integer
    START WITH 1
    INCREMENT BY 1
    NO MINVALUE
    NO MAXVALUE
    CACHE 1;


ALTER TABLE public.classrooms_teachers__teachers_classrooms_id_seq OWNER TO postgres;

--
-- Name: classrooms_teachers__teachers_classrooms_id_seq; Type: SEQUENCE OWNED BY; Schema: public; Owner: postgres
--

ALTER SEQUENCE public.classrooms_teachers__teachers_classrooms_id_seq OWNED BY public.classrooms_teachers__teachers_classrooms.id;


--
-- Name: core_store; Type: TABLE; Schema: public; Owner: postgres
--

CREATE TABLE public.core_store (
    id integer NOT NULL,
    key character varying(255),
    value text,
    type character varying(255),
    environment character varying(255),
    tag character varying(255)
);


ALTER TABLE public.core_store OWNER TO postgres;

--
-- Name: core_store_id_seq; Type: SEQUENCE; Schema: public; Owner: postgres
--

CREATE SEQUENCE public.core_store_id_seq
    AS integer
    START WITH 1
    INCREMENT BY 1
    NO MINVALUE
    NO MAXVALUE
    CACHE 1;


ALTER TABLE public.core_store_id_seq OWNER TO postgres;

--
-- Name: core_store_id_seq; Type: SEQUENCE OWNED BY; Schema: public; Owner: postgres
--

ALTER SEQUENCE public.core_store_id_seq OWNED BY public.core_store.id;


--
-- Name: days; Type: TABLE; Schema: public; Owner: postgres
--

CREATE TABLE public.days (
    id integer NOT NULL,
    learning_standard integer,
    number bigint NOT NULL,
    template text NOT NULL,
    created_at timestamp with time zone,
    updated_at timestamp with time zone,
    created_by integer,
    updated_by integer,
    description text,
    "TekS" character varying(255),
    link character varying(255),
    activity_template text
);


ALTER TABLE public.days OWNER TO postgres;

--
-- Name: days__blocks; Type: TABLE; Schema: public; Owner: postgres
--

CREATE TABLE public.days__blocks (
    id integer NOT NULL,
    day_id integer,
    block_id integer
);


ALTER TABLE public.days__blocks OWNER TO postgres;

--
-- Name: days__blocks_id_seq; Type: SEQUENCE; Schema: public; Owner: postgres
--

CREATE SEQUENCE public.days__blocks_id_seq
    AS integer
    START WITH 1
    INCREMENT BY 1
    NO MINVALUE
    NO MAXVALUE
    CACHE 1;


ALTER TABLE public.days__blocks_id_seq OWNER TO postgres;

--
-- Name: days__blocks_id_seq; Type: SEQUENCE OWNED BY; Schema: public; Owner: postgres
--

ALTER SEQUENCE public.days__blocks_id_seq OWNED BY public.days__blocks.id;


--
-- Name: days_id_seq; Type: SEQUENCE; Schema: public; Owner: postgres
--

CREATE SEQUENCE public.days_id_seq
    AS integer
    START WITH 1
    INCREMENT BY 1
    NO MINVALUE
    NO MAXVALUE
    CACHE 1;


ALTER TABLE public.days_id_seq OWNER TO postgres;

--
-- Name: days_id_seq; Type: SEQUENCE OWNED BY; Schema: public; Owner: postgres
--

ALTER SEQUENCE public.days_id_seq OWNED BY public.days.id;


--
-- Name: days_learning_components__learning_components_days; Type: TABLE; Schema: public; Owner: postgres
--

CREATE TABLE public.days_learning_components__learning_components_days (
    id integer NOT NULL,
    "learning-component_id" integer,
    day_id integer
);


ALTER TABLE public.days_learning_components__learning_components_days OWNER TO postgres;

--
-- Name: days_learning_components__learning_components_days_id_seq; Type: SEQUENCE; Schema: public; Owner: postgres
--

CREATE SEQUENCE public.days_learning_components__learning_components_days_id_seq
    AS integer
    START WITH 1
    INCREMENT BY 1
    NO MINVALUE
    NO MAXVALUE
    CACHE 1;


ALTER TABLE public.days_learning_components__learning_components_days_id_seq OWNER TO postgres;

--
-- Name: days_learning_components__learning_components_days_id_seq; Type: SEQUENCE OWNED BY; Schema: public; Owner: postgres
--

ALTER SEQUENCE public.days_learning_components__learning_components_days_id_seq OWNED BY public.days_learning_components__learning_components_days.id;


--
-- Name: grades; Type: TABLE; Schema: public; Owner: postgres
--

CREATE TABLE public.grades (
    id integer NOT NULL,
    name character varying(255) NOT NULL,
    created_at timestamp with time zone,
    updated_at timestamp with time zone,
    created_by integer,
    updated_by integer
);


ALTER TABLE public.grades OWNER TO postgres;

--
-- Name: grades_id_seq; Type: SEQUENCE; Schema: public; Owner: postgres
--

CREATE SEQUENCE public.grades_id_seq
    AS integer
    START WITH 1
    INCREMENT BY 1
    NO MINVALUE
    NO MAXVALUE
    CACHE 1;


ALTER TABLE public.grades_id_seq OWNER TO postgres;

--
-- Name: grades_id_seq; Type: SEQUENCE OWNED BY; Schema: public; Owner: postgres
--

ALTER SEQUENCE public.grades_id_seq OWNED BY public.grades.id;


--
-- Name: learning_component_types; Type: TABLE; Schema: public; Owner: postgres
--

CREATE TABLE public.learning_component_types (
    id integer NOT NULL,
    name character varying(255),
    published_at timestamp with time zone,
    created_by integer,
    updated_by integer,
    created_at timestamp with time zone DEFAULT CURRENT_TIMESTAMP,
    updated_at timestamp with time zone DEFAULT CURRENT_TIMESTAMP
);


ALTER TABLE public.learning_component_types OWNER TO postgres;

--
-- Name: learning_component_types_id_seq; Type: SEQUENCE; Schema: public; Owner: postgres
--

CREATE SEQUENCE public.learning_component_types_id_seq
    AS integer
    START WITH 1
    INCREMENT BY 1
    NO MINVALUE
    NO MAXVALUE
    CACHE 1;


ALTER TABLE public.learning_component_types_id_seq OWNER TO postgres;

--
-- Name: learning_component_types_id_seq; Type: SEQUENCE OWNED BY; Schema: public; Owner: postgres
--

ALTER SEQUENCE public.learning_component_types_id_seq OWNED BY public.learning_component_types.id;


--
-- Name: learning_components; Type: TABLE; Schema: public; Owner: postgres
--

CREATE TABLE public.learning_components (
    id integer NOT NULL,
    type character varying(255),
    learning_component_type integer,
    published_at timestamp with time zone,
    created_by integer,
    updated_by integer,
    created_at timestamp with time zone DEFAULT CURRENT_TIMESTAMP,
    updated_at timestamp with time zone DEFAULT CURRENT_TIMESTAMP
);


ALTER TABLE public.learning_components OWNER TO postgres;

--
-- Name: learning_components_id_seq; Type: SEQUENCE; Schema: public; Owner: postgres
--

CREATE SEQUENCE public.learning_components_id_seq
    AS integer
    START WITH 1
    INCREMENT BY 1
    NO MINVALUE
    NO MAXVALUE
    CACHE 1;


ALTER TABLE public.learning_components_id_seq OWNER TO postgres;

--
-- Name: learning_components_id_seq; Type: SEQUENCE OWNED BY; Schema: public; Owner: postgres
--

ALTER SEQUENCE public.learning_components_id_seq OWNED BY public.learning_components.id;


--
-- Name: learning_standards; Type: TABLE; Schema: public; Owner: postgres
--

CREATE TABLE public.learning_standards (
    id integer NOT NULL,
    unit integer,
    number numeric(10,2) NOT NULL,
    name character varying(255) NOT NULL,
    expectations text,
    created_at timestamp with time zone,
    updated_at timestamp with time zone,
    teks character varying(255),
    created_by integer,
    updated_by integer,
    link character varying(255)
);


ALTER TABLE public.learning_standards OWNER TO postgres;

--
-- Name: learning_standards_id_seq; Type: SEQUENCE; Schema: public; Owner: postgres
--

CREATE SEQUENCE public.learning_standards_id_seq
    AS integer
    START WITH 1
    INCREMENT BY 1
    NO MINVALUE
    NO MAXVALUE
    CACHE 1;


ALTER TABLE public.learning_standards_id_seq OWNER TO postgres;

--
-- Name: learning_standards_id_seq; Type: SEQUENCE OWNED BY; Schema: public; Owner: postgres
--

ALTER SEQUENCE public.learning_standards_id_seq OWNED BY public.learning_standards.id;


--
-- Name: mentors; Type: TABLE; Schema: public; Owner: postgres
--

CREATE TABLE public.mentors (
    id integer NOT NULL,
    first_name character varying(255),
    last_name character varying(255),
    school integer,
    "user" integer,
    created_at timestamp with time zone,
    updated_at timestamp with time zone,
    created_by integer,
    updated_by integer
);


ALTER TABLE public.mentors OWNER TO postgres;

--
-- Name: mentors_id_seq; Type: SEQUENCE; Schema: public; Owner: postgres
--

CREATE SEQUENCE public.mentors_id_seq
    AS integer
    START WITH 1
    INCREMENT BY 1
    NO MINVALUE
    NO MAXVALUE
    CACHE 1;


ALTER TABLE public.mentors_id_seq OWNER TO postgres;

--
-- Name: mentors_id_seq; Type: SEQUENCE OWNED BY; Schema: public; Owner: postgres
--

ALTER SEQUENCE public.mentors_id_seq OWNED BY public.mentors.id;


--
-- Name: objective_types; Type: TABLE; Schema: public; Owner: postgres
--

CREATE TABLE public.objective_types (
    id integer NOT NULL,
    name character varying(255) NOT NULL,
    created_at timestamp with time zone,
    updated_at timestamp with time zone,
    created_by integer,
    updated_by integer
);


ALTER TABLE public.objective_types OWNER TO postgres;

--
-- Name: objective_types_id_seq; Type: SEQUENCE; Schema: public; Owner: postgres
--

CREATE SEQUENCE public.objective_types_id_seq
    AS integer
    START WITH 1
    INCREMENT BY 1
    NO MINVALUE
    NO MAXVALUE
    CACHE 1;


ALTER TABLE public.objective_types_id_seq OWNER TO postgres;

--
-- Name: objective_types_id_seq; Type: SEQUENCE OWNED BY; Schema: public; Owner: postgres
--

ALTER SEQUENCE public.objective_types_id_seq OWNED BY public.objective_types.id;


--
-- Name: objectives; Type: TABLE; Schema: public; Owner: postgres
--

CREATE TABLE public.objectives (
    id integer NOT NULL,
    day integer,
    description text NOT NULL,
    objective_type integer,
    created_at timestamp with time zone,
    updated_at timestamp with time zone,
    created_by integer,
    updated_by integer
);


ALTER TABLE public.objectives OWNER TO postgres;

--
-- Name: objectives_id_seq; Type: SEQUENCE; Schema: public; Owner: postgres
--

CREATE SEQUENCE public.objectives_id_seq
    AS integer
    START WITH 1
    INCREMENT BY 1
    NO MINVALUE
    NO MAXVALUE
    CACHE 1;


ALTER TABLE public.objectives_id_seq OWNER TO postgres;

--
-- Name: objectives_id_seq; Type: SEQUENCE OWNED BY; Schema: public; Owner: postgres
--

ALTER SEQUENCE public.objectives_id_seq OWNED BY public.objectives.id;


--
-- Name: saves; Type: TABLE; Schema: public; Owner: postgres
--

CREATE TABLE public.saves (
    id integer NOT NULL,
    day integer,
    student integer,
    session integer,
    workspace text NOT NULL,
    created_at timestamp with time zone,
    updated_at timestamp with time zone,
    created_by integer,
    updated_by integer,
    replay jsonb
);


ALTER TABLE public.saves OWNER TO postgres;

--
-- Name: saves_id_seq; Type: SEQUENCE; Schema: public; Owner: postgres
--

CREATE SEQUENCE public.saves_id_seq
    AS integer
    START WITH 1
    INCREMENT BY 1
    NO MINVALUE
    NO MAXVALUE
    CACHE 1;


ALTER TABLE public.saves_id_seq OWNER TO postgres;

--
-- Name: saves_id_seq; Type: SEQUENCE OWNED BY; Schema: public; Owner: postgres
--

ALTER SEQUENCE public.saves_id_seq OWNED BY public.saves.id;


--
-- Name: schools; Type: TABLE; Schema: public; Owner: postgres
--

CREATE TABLE public.schools (
    id integer NOT NULL,
    name character varying(255),
    county character varying(255),
    state character varying(255),
    created_at timestamp with time zone,
    updated_at timestamp with time zone,
    created_by integer,
    updated_by integer
);


ALTER TABLE public.schools OWNER TO postgres;

--
-- Name: schools_id_seq; Type: SEQUENCE; Schema: public; Owner: postgres
--

CREATE SEQUENCE public.schools_id_seq
    AS integer
    START WITH 1
    INCREMENT BY 1
    NO MINVALUE
    NO MAXVALUE
    CACHE 1;


ALTER TABLE public.schools_id_seq OWNER TO postgres;

--
-- Name: schools_id_seq; Type: SEQUENCE OWNED BY; Schema: public; Owner: postgres
--

ALTER SEQUENCE public.schools_id_seq OWNED BY public.schools.id;


--
-- Name: selections; Type: TABLE; Schema: public; Owner: postgres
--

CREATE TABLE public.selections (
    id integer NOT NULL,
    classroom integer,
    learning_standard integer,
    current boolean NOT NULL,
    created_at timestamp with time zone,
    updated_at timestamp with time zone,
    created_by integer,
    updated_by integer
);


ALTER TABLE public.selections OWNER TO postgres;

--
-- Name: selections_id_seq; Type: SEQUENCE; Schema: public; Owner: postgres
--

CREATE SEQUENCE public.selections_id_seq
    AS integer
    START WITH 1
    INCREMENT BY 1
    NO MINVALUE
    NO MAXVALUE
    CACHE 1;


ALTER TABLE public.selections_id_seq OWNER TO postgres;

--
-- Name: selections_id_seq; Type: SEQUENCE OWNED BY; Schema: public; Owner: postgres
--

ALTER SEQUENCE public.selections_id_seq OWNED BY public.selections.id;


--
-- Name: sessions; Type: TABLE; Schema: public; Owner: postgres
--

CREATE TABLE public.sessions (
    id integer NOT NULL,
    classroom integer,
    created_at timestamp with time zone,
    updated_at timestamp with time zone,
    created_by integer,
    updated_by integer,
    unit integer,
    grade integer,
    learning_standard integer
);


ALTER TABLE public.sessions OWNER TO postgres;

--
-- Name: sessions__saves; Type: TABLE; Schema: public; Owner: postgres
--

CREATE TABLE public.sessions__saves (
    id integer NOT NULL,
    session_id integer,
    save_id integer
);


ALTER TABLE public.sessions__saves OWNER TO postgres;

--
-- Name: sessions__saves_id_seq; Type: SEQUENCE; Schema: public; Owner: postgres
--

CREATE SEQUENCE public.sessions__saves_id_seq
    AS integer
    START WITH 1
    INCREMENT BY 1
    NO MINVALUE
    NO MAXVALUE
    CACHE 1;


ALTER TABLE public.sessions__saves_id_seq OWNER TO postgres;

--
-- Name: sessions__saves_id_seq; Type: SEQUENCE OWNED BY; Schema: public; Owner: postgres
--

ALTER SEQUENCE public.sessions__saves_id_seq OWNED BY public.sessions__saves.id;


--
-- Name: sessions_id_seq; Type: SEQUENCE; Schema: public; Owner: postgres
--

CREATE SEQUENCE public.sessions_id_seq
    AS integer
    START WITH 1
    INCREMENT BY 1
    NO MINVALUE
    NO MAXVALUE
    CACHE 1;


ALTER TABLE public.sessions_id_seq OWNER TO postgres;

--
-- Name: sessions_id_seq; Type: SEQUENCE OWNED BY; Schema: public; Owner: postgres
--

ALTER SEQUENCE public.sessions_id_seq OWNED BY public.sessions.id;


--
-- Name: sessions_students__students_sessions; Type: TABLE; Schema: public; Owner: postgres
--

CREATE TABLE public.sessions_students__students_sessions (
    id integer NOT NULL,
    student_id integer,
    session_id integer
);


ALTER TABLE public.sessions_students__students_sessions OWNER TO postgres;

--
-- Name: sessions_students__students_sessions_id_seq; Type: SEQUENCE; Schema: public; Owner: postgres
--

CREATE SEQUENCE public.sessions_students__students_sessions_id_seq
    AS integer
    START WITH 1
    INCREMENT BY 1
    NO MINVALUE
    NO MAXVALUE
    CACHE 1;


ALTER TABLE public.sessions_students__students_sessions_id_seq OWNER TO postgres;

--
-- Name: sessions_students__students_sessions_id_seq; Type: SEQUENCE OWNED BY; Schema: public; Owner: postgres
--

ALTER SEQUENCE public.sessions_students__students_sessions_id_seq OWNED BY public.sessions_students__students_sessions.id;


--
-- Name: strapi_administrator; Type: TABLE; Schema: public; Owner: postgres
--

CREATE TABLE public.strapi_administrator (
    id integer NOT NULL,
    username character varying(255),
    email character varying(255) NOT NULL,
    password character varying(255),
    "resetPasswordToken" character varying(255),
    blocked boolean,
    firstname character varying(255),
    lastname character varying(255),
    "registrationToken" character varying(255),
    "isActive" boolean,
    "preferedLanguage" character varying(255)
);


ALTER TABLE public.strapi_administrator OWNER TO postgres;

--
-- Name: strapi_administrator_id_seq; Type: SEQUENCE; Schema: public; Owner: postgres
--

CREATE SEQUENCE public.strapi_administrator_id_seq
    AS integer
    START WITH 1
    INCREMENT BY 1
    NO MINVALUE
    NO MAXVALUE
    CACHE 1;


ALTER TABLE public.strapi_administrator_id_seq OWNER TO postgres;

--
-- Name: strapi_administrator_id_seq; Type: SEQUENCE OWNED BY; Schema: public; Owner: postgres
--

ALTER SEQUENCE public.strapi_administrator_id_seq OWNED BY public.strapi_administrator.id;


--
-- Name: strapi_permission; Type: TABLE; Schema: public; Owner: postgres
--

CREATE TABLE public.strapi_permission (
    id integer NOT NULL,
    action character varying(255) NOT NULL,
    subject character varying(255),
    fields jsonb,
    conditions jsonb,
    role integer,
    created_at timestamp with time zone,
    updated_at timestamp with time zone,
    properties jsonb
);


ALTER TABLE public.strapi_permission OWNER TO postgres;

--
-- Name: strapi_permission_id_seq; Type: SEQUENCE; Schema: public; Owner: postgres
--

CREATE SEQUENCE public.strapi_permission_id_seq
    AS integer
    START WITH 1
    INCREMENT BY 1
    NO MINVALUE
    NO MAXVALUE
    CACHE 1;


ALTER TABLE public.strapi_permission_id_seq OWNER TO postgres;

--
-- Name: strapi_permission_id_seq; Type: SEQUENCE OWNED BY; Schema: public; Owner: postgres
--

ALTER SEQUENCE public.strapi_permission_id_seq OWNED BY public.strapi_permission.id;


--
-- Name: strapi_role; Type: TABLE; Schema: public; Owner: postgres
--

CREATE TABLE public.strapi_role (
    id integer NOT NULL,
    name character varying(255) NOT NULL,
    code character varying(255) NOT NULL,
    description character varying(255),
    created_at timestamp with time zone,
    updated_at timestamp with time zone
);


ALTER TABLE public.strapi_role OWNER TO postgres;

--
-- Name: strapi_role_id_seq; Type: SEQUENCE; Schema: public; Owner: postgres
--

CREATE SEQUENCE public.strapi_role_id_seq
    AS integer
    START WITH 1
    INCREMENT BY 1
    NO MINVALUE
    NO MAXVALUE
    CACHE 1;


ALTER TABLE public.strapi_role_id_seq OWNER TO postgres;

--
-- Name: strapi_role_id_seq; Type: SEQUENCE OWNED BY; Schema: public; Owner: postgres
--

ALTER SEQUENCE public.strapi_role_id_seq OWNED BY public.strapi_role.id;


--
-- Name: strapi_users_roles; Type: TABLE; Schema: public; Owner: postgres
--

CREATE TABLE public.strapi_users_roles (
    id integer NOT NULL,
    user_id integer,
    role_id integer
);


ALTER TABLE public.strapi_users_roles OWNER TO postgres;

--
-- Name: strapi_users_roles_id_seq; Type: SEQUENCE; Schema: public; Owner: postgres
--

CREATE SEQUENCE public.strapi_users_roles_id_seq
    AS integer
    START WITH 1
    INCREMENT BY 1
    NO MINVALUE
    NO MAXVALUE
    CACHE 1;


ALTER TABLE public.strapi_users_roles_id_seq OWNER TO postgres;

--
-- Name: strapi_users_roles_id_seq; Type: SEQUENCE OWNED BY; Schema: public; Owner: postgres
--

ALTER SEQUENCE public.strapi_users_roles_id_seq OWNED BY public.strapi_users_roles.id;


--
-- Name: strapi_webhooks; Type: TABLE; Schema: public; Owner: postgres
--

CREATE TABLE public.strapi_webhooks (
    id integer NOT NULL,
    name character varying(255),
    url text,
    headers jsonb,
    events jsonb,
    enabled boolean
);


ALTER TABLE public.strapi_webhooks OWNER TO postgres;

--
-- Name: strapi_webhooks_id_seq; Type: SEQUENCE; Schema: public; Owner: postgres
--

CREATE SEQUENCE public.strapi_webhooks_id_seq
    AS integer
    START WITH 1
    INCREMENT BY 1
    NO MINVALUE
    NO MAXVALUE
    CACHE 1;


ALTER TABLE public.strapi_webhooks_id_seq OWNER TO postgres;

--
-- Name: strapi_webhooks_id_seq; Type: SEQUENCE OWNED BY; Schema: public; Owner: postgres
--

ALTER SEQUENCE public.strapi_webhooks_id_seq OWNED BY public.strapi_webhooks.id;


--
-- Name: students; Type: TABLE; Schema: public; Owner: postgres
--

CREATE TABLE public.students (
    id integer NOT NULL,
    name character varying(255),
    "character" character varying(255),
    classroom integer,
    enrolled boolean NOT NULL,
    last_logged_in timestamp with time zone,
    created_at timestamp with time zone,
    updated_at timestamp with time zone,
    created_by integer,
    updated_by integer
);


ALTER TABLE public.students OWNER TO postgres;

--
-- Name: students_id_seq; Type: SEQUENCE; Schema: public; Owner: postgres
--

CREATE SEQUENCE public.students_id_seq
    AS integer
    START WITH 1
    INCREMENT BY 1
    NO MINVALUE
    NO MAXVALUE
    CACHE 1;


ALTER TABLE public.students_id_seq OWNER TO postgres;

--
-- Name: students_id_seq; Type: SEQUENCE OWNED BY; Schema: public; Owner: postgres
--

ALTER SEQUENCE public.students_id_seq OWNED BY public.students.id;


--
-- Name: submissions; Type: TABLE; Schema: public; Owner: postgres
--

CREATE TABLE public.submissions (
    id integer NOT NULL,
    status character varying(255) NOT NULL,
    workspace text NOT NULL,
    success boolean,
    hex text,
    stdout text,
    stderr text,
    board character varying(255) NOT NULL,
    sketch text NOT NULL,
    sandbox boolean NOT NULL,
    session integer,
    day integer,
    job_id bigint,
    created_at timestamp with time zone,
    updated_at timestamp with time zone,
    created_by integer,
    updated_by integer
);


ALTER TABLE public.submissions OWNER TO postgres;

--
-- Name: submissions_id_seq; Type: SEQUENCE; Schema: public; Owner: postgres
--

CREATE SEQUENCE public.submissions_id_seq
    AS integer
    START WITH 1
    INCREMENT BY 1
    NO MINVALUE
    NO MAXVALUE
    CACHE 1;


ALTER TABLE public.submissions_id_seq OWNER TO postgres;

--
-- Name: submissions_id_seq; Type: SEQUENCE OWNED BY; Schema: public; Owner: postgres
--

ALTER SEQUENCE public.submissions_id_seq OWNED BY public.submissions.id;


--
-- Name: teacher_workspaces; Type: TABLE; Schema: public; Owner: postgres
--

CREATE TABLE public.teacher_workspaces (
    id integer NOT NULL,
    name character varying(255),
    description text,
    template text,
    classroom integer,
    published_at timestamp with time zone,
    created_by integer,
    updated_by integer,
    created_at timestamp with time zone DEFAULT CURRENT_TIMESTAMP,
    updated_at timestamp with time zone DEFAULT CURRENT_TIMESTAMP
);


ALTER TABLE public.teacher_workspaces OWNER TO postgres;

--
-- Name: teacher_workspaces__blocks; Type: TABLE; Schema: public; Owner: postgres
--

CREATE TABLE public.teacher_workspaces__blocks (
    id integer NOT NULL,
    teacher_workspace_id integer,
    block_id integer
);


ALTER TABLE public.teacher_workspaces__blocks OWNER TO postgres;

--
-- Name: teacher_workspaces__blocks_id_seq; Type: SEQUENCE; Schema: public; Owner: postgres
--

CREATE SEQUENCE public.teacher_workspaces__blocks_id_seq
    AS integer
    START WITH 1
    INCREMENT BY 1
    NO MINVALUE
    NO MAXVALUE
    CACHE 1;


ALTER TABLE public.teacher_workspaces__blocks_id_seq OWNER TO postgres;

--
-- Name: teacher_workspaces__blocks_id_seq; Type: SEQUENCE OWNED BY; Schema: public; Owner: postgres
--

ALTER SEQUENCE public.teacher_workspaces__blocks_id_seq OWNED BY public.teacher_workspaces__blocks.id;


--
-- Name: teacher_workspaces_id_seq; Type: SEQUENCE; Schema: public; Owner: postgres
--

CREATE SEQUENCE public.teacher_workspaces_id_seq
    AS integer
    START WITH 1
    INCREMENT BY 1
    NO MINVALUE
    NO MAXVALUE
    CACHE 1;


ALTER TABLE public.teacher_workspaces_id_seq OWNER TO postgres;

--
-- Name: teacher_workspaces_id_seq; Type: SEQUENCE OWNED BY; Schema: public; Owner: postgres
--

ALTER SEQUENCE public.teacher_workspaces_id_seq OWNED BY public.teacher_workspaces.id;


--
-- Name: teachers; Type: TABLE; Schema: public; Owner: postgres
--

CREATE TABLE public.teachers (
    id integer NOT NULL,
    first_name character varying(255) NOT NULL,
    last_name character varying(255) NOT NULL,
    school integer,
    "user" integer,
    created_at timestamp with time zone,
    updated_at timestamp with time zone,
    created_by integer,
    updated_by integer
);


ALTER TABLE public.teachers OWNER TO postgres;

--
-- Name: teachers_id_seq; Type: SEQUENCE; Schema: public; Owner: postgres
--

CREATE SEQUENCE public.teachers_id_seq
    AS integer
    START WITH 1
    INCREMENT BY 1
    NO MINVALUE
    NO MAXVALUE
    CACHE 1;


ALTER TABLE public.teachers_id_seq OWNER TO postgres;

--
-- Name: teachers_id_seq; Type: SEQUENCE OWNED BY; Schema: public; Owner: postgres
--

ALTER SEQUENCE public.teachers_id_seq OWNED BY public.teachers.id;


--
-- Name: units; Type: TABLE; Schema: public; Owner: postgres
--

CREATE TABLE public.units (
    id integer NOT NULL,
    grade integer,
    number integer NOT NULL,
    name character varying(255) NOT NULL,
    teks_id character varying(255),
    teks_description text,
    created_at timestamp with time zone,
    updated_at timestamp with time zone,
    created_by integer,
    updated_by integer
);


ALTER TABLE public.units OWNER TO postgres;

--
-- Name: units_id_seq; Type: SEQUENCE; Schema: public; Owner: postgres
--

CREATE SEQUENCE public.units_id_seq
    AS integer
    START WITH 1
    INCREMENT BY 1
    NO MINVALUE
    NO MAXVALUE
    CACHE 1;


ALTER TABLE public.units_id_seq OWNER TO postgres;

--
-- Name: units_id_seq; Type: SEQUENCE OWNED BY; Schema: public; Owner: postgres
--

ALTER SEQUENCE public.units_id_seq OWNED BY public.units.id;


--
-- Name: upload_file; Type: TABLE; Schema: public; Owner: postgres
--

CREATE TABLE public.upload_file (
    id integer NOT NULL,
    name character varying(255) NOT NULL,
    "alternativeText" character varying(255),
    caption character varying(255),
    width integer,
    height integer,
    formats jsonb,
    hash character varying(255) NOT NULL,
    ext character varying(255),
    mime character varying(255) NOT NULL,
    size numeric(10,2) NOT NULL,
    url character varying(255) NOT NULL,
    "previewUrl" character varying(255),
    provider character varying(255) NOT NULL,
    provider_metadata jsonb,
    created_at timestamp with time zone DEFAULT CURRENT_TIMESTAMP,
    updated_at timestamp with time zone DEFAULT CURRENT_TIMESTAMP,
    created_by integer,
    updated_by integer
);


ALTER TABLE public.upload_file OWNER TO postgres;

--
-- Name: upload_file_id_seq; Type: SEQUENCE; Schema: public; Owner: postgres
--

CREATE SEQUENCE public.upload_file_id_seq
    AS integer
    START WITH 1
    INCREMENT BY 1
    NO MINVALUE
    NO MAXVALUE
    CACHE 1;


ALTER TABLE public.upload_file_id_seq OWNER TO postgres;

--
-- Name: upload_file_id_seq; Type: SEQUENCE OWNED BY; Schema: public; Owner: postgres
--

ALTER SEQUENCE public.upload_file_id_seq OWNED BY public.upload_file.id;


--
-- Name: upload_file_morph; Type: TABLE; Schema: public; Owner: postgres
--

CREATE TABLE public.upload_file_morph (
    id integer NOT NULL,
    upload_file_id integer,
    related_id integer,
    related_type text,
    field text,
    "order" integer
);


ALTER TABLE public.upload_file_morph OWNER TO postgres;

--
-- Name: upload_file_morph_id_seq; Type: SEQUENCE; Schema: public; Owner: postgres
--

CREATE SEQUENCE public.upload_file_morph_id_seq
    AS integer
    START WITH 1
    INCREMENT BY 1
    NO MINVALUE
    NO MAXVALUE
    CACHE 1;


ALTER TABLE public.upload_file_morph_id_seq OWNER TO postgres;

--
-- Name: upload_file_morph_id_seq; Type: SEQUENCE OWNED BY; Schema: public; Owner: postgres
--

ALTER SEQUENCE public.upload_file_morph_id_seq OWNED BY public.upload_file_morph.id;


--
-- Name: users-permissions_permission; Type: TABLE; Schema: public; Owner: postgres
--

CREATE TABLE public."users-permissions_permission" (
    id integer NOT NULL,
    type character varying(255) NOT NULL,
    controller character varying(255) NOT NULL,
    action character varying(255) NOT NULL,
    enabled boolean NOT NULL,
    policy character varying(255),
    role integer,
    created_by integer,
    updated_by integer
);


ALTER TABLE public."users-permissions_permission" OWNER TO postgres;

--
-- Name: users-permissions_permission_id_seq; Type: SEQUENCE; Schema: public; Owner: postgres
--

CREATE SEQUENCE public."users-permissions_permission_id_seq"
    AS integer
    START WITH 1
    INCREMENT BY 1
    NO MINVALUE
    NO MAXVALUE
    CACHE 1;


ALTER TABLE public."users-permissions_permission_id_seq" OWNER TO postgres;

--
-- Name: users-permissions_permission_id_seq; Type: SEQUENCE OWNED BY; Schema: public; Owner: postgres
--

ALTER SEQUENCE public."users-permissions_permission_id_seq" OWNED BY public."users-permissions_permission".id;


--
-- Name: users-permissions_role; Type: TABLE; Schema: public; Owner: postgres
--

CREATE TABLE public."users-permissions_role" (
    id integer NOT NULL,
    name character varying(255) NOT NULL,
    description character varying(255),
    type character varying(255),
    created_by integer,
    updated_by integer
);


ALTER TABLE public."users-permissions_role" OWNER TO postgres;

--
-- Name: users-permissions_role_id_seq; Type: SEQUENCE; Schema: public; Owner: postgres
--

CREATE SEQUENCE public."users-permissions_role_id_seq"
    AS integer
    START WITH 1
    INCREMENT BY 1
    NO MINVALUE
    NO MAXVALUE
    CACHE 1;


ALTER TABLE public."users-permissions_role_id_seq" OWNER TO postgres;

--
-- Name: users-permissions_role_id_seq; Type: SEQUENCE OWNED BY; Schema: public; Owner: postgres
--

ALTER SEQUENCE public."users-permissions_role_id_seq" OWNED BY public."users-permissions_role".id;


--
-- Name: users-permissions_user; Type: TABLE; Schema: public; Owner: postgres
--

CREATE TABLE public."users-permissions_user" (
    id integer NOT NULL,
    username character varying(255) NOT NULL,
    email character varying(255) NOT NULL,
    provider character varying(255),
    password character varying(255),
    "resetPasswordToken" character varying(255),
    confirmed boolean,
    blocked boolean,
    last_logged_in timestamp with time zone,
    role integer,
    created_at timestamp with time zone,
    updated_at timestamp with time zone,
    created_by integer,
    updated_by integer,
    "confirmationToken" character varying(255)
);


ALTER TABLE public."users-permissions_user" OWNER TO postgres;

--
-- Name: users-permissions_user_id_seq; Type: SEQUENCE; Schema: public; Owner: postgres
--

CREATE SEQUENCE public."users-permissions_user_id_seq"
    AS integer
    START WITH 1
    INCREMENT BY 1
    NO MINVALUE
    NO MAXVALUE
    CACHE 1;


ALTER TABLE public."users-permissions_user_id_seq" OWNER TO postgres;

--
-- Name: users-permissions_user_id_seq; Type: SEQUENCE OWNED BY; Schema: public; Owner: postgres
--

ALTER SEQUENCE public."users-permissions_user_id_seq" OWNED BY public."users-permissions_user".id;


--
-- Name: block_images id; Type: DEFAULT; Schema: public; Owner: postgres
--

ALTER TABLE ONLY public.block_images ALTER COLUMN id SET DEFAULT nextval('public.block_images_id_seq'::regclass);


--
-- Name: blocks id; Type: DEFAULT; Schema: public; Owner: postgres
--

ALTER TABLE ONLY public.blocks ALTER COLUMN id SET DEFAULT nextval('public.blocks_id_seq'::regclass);


--
-- Name: blocks_categories id; Type: DEFAULT; Schema: public; Owner: postgres
--

ALTER TABLE ONLY public.blocks_categories ALTER COLUMN id SET DEFAULT nextval('public.blocks_categories_id_seq'::regclass);


--
-- Name: cc_workspaces id; Type: DEFAULT; Schema: public; Owner: postgres
--

ALTER TABLE ONLY public.cc_workspaces ALTER COLUMN id SET DEFAULT nextval('public.cc_workspaces_id_seq'::regclass);


--
-- Name: cc_workspaces__blocks id; Type: DEFAULT; Schema: public; Owner: postgres
--

ALTER TABLE ONLY public.cc_workspaces__blocks ALTER COLUMN id SET DEFAULT nextval('public.cc_workspaces__blocks_id_seq'::regclass);


--
-- Name: challenges id; Type: DEFAULT; Schema: public; Owner: postgres
--

ALTER TABLE ONLY public.challenges ALTER COLUMN id SET DEFAULT nextval('public.challenges_id_seq'::regclass);


--
-- Name: classrooms id; Type: DEFAULT; Schema: public; Owner: postgres
--

ALTER TABLE ONLY public.classrooms ALTER COLUMN id SET DEFAULT nextval('public.classrooms_id_seq'::regclass);


--
-- Name: classrooms__cc_workspaces id; Type: DEFAULT; Schema: public; Owner: postgres
--

ALTER TABLE ONLY public.classrooms__cc_workspaces ALTER COLUMN id SET DEFAULT nextval('public.classrooms__cc_workspaces_id_seq'::regclass);


--
-- Name: classrooms_mentors__mentors_classrooms id; Type: DEFAULT; Schema: public; Owner: postgres
--

ALTER TABLE ONLY public.classrooms_mentors__mentors_classrooms ALTER COLUMN id SET DEFAULT nextval('public.classrooms_mentors__mentors_classrooms_id_seq'::regclass);


--
-- Name: classrooms_teachers__teachers_classrooms id; Type: DEFAULT; Schema: public; Owner: postgres
--

ALTER TABLE ONLY public.classrooms_teachers__teachers_classrooms ALTER COLUMN id SET DEFAULT nextval('public.classrooms_teachers__teachers_classrooms_id_seq'::regclass);


--
-- Name: core_store id; Type: DEFAULT; Schema: public; Owner: postgres
--

ALTER TABLE ONLY public.core_store ALTER COLUMN id SET DEFAULT nextval('public.core_store_id_seq'::regclass);


--
-- Name: days id; Type: DEFAULT; Schema: public; Owner: postgres
--

ALTER TABLE ONLY public.days ALTER COLUMN id SET DEFAULT nextval('public.days_id_seq'::regclass);


--
-- Name: days__blocks id; Type: DEFAULT; Schema: public; Owner: postgres
--

ALTER TABLE ONLY public.days__blocks ALTER COLUMN id SET DEFAULT nextval('public.days__blocks_id_seq'::regclass);


--
-- Name: days_learning_components__learning_components_days id; Type: DEFAULT; Schema: public; Owner: postgres
--

ALTER TABLE ONLY public.days_learning_components__learning_components_days ALTER COLUMN id SET DEFAULT nextval('public.days_learning_components__learning_components_days_id_seq'::regclass);


--
-- Name: grades id; Type: DEFAULT; Schema: public; Owner: postgres
--

ALTER TABLE ONLY public.grades ALTER COLUMN id SET DEFAULT nextval('public.grades_id_seq'::regclass);


--
-- Name: learning_component_types id; Type: DEFAULT; Schema: public; Owner: postgres
--

ALTER TABLE ONLY public.learning_component_types ALTER COLUMN id SET DEFAULT nextval('public.learning_component_types_id_seq'::regclass);


--
-- Name: learning_components id; Type: DEFAULT; Schema: public; Owner: postgres
--

ALTER TABLE ONLY public.learning_components ALTER COLUMN id SET DEFAULT nextval('public.learning_components_id_seq'::regclass);


--
-- Name: learning_standards id; Type: DEFAULT; Schema: public; Owner: postgres
--

ALTER TABLE ONLY public.learning_standards ALTER COLUMN id SET DEFAULT nextval('public.learning_standards_id_seq'::regclass);


--
-- Name: mentors id; Type: DEFAULT; Schema: public; Owner: postgres
--

ALTER TABLE ONLY public.mentors ALTER COLUMN id SET DEFAULT nextval('public.mentors_id_seq'::regclass);


--
-- Name: objective_types id; Type: DEFAULT; Schema: public; Owner: postgres
--

ALTER TABLE ONLY public.objective_types ALTER COLUMN id SET DEFAULT nextval('public.objective_types_id_seq'::regclass);


--
-- Name: objectives id; Type: DEFAULT; Schema: public; Owner: postgres
--

ALTER TABLE ONLY public.objectives ALTER COLUMN id SET DEFAULT nextval('public.objectives_id_seq'::regclass);


--
-- Name: saves id; Type: DEFAULT; Schema: public; Owner: postgres
--

ALTER TABLE ONLY public.saves ALTER COLUMN id SET DEFAULT nextval('public.saves_id_seq'::regclass);


--
-- Name: schools id; Type: DEFAULT; Schema: public; Owner: postgres
--

ALTER TABLE ONLY public.schools ALTER COLUMN id SET DEFAULT nextval('public.schools_id_seq'::regclass);


--
-- Name: selections id; Type: DEFAULT; Schema: public; Owner: postgres
--

ALTER TABLE ONLY public.selections ALTER COLUMN id SET DEFAULT nextval('public.selections_id_seq'::regclass);


--
-- Name: sessions id; Type: DEFAULT; Schema: public; Owner: postgres
--

ALTER TABLE ONLY public.sessions ALTER COLUMN id SET DEFAULT nextval('public.sessions_id_seq'::regclass);


--
-- Name: sessions__saves id; Type: DEFAULT; Schema: public; Owner: postgres
--

ALTER TABLE ONLY public.sessions__saves ALTER COLUMN id SET DEFAULT nextval('public.sessions__saves_id_seq'::regclass);


--
-- Name: sessions_students__students_sessions id; Type: DEFAULT; Schema: public; Owner: postgres
--

ALTER TABLE ONLY public.sessions_students__students_sessions ALTER COLUMN id SET DEFAULT nextval('public.sessions_students__students_sessions_id_seq'::regclass);


--
-- Name: strapi_administrator id; Type: DEFAULT; Schema: public; Owner: postgres
--

ALTER TABLE ONLY public.strapi_administrator ALTER COLUMN id SET DEFAULT nextval('public.strapi_administrator_id_seq'::regclass);


--
-- Name: strapi_permission id; Type: DEFAULT; Schema: public; Owner: postgres
--

ALTER TABLE ONLY public.strapi_permission ALTER COLUMN id SET DEFAULT nextval('public.strapi_permission_id_seq'::regclass);


--
-- Name: strapi_role id; Type: DEFAULT; Schema: public; Owner: postgres
--

ALTER TABLE ONLY public.strapi_role ALTER COLUMN id SET DEFAULT nextval('public.strapi_role_id_seq'::regclass);


--
-- Name: strapi_users_roles id; Type: DEFAULT; Schema: public; Owner: postgres
--

ALTER TABLE ONLY public.strapi_users_roles ALTER COLUMN id SET DEFAULT nextval('public.strapi_users_roles_id_seq'::regclass);


--
-- Name: strapi_webhooks id; Type: DEFAULT; Schema: public; Owner: postgres
--

ALTER TABLE ONLY public.strapi_webhooks ALTER COLUMN id SET DEFAULT nextval('public.strapi_webhooks_id_seq'::regclass);


--
-- Name: students id; Type: DEFAULT; Schema: public; Owner: postgres
--

ALTER TABLE ONLY public.students ALTER COLUMN id SET DEFAULT nextval('public.students_id_seq'::regclass);


--
-- Name: submissions id; Type: DEFAULT; Schema: public; Owner: postgres
--

ALTER TABLE ONLY public.submissions ALTER COLUMN id SET DEFAULT nextval('public.submissions_id_seq'::regclass);


--
-- Name: teacher_workspaces id; Type: DEFAULT; Schema: public; Owner: postgres
--

ALTER TABLE ONLY public.teacher_workspaces ALTER COLUMN id SET DEFAULT nextval('public.teacher_workspaces_id_seq'::regclass);


--
-- Name: teacher_workspaces__blocks id; Type: DEFAULT; Schema: public; Owner: postgres
--

ALTER TABLE ONLY public.teacher_workspaces__blocks ALTER COLUMN id SET DEFAULT nextval('public.teacher_workspaces__blocks_id_seq'::regclass);


--
-- Name: teachers id; Type: DEFAULT; Schema: public; Owner: postgres
--

ALTER TABLE ONLY public.teachers ALTER COLUMN id SET DEFAULT nextval('public.teachers_id_seq'::regclass);


--
-- Name: units id; Type: DEFAULT; Schema: public; Owner: postgres
--

ALTER TABLE ONLY public.units ALTER COLUMN id SET DEFAULT nextval('public.units_id_seq'::regclass);


--
-- Name: upload_file id; Type: DEFAULT; Schema: public; Owner: postgres
--

ALTER TABLE ONLY public.upload_file ALTER COLUMN id SET DEFAULT nextval('public.upload_file_id_seq'::regclass);


--
-- Name: upload_file_morph id; Type: DEFAULT; Schema: public; Owner: postgres
--

ALTER TABLE ONLY public.upload_file_morph ALTER COLUMN id SET DEFAULT nextval('public.upload_file_morph_id_seq'::regclass);


--
-- Name: users-permissions_permission id; Type: DEFAULT; Schema: public; Owner: postgres
--

ALTER TABLE ONLY public."users-permissions_permission" ALTER COLUMN id SET DEFAULT nextval('public."users-permissions_permission_id_seq"'::regclass);


--
-- Name: users-permissions_role id; Type: DEFAULT; Schema: public; Owner: postgres
--

ALTER TABLE ONLY public."users-permissions_role" ALTER COLUMN id SET DEFAULT nextval('public."users-permissions_role_id_seq"'::regclass);


--
-- Name: users-permissions_user id; Type: DEFAULT; Schema: public; Owner: postgres
--

ALTER TABLE ONLY public."users-permissions_user" ALTER COLUMN id SET DEFAULT nextval('public."users-permissions_user_id_seq"'::regclass);


--
-- Data for Name: block_images; Type: TABLE DATA; Schema: public; Owner: postgres
--

COPY public.block_images (id, block, published_at, created_by, updated_by, created_at, updated_at, test) FROM stdin;
\.


--
-- Data for Name: blocks; Type: TABLE DATA; Schema: public; Owner: postgres
--

COPY public.blocks (id, name, description, blocks_category, created_at, updated_at, created_by, updated_by, block_image, image_url) FROM stdin;
108	map	This one is having issues	\N	2020-11-29 23:03:20.666+00	2021-04-04 19:58:51.46+00	\N	\N	\N	\N
40	math_ardublockly_plus_top_large	\N	\N	2020-11-09 22:46:39.658+00	2021-08-01 14:40:03.576+00	\N	\N	\N	\N
3	controls_for	\N	2	2020-05-13 09:20:29+00	2021-11-13 23:31:12.761+00	\N	1	6	/images/controls_for.png
37	io_analogwrite	\N	6	2020-05-13 10:50:43+00	2021-11-13 23:32:49.289+00	\N	1	\N	/images/io_analogwrite.png
84	procedures_defnoreturn	\N	8	2020-11-29 21:45:51.992+00	2021-11-13 23:40:51.48+00	\N	1	\N	/images/procedures_defnoreturn.png
6	logic_boolean	\N	1	2020-05-13 09:20:50+00	2021-11-13 23:37:21.237+00	\N	1	\N	/images/logic_boolean.png
100	arduino_functions	\N	8	2020-11-29 22:35:07.909+00	2021-11-13 23:17:41.456+00	\N	1	2	/images/arduino_functions.png
99	infinite_loop	\N	7	2020-11-29 22:32:12.671+00	2021-11-13 23:32:11.955+00	\N	1	\N	/images/infinite_loop.png
109	block_comment	\N	4	2021-06-10 21:23:39.541+00	2021-11-13 23:30:39.853+00	\N	1	3	/images/block_comment.png
1	controls_if	\N	2	2020-05-13 09:20:13+00	2021-11-13 23:31:30.973+00	\N	1	7	/images/controls_if.png
13	controls_flow_statements	\N	2	2020-05-13 10:43:57+00	2021-11-13 23:31:03.479+00	\N	1	4	/images/controls_flow_statements.png
75	io_pulsein	\N	6	2020-11-29 19:49:56.287+00	2021-11-13 23:34:18.372+00	\N	1	\N	/images/io_pulsein.png
110	insert_comment	\N	4	2021-06-10 21:23:50.325+00	2021-11-13 23:32:23.922+00	\N	1	\N	/images/insert_comment.png
10	controls_repeat	\N	2	2020-05-13 10:43:03+00	2021-11-13 23:31:39.918+00	\N	1	\N	/images/controls_repeat.png
74	io_builtin_led	\N	6	2020-11-29 19:48:56.701+00	2021-11-13 23:33:01.063+00	\N	1	\N	/images/io_builtin_led.png
5	logic_operation	\N	1	2020-05-13 09:20:44+00	2021-11-13 23:38:01.893+00	\N	1	\N	/images/logic_operation.png
39	io_highlow	\N	6	2020-05-13 10:51:03+00	2021-11-13 23:33:56.802+00	\N	1	\N	/images/io_highlow.png
38	io_analogread	\N	6	2020-05-13 10:50:49+00	2021-11-13 23:32:37.696+00	\N	1	\N	/images/io_analogread.png
2	controls_whileUntil	\N	2	2020-05-13 09:20:23+00	2021-11-13 23:36:03.031+00	\N	1	\N	/images/controls_while_Until.png
36	io_digitalread	\N	6	2020-05-13 10:50:36+00	2021-11-13 23:33:37.323+00	\N	1	\N	/images/io_digitalread.png
76	io_pulsetimeout	\N	6	2020-11-29 19:50:09.718+00	2021-11-13 23:34:28.291+00	\N	1	\N	/images/io_pulsetimeout.png
35	io_digitalwrite	\N	6	2020-05-13 10:50:27+00	2021-11-13 23:33:46.301+00	\N	1	\N	/images/io_digitalwrite.png
101	io_notone	\N	10	2020-11-29 22:39:03.279+00	2021-11-13 23:34:07.682+00	\N	1	\N	/images/io_notone.png
4	logic_compare	\N	1	2020-05-13 09:20:35+00	2021-11-13 23:37:38.399+00	\N	1	\N	/images/logic_compare.png
12	controls_forEach	\N	2	2020-05-13 10:43:42+00	2021-11-13 23:36:25.66+00	\N	1	5	/images/controls_for_Each.png
103	io_tone	\N	10	2020-11-29 22:41:13.997+00	2021-11-13 23:34:57.221+00	\N	1	\N	/images/io_tone.png
15	math_arithmetic	\N	3	2020-05-13 10:44:20+00	2021-11-13 23:38:35.193+00	\N	1	\N	/images/math_arithmetic.png
8	logic_null	\N	1	2020-05-13 10:42:30+00	2021-11-13 23:37:53.925+00	\N	1	\N	/images/logic_null.png
7	logic_negate	\N	1	2020-05-13 10:42:01+00	2021-11-13 23:37:46.66+00	\N	1	\N	/images/logic_negate.png
23	math_modulo	\N	3	2020-05-13 10:45:34+00	2021-11-13 23:39:12.941+00	\N	1	\N	/images/math_modulo.png
9	logic_ternary	\N	1	2020-05-13 10:42:40+00	2021-11-13 23:38:09.756+00	\N	1	\N	/images/logic_ternary.png
14	math_number	\N	3	2020-05-13 10:44:13+00	2021-11-13 23:39:21.443+00	\N	1	\N	/images/math_number.png
20	math_change	\N	3	2020-05-13 10:45:09+00	2021-11-13 23:38:44.762+00	\N	1	\N	/images/math_change.png
18	math_constant	\N	3	2020-05-13 10:44:41+00	2021-11-13 23:38:56.193+00	\N	1	\N	/images/math_constant.png
24	math_constrain	\N	3	2020-05-13 10:45:42+00	2021-11-13 23:39:04.125+00	\N	1	\N	/images/math_constrain.png
19	math_number_property	\N	3	2020-05-13 10:44:56+00	2021-11-13 23:39:32.621+00	\N	1	\N	/images/math_number_property.png
111	procedures_callreturn	\N	8	2021-10-31 21:34:06.229+00	2021-11-13 23:40:43.291+00	1	1	\N	/images/procedures_callreturn.png
22	math_on_list	\N	3	2020-05-13 10:45:25+00	2021-11-13 23:39:41.27+00	\N	1	\N	/images/math_on_list.png
26	math_random_float	\N	3	2020-05-13 10:46:05+00	2021-11-13 23:39:51.439+00	\N	1	\N	/images/math_random_float.png
25	math_random_int	\N	3	2020-05-13 10:45:57+00	2021-11-13 23:40:00.51+00	\N	1	\N	/images/math_random_int.png
21	math_round	\N	3	2020-05-13 10:45:17+00	2021-11-13 23:40:08.054+00	\N	1	\N	/images/math_round.png
16	math_single	\N	3	2020-05-13 10:44:28+00	2021-11-13 23:40:17.726+00	\N	1	\N	/images/math_single.png
17	math_trig	\N	3	2020-05-13 10:44:34+00	2021-11-13 23:40:27.115+00	\N	1	\N	/images/math_trig.png
112	procedures_callnoreturn	\N	8	2021-10-31 21:36:13.348+00	2021-11-13 23:40:37.189+00	1	1	\N	/images/procedures_callnoreturn.png
80	procedures_defreturn	\N	8	2020-11-29 21:32:53.36+00	2021-11-13 23:40:58.752+00	\N	1	\N	/images/procedures_defreturn.png
83	procedures_ifreturn	\N	8	2020-11-29 21:43:59.78+00	2021-11-13 23:41:06.819+00	\N	1	\N	/images/procedures_ifreturn.png
91	serial_print	\N	11	2020-11-29 22:07:07.555+00	2021-11-13 23:41:18.72+00	\N	1	\N	/images/serial_print.png
90	serial_setup	\N	11	2020-11-29 22:06:20.41+00	2021-11-13 23:41:25.792+00	\N	1	\N	/images/serial_setup.png
95	servo_read	\N	9	2020-11-29 22:14:31.086+00	2021-11-13 23:41:35.137+00	\N	1	\N	/images/servo_read.png
96	servo_write	\N	9	2020-11-29 22:28:27.863+00	2021-11-13 23:41:43.19+00	\N	1	\N	/images/servo_write.png
85	spi_setup	\N	11	2020-11-29 22:04:13.872+00	2021-11-13 23:41:56.627+00	\N	1	\N	/images/spi_setup.png
88	spi_transfer	\N	11	2020-11-29 22:04:51.398+00	2021-11-13 23:42:03.67+00	\N	1	\N	/images/spi_transfer.png
89	spi_transfer_return	\N	11	2020-11-29 22:05:06.678+00	2021-11-13 23:42:13.672+00	\N	1	\N	/images/spi_transfer_return.png
98	stepper_config	\N	9	2020-11-29 22:30:35.552+00	2021-11-13 23:42:23.967+00	\N	1	\N	/images/stepper_config.png
97	stepper_step	\N	9	2020-11-29 22:30:04.462+00	2021-11-13 23:42:34.331+00	\N	1	\N	/images/stepper_step.png
27	text	\N	4	2020-05-13 10:46:15+00	2021-11-13 23:42:45.345+00	\N	1	\N	/images/text.png
28	text_append	\N	4	2020-05-13 10:46:34+00	2021-11-13 23:42:51.275+00	\N	1	\N	/images/text_append.png
32	text_getSubstring	\N	4	2020-05-13 10:47:04+00	2021-11-13 23:47:19.186+00	\N	1	\N	/images/text_get_Substring.png
92	text_endString	\N	\N	2020-11-29 22:08:22.106+00	2021-11-13 23:43:06.347+00	\N	1	\N	/images/text_endString.png
30	text_isEmpty	\N	4	2020-05-13 10:46:46+00	2021-11-13 23:47:33.028+00	\N	1	\N	/images/text_is_Empty.png
29	text_length	\N	4	2020-05-13 10:46:40+00	2021-11-13 23:43:37.084+00	\N	1	\N	/images/text_length.png
104	text_print	\N	4	2020-11-29 22:44:27.616+00	2021-11-13 23:43:43.009+00	\N	1	\N	/images/text_print.png
93	text_prompt_ext	\N	11	2020-11-29 22:09:19.448+00	2021-11-13 23:43:51.247+00	\N	1	\N	/images/text_prompt_ext.png
77	time_delaymicros	\N	7	2020-11-29 21:20:37.677+00	2021-11-13 23:44:10.602+00	\N	1	\N	/images/time_delaymicros.png
79	time_micros	\N	7	2020-11-29 21:28:12.409+00	2021-11-13 23:44:20.581+00	\N	1	\N	/images/time_micros.png
78	time_millis	\N	7	2020-11-29 21:22:11.226+00	2021-11-13 23:44:27.365+00	\N	1	\N	/images/time_millis.png
34	variables_set	\N	5	2020-05-13 10:47:24+00	2021-11-13 23:44:47.525+00	\N	1	\N	/images/variables_set.png
102	variables_set_type	\N	5	2020-11-29 22:39:42.745+00	2021-11-13 23:44:53.745+00	\N	1	\N	/images/variables_set_type.png
94	text_join	\N	4	2020-11-29 22:11:36.853+00	2021-11-13 23:43:30.471+00	\N	1	\N	/images/text_join.png
73	time_delay	\N	7	2020-11-16 01:54:00.085+00	2021-11-13 23:44:02.534+00	\N	1	\N	/images/time_delay.png
33	variables_get	\N	5	2020-05-13 10:47:20+00	2021-11-13 23:44:39.414+00	\N	1	\N	/images/variables_get.png
31	text_charAt	\N	4	2020-05-13 10:46:55+00	2021-11-13 23:47:07.94+00	\N	1	\N	/images/text_char_At.png
115	sensor_read_dht_temperature	\N	12	2022-02-12 21:20:17.349+00	2022-02-12 21:26:48.968+00	1	1	\N	/images/sensor_read_dht_temperature.png
114	sensor_read_dht_humidity	\N	12	2022-02-12 21:20:00.312+00	2022-02-12 21:27:06.972+00	1	1	\N	/images/sensor_read_dht_humidity.png
113	sensor_set_dht_pin	\N	12	2022-02-12 21:19:36.594+00	2022-02-12 21:27:23.732+00	1	1	\N	/images/sensor_set_dht_pin.png
\.


--
-- Data for Name: blocks_categories; Type: TABLE DATA; Schema: public; Owner: postgres
--

COPY public.blocks_categories (id, name, created_at, updated_at, created_by, updated_by) FROM stdin;
1	Logic	2020-03-31 15:59:12+00	2020-05-13 09:41:43+00	\N	\N
4	Text	2020-05-13 10:52:16+00	2020-05-13 10:52:16+00	\N	\N
5	Variables	2020-05-13 10:52:37+00	2020-05-13 10:52:37+00	\N	\N
8	Functions	2020-11-29 21:32:33.993+00	2020-11-29 21:32:33.993+00	\N	\N
7	Time	2020-11-16 01:53:27.771+00	2020-11-16 01:53:27.771+00	\N	\N
10	Audio	2020-11-29 22:03:14.628+00	2020-11-29 22:03:14.628+00	\N	\N
9	Motors	2020-11-29 22:03:10.051+00	2020-11-29 22:03:10.051+00	\N	\N
6	IO	2020-05-13 10:53:08+00	2020-05-13 10:58:21+00	\N	\N
11	Comms	2020-11-29 22:03:30.193+00	2020-11-29 22:03:30.193+00	\N	\N
2	Control	2020-05-13 09:21:59+00	2020-05-13 09:41:35+00	\N	\N
3	Math	2020-05-13 10:51:16+00	2020-05-13 10:51:16+00	\N	\N
12	DHT	2022-02-12 21:19:13.72+00	2022-02-12 21:19:13.749+00	1	1
\.


--
-- Data for Name: cc_workspaces; Type: TABLE DATA; Schema: public; Owner: postgres
--

COPY public.cc_workspaces (id, name, description, template, published_at, created_by, updated_by, created_at, updated_at, classroom) FROM stdin;
17	test_cereator_2	dag	<xml xmlns="http://www.w3.org/1999/xhtml"><block type="math_modulo" id="N12?lAxC;|b@rN=+3|H`" x="146" y="109"></block></xml>	2022-02-10 03:14:44.815+00	\N	\N	2022-02-10 03:14:44.817+00	2022-02-10 19:00:16.314+00	\N
13	test_pedro_2	dsadfa	<xml xmlns="http://www.w3.org/1999/xhtml"><block type="controls_for" id="6WNvscThJwr^1eWk!~+O" x="483" y="31"><field name="VAR">j</field></block><block type="logic_boolean" id="m9b1MM|M3VeO0T[GXB.J" x="201" y="65"><field name="BOOL">TRUE</field></block><block type="logic_boolean" id="b%g-,4#M4Ur,L}.m]~=h" x="216" y="105"><field name="BOOL">TRUE</field></block><block type="controls_for" id="|sy(5DkzsbzDi38*aDb:" x="271" y="159"><field name="VAR">i</field></block></xml>	2022-02-10 03:10:31.436+00	\N	\N	2022-02-10 03:10:31.444+00	2022-02-10 19:15:16.811+00	1
25	test_new_workspace	asdfas	<xml xmlns="http://www.w3.org/1999/xhtml"><block type="controls_for" id="6WNvscThJwr^1eWk!~+O" x="483" y="31"><field name="VAR">j</field></block><block type="logic_boolean" id="m9b1MM|M3VeO0T[GXB.J" x="201" y="65"><field name="BOOL">TRUE</field></block><block type="logic_boolean" id="b%g-,4#M4Ur,L}.m]~=h" x="216" y="105"><field name="BOOL">TRUE</field></block><block type="controls_for" id="|sy(5DkzsbzDi38*aDb:" x="271" y="159"><field name="VAR">i</field></block></xml>	2022-02-10 19:15:33.961+00	\N	\N	2022-02-10 19:15:33.966+00	2022-02-10 19:15:33.974+00	1
12	teest_creator	sf	<xml xmlns="http://www.w3.org/1999/xhtml"><block type="math_modulo" id="N12?lAxC;|b@rN=+3|H`" x="146" y="109"></block></xml>	2022-02-10 03:03:19.073+00	\N	\N	2022-02-10 03:03:19.076+00	2022-02-10 19:03:09.116+00	\N
18	test_pedro_3	fasfs	<xml xmlns="http://www.w3.org/1999/xhtml"></xml>	2022-02-10 03:19:02.163+00	\N	\N	2022-02-10 03:19:02.166+00	2022-02-10 19:03:31.257+00	1
26	df	ds	<xml xmlns="http://www.w3.org/1999/xhtml"></xml>	2022-02-10 19:15:49.116+00	\N	\N	2022-02-10 19:15:49.12+00	2022-02-10 19:15:49.129+00	1
24	test_creator_again	asdg	<xml xmlns="http://www.w3.org/1999/xhtml"></xml>	2022-02-10 19:04:50.605+00	\N	\N	2022-02-10 19:04:50.607+00	2022-02-10 19:04:50.616+00	\N
19	test_pedro_4	gasgs	<xml xmlns="http://www.w3.org/1999/xhtml"><block type="variables_set_type" id="%.X}qE]Y(e0a(D:in.bH" x="312" y="134"><field name="VARIABLE_SETTYPE_TYPE">CHARACTER</field></block></xml>	2022-02-10 03:19:20.019+00	\N	\N	2022-02-10 03:19:20.022+00	2022-02-10 03:20:21.065+00	1
20	test_pedro_5	dsga	<xml xmlns="http://www.w3.org/1999/xhtml"><block type="variables_set_type" id="%.X}qE]Y(e0a(D:in.bH" x="312" y="134"><field name="VARIABLE_SETTYPE_TYPE">CHARACTER</field></block></xml>	2022-02-10 03:22:30.182+00	\N	\N	2022-02-10 03:22:30.184+00	2022-02-10 03:22:30.193+00	1
22	what	dsag	<xml xmlns="http://www.w3.org/1999/xhtml"></xml>	2022-02-10 03:43:45.393+00	\N	\N	2022-02-10 03:43:45.396+00	2022-02-10 03:43:45.404+00	1
23	etst_invalud	gasg	<xml xmlns="http://www.w3.org/1999/xhtml"></xml>	2022-02-10 03:44:13.189+00	\N	\N	2022-02-10 03:44:13.192+00	2022-02-10 03:44:13.199+00	1
11	test_pedro	sdaafas	<xml xmlns="http://www.w3.org/1999/xhtml"><block type="logic_boolean" id="m9b1MM|M3VeO0T[GXB.J" x="201" y="65"><field name="BOOL">TRUE</field></block><block type="block_comment" id=")3tPeJ(:G)=t2O-OT1:F" x="380" y="149"><field name="comment_input">Block comment</field></block></xml>	2022-02-10 03:02:41.817+00	\N	\N	2022-02-10 03:02:41.82+00	2022-02-10 19:15:01.898+00	1
27	new cc workspace	test	<xml xmlns="http://www.w3.org/1999/xhtml"><block type="logic_operation" id="NuuGP/:63_KMl;1Qi(|g" x="363" y="29"><field name="OP">AND</field></block><block type="arduino_functions" id="rUg-FYT9I)p@^8|v_H9W" x="223" y="88"></block><block type="math_modulo" id="LBx^OkRgUl7Kcc3C^ZCy" x="506" y="133"></block><block type="variables_set_type" id="Wm#9{Zq4CtOqIkt]s^a}" x="541" y="243"><field name="VARIABLE_SETTYPE_TYPE">CHARACTER</field></block><block type="io_tone" id="c7KZpkk/,TUb*[J/xtDZ" x="201" y="336"><field name="TONEPIN">0</field></block></xml>	2022-02-15 20:47:04.492+00	\N	\N	2022-02-15 20:47:04.498+00	2022-02-15 20:47:04.507+00	\N
21	test_invalid	daf	<xml xmlns="http://www.w3.org/1999/xhtml"></xml>	2022-02-10 03:26:10.224+00	\N	\N	2022-02-10 03:26:10.227+00	2022-02-21 03:49:56.062+00	4
28	blink activity	123456	<xml xmlns="http://www.w3.org/1999/xhtml"><block type="block_comment" id="N)!hdwaVhwwIqaqxOxe_" x="192" y="83"><field name="comment_input">Block comment</field><statement name="comment"><block type="controls_for" id="DZV4#hQYya_e?5i*L;Vo"><field name="VAR">i</field></block></statement></block></xml>	2022-02-21 03:50:16.224+00	\N	\N	2022-02-21 03:50:16.227+00	2022-02-21 03:50:36.043+00	4
\.


--
-- Data for Name: cc_workspaces__blocks; Type: TABLE DATA; Schema: public; Owner: postgres
--

COPY public.cc_workspaces__blocks (id, cc_workspace_id, block_id) FROM stdin;
\.


--
-- Data for Name: challenges; Type: TABLE DATA; Schema: public; Owner: postgres
--

COPY public.challenges (id, name, created_at, updated_at, created_by, updated_by) FROM stdin;
\.


--
-- Data for Name: classrooms; Type: TABLE DATA; Schema: public; Owner: postgres
--

COPY public.classrooms (id, name, school, code, grade, created_at, updated_at, created_by, updated_by, cc_workspace) FROM stdin;
7	Basic Mentor3's 5rd grade classroom	2	3355	4	2021-08-01 18:36:46.009+00	2021-08-01 18:37:17.176+00	\N	\N	\N
4	Basic Mentor2's 3rd grade classroom	2	2233	1	2021-08-01 18:33:39.337+00	2021-08-01 18:41:33.148+00	\N	\N	\N
5	Basic Mentor2's 4rd grade classroom	2	2244	3	2021-08-01 18:34:59.319+00	2021-08-01 18:41:43.755+00	\N	\N	\N
6	Basic Mentor3's 4rd grade classroom	2	3344	3	2021-08-01 18:36:12.41+00	2021-08-01 18:41:55.056+00	\N	\N	\N
1	Pedro's 5th grade Science Classroom	1	0450	4	2020-07-24 16:31:53.641+00	2022-02-01 04:18:51.927+00	\N	1	\N
\.


--
-- Data for Name: classrooms__cc_workspaces; Type: TABLE DATA; Schema: public; Owner: postgres
--

COPY public.classrooms__cc_workspaces (id, classroom_id, "cc-workspace_id") FROM stdin;
1	1	2
\.


--
-- Data for Name: classrooms_mentors__mentors_classrooms; Type: TABLE DATA; Schema: public; Owner: postgres
--

COPY public.classrooms_mentors__mentors_classrooms (id, mentor_id, classroom_id) FROM stdin;
1	1	1
5	3	5
6	4	6
7	4	7
8	3	4
\.


--
-- Data for Name: classrooms_teachers__teachers_classrooms; Type: TABLE DATA; Schema: public; Owner: postgres
--

COPY public.classrooms_teachers__teachers_classrooms (id, teacher_id, classroom_id) FROM stdin;
\.


--
-- Data for Name: core_store; Type: TABLE DATA; Schema: public; Owner: postgres
--

COPY public.core_store (id, key, value, type, environment, tag) FROM stdin;
13	db_model_core_store	{"key":{"type":"string"},"value":{"type":"text"},"type":{"type":"string"},"environment":{"type":"string"},"tag":{"type":"string"}}	object	\N	\N
17	db_model_strapi_webhooks	{"name":{"type":"string"},"url":{"type":"text"},"headers":{"type":"json"},"events":{"type":"json"},"enabled":{"type":"boolean"}}	object	\N	\N
19	db_model_upload_file	{"name":{"type":"string","configurable":false,"required":true},"alternativeText":{"type":"string","configurable":false},"caption":{"type":"string","configurable":false},"width":{"type":"integer","configurable":false},"height":{"type":"integer","configurable":false},"formats":{"type":"json","configurable":false},"hash":{"type":"string","configurable":false,"required":true},"ext":{"type":"string","configurable":false},"mime":{"type":"string","configurable":false,"required":true},"size":{"type":"decimal","configurable":false,"required":true},"url":{"type":"string","configurable":false,"required":true},"previewUrl":{"type":"string","configurable":false},"provider":{"type":"string","configurable":false,"required":true},"provider_metadata":{"type":"json","configurable":false},"related":{"collection":"*","filter":"field","configurable":false},"created_at":{"type":"currentTimestamp"},"updated_at":{"type":"currentTimestamp"}}	object	\N	\N
56	plugin_upload_settings	{"sizeOptimization":true,"responsiveDimensions":true}	object	production	
57	db_model_challenges	{"name":{"type":"string"},"created_by":{"model":"user","plugin":"admin","private":true},"updated_by":{"model":"user","plugin":"admin","private":true},"created_at":{"type":"currentTimestamp"},"updated_at":{"type":"currentTimestamp"}}	object	\N	\N
20	db_model_strapi_administrator	{"firstname":{"type":"string","unique":false,"minLength":1,"configurable":false,"required":false},"lastname":{"type":"string","unique":false,"minLength":1,"configurable":false,"required":false},"username":{"type":"string","unique":false,"configurable":false,"required":false},"email":{"type":"email","minLength":6,"configurable":false,"required":true,"unique":true,"private":true},"password":{"type":"password","minLength":6,"configurable":false,"required":false,"private":true},"resetPasswordToken":{"type":"string","configurable":false,"private":true},"registrationToken":{"type":"string","configurable":false,"private":true},"isActive":{"type":"boolean","default":false,"configurable":false,"private":true},"roles":{"collection":"role","collectionName":"strapi_users_roles","via":"users","dominant":true,"plugin":"admin","configurable":false,"private":true,"attribute":"role","column":"id","isVirtual":true},"blocked":{"type":"boolean","default":false,"configurable":false,"private":true}}	object	\N	\N
109	model_def_application::teacher.teacher	{"uid":"application::teacher.teacher","collectionName":"teachers","kind":"collectionType","info":{"name":"Teacher"},"options":{"increments":true,"timestamps":["created_at","updated_at"]},"attributes":{"first_name":{"type":"string","required":true},"last_name":{"type":"string","required":true},"school":{"model":"school","via":"teachers"},"classrooms":{"via":"teachers","collection":"classroom","dominant":true,"attribute":"classroom","column":"id","isVirtual":true},"user":{"plugin":"users-permissions","model":"user"},"created_by":{"model":"user","plugin":"admin","configurable":false,"writable":false,"private":true},"updated_by":{"model":"user","plugin":"admin","configurable":false,"writable":false,"private":true}}}	object	\N	\N
52	db_model_saves	{"day":{"model":"day"},"student":{"model":"student"},"session":{"model":"session"},"workspace":{"type":"text","required":true},"created_by":{"model":"user","plugin":"admin","private":true},"updated_by":{"model":"user","plugin":"admin","private":true},"created_at":{"type":"currentTimestamp"},"updated_at":{"type":"currentTimestamp"}}	object	\N	\N
33	plugin_content_manager_configuration_content_types::application::grade.grade	{"uid":"application::grade.grade","settings":{"bulkable":true,"filterable":true,"searchable":true,"pageSize":10,"mainField":"name","defaultSortBy":"name","defaultSortOrder":"ASC"},"metadatas":{"id":{"edit":{},"list":{"label":"Id","searchable":true,"sortable":true}},"name":{"edit":{"label":"Name","description":"","placeholder":"","visible":true,"editable":true},"list":{"label":"Name","searchable":true,"sortable":true}},"classrooms":{"edit":{"label":"Classrooms","description":"","placeholder":"","visible":true,"editable":true,"mainField":"name"},"list":{"label":"Classrooms","searchable":false,"sortable":false}},"units":{"edit":{"label":"Units","description":"","placeholder":"","visible":true,"editable":true,"mainField":"name"},"list":{"label":"Units","searchable":false,"sortable":false}},"created_at":{"edit":{"label":"Created_at","description":"","placeholder":"","visible":false,"editable":true},"list":{"label":"Created_at","searchable":true,"sortable":true}},"updated_at":{"edit":{"label":"Updated_at","description":"","placeholder":"","visible":false,"editable":true},"list":{"label":"Updated_at","searchable":true,"sortable":true}}},"layouts":{"list":["id","name","created_at","updated_at"],"editRelations":["classrooms","units"],"edit":[[{"name":"name","size":6}]]}}	object		
23	db_model_classrooms_teachers__teachers_classrooms	{"teacher_id":{"type":"integer"},"classroom_id":{"type":"integer"}}	object	\N	\N
24	db_model_sessions_students__students_sessions	{"student_id":{"type":"integer"},"session_id":{"type":"integer"}}	object	\N	\N
43	plugin_content_manager_configuration_content_types::application::unit.unit	{"uid":"application::unit.unit","settings":{"bulkable":true,"filterable":true,"searchable":true,"pageSize":10,"mainField":"name","defaultSortBy":"name","defaultSortOrder":"ASC"},"metadatas":{"id":{"edit":{},"list":{"label":"Id","searchable":true,"sortable":true}},"grade":{"edit":{"label":"Grade","description":"","placeholder":"","visible":true,"editable":true,"mainField":"name"},"list":{"label":"Grade","searchable":false,"sortable":true}},"name":{"edit":{"label":"Name","description":"","placeholder":"","visible":true,"editable":true},"list":{"label":"Name","searchable":true,"sortable":true}},"teks_id":{"edit":{"label":"Teks_id","description":"","placeholder":"","visible":true,"editable":true},"list":{"label":"Teks_id","searchable":true,"sortable":true}},"teks_description":{"edit":{"label":"Teks_description","description":"","placeholder":"","visible":true,"editable":true},"list":{"label":"Teks_description","searchable":true,"sortable":true}},"learning_standards":{"edit":{"label":"Learning_standards","description":"","placeholder":"","visible":true,"editable":true,"mainField":"name"},"list":{"label":"Learning_standards","searchable":false,"sortable":false}},"number":{"edit":{"label":"Number","description":"","placeholder":"","visible":true,"editable":true},"list":{"label":"Number","searchable":true,"sortable":true}},"created_at":{"edit":{"label":"Created_at","description":"","placeholder":"","visible":false,"editable":true},"list":{"label":"Created_at","searchable":true,"sortable":true}},"updated_at":{"edit":{"label":"Updated_at","description":"","placeholder":"","visible":false,"editable":true},"list":{"label":"Updated_at","searchable":true,"sortable":true}}},"layouts":{"list":["id","name","teks_id","number"],"edit":[[{"name":"name","size":6}],[{"name":"teks_id","size":6},{"name":"teks_description","size":6}],[{"name":"number","size":4}]],"editRelations":["grade","learning_standards"]}}	object		
49	plugin_users-permissions_email	{"reset_password":{"display":"Email.template.reset_password","icon":"sync","options":{"from":{"name":"Administration Panel","email":"no-reply@strapi.io"},"response_email":"","object":"Reset password","message":"<p>We heard that you lost your password. Sorry about that!</p>\\n\\n<p>But dont worry! You can use the following link to reset your password:</p>\\n\\n<p><%= URL %>?code=<%= TOKEN %></p>\\n\\n<p>Thanks.</p>"}},"email_confirmation":{"display":"Email.template.email_confirmation","icon":"check-square","options":{"from":{"name":"Administration Panel","email":"no-reply@strapi.io"},"response_email":"","object":"Account confirmation","message":"<p>Thank you for registering!</p>\\n\\n<p>You have to confirm your email address. Please click on the link below.</p>\\n\\n<p><%= URL %>?confirmation=<%= CODE %></p>\\n\\n<p>Thanks.</p>"}}}	object		
31	plugin_content_manager_configuration_content_types::application::blocks-category.blocks-category	{"uid":"application::blocks-category.blocks-category","settings":{"bulkable":true,"filterable":true,"searchable":true,"pageSize":10,"mainField":"name","defaultSortBy":"name","defaultSortOrder":"ASC"},"metadatas":{"id":{"edit":{},"list":{"label":"Id","searchable":true,"sortable":true}},"name":{"edit":{"label":"Name","description":"","placeholder":"","visible":true,"editable":true},"list":{"label":"Name","searchable":true,"sortable":true}},"blocks":{"edit":{"label":"Blocks","description":"","placeholder":"","visible":true,"editable":true,"mainField":"name"},"list":{"label":"Blocks","searchable":false,"sortable":false}},"created_at":{"edit":{"label":"Created_at","description":"","placeholder":"","visible":false,"editable":true},"list":{"label":"Created_at","searchable":true,"sortable":true}},"updated_at":{"edit":{"label":"Updated_at","description":"","placeholder":"","visible":false,"editable":true},"list":{"label":"Updated_at","searchable":true,"sortable":true}}},"layouts":{"list":["id","name","created_at","updated_at"],"editRelations":["blocks"],"edit":[[{"name":"name","size":6}]]}}	object		
11	db_model_objectives	{"day":{"via":"objectives","model":"day"},"description":{"type":"text","required":true},"objective_type":{"model":"objective-type","via":"objectives"},"created_by":{"model":"user","plugin":"admin","private":true},"updated_by":{"model":"user","plugin":"admin","private":true},"created_at":{"type":"currentTimestamp"},"updated_at":{"type":"currentTimestamp"}}	object	\N	\N
25	db_model_classrooms_mentors__mentors_classrooms	{"mentor_id":{"type":"integer"},"classroom_id":{"type":"integer"}}	object	\N	\N
46	plugin_content_manager_configuration_content_types::plugins::users-permissions.role	{"uid":"plugins::users-permissions.role","settings":{"bulkable":true,"filterable":true,"searchable":true,"pageSize":10,"mainField":"name","defaultSortBy":"name","defaultSortOrder":"ASC"},"metadatas":{"id":{"edit":{},"list":{"label":"Id","searchable":true,"sortable":true}},"name":{"edit":{"label":"Name","description":"","placeholder":"","visible":true,"editable":true},"list":{"label":"Name","searchable":true,"sortable":true}},"description":{"edit":{"label":"Description","description":"","placeholder":"","visible":true,"editable":true},"list":{"label":"Description","searchable":true,"sortable":true}},"type":{"edit":{"label":"Type","description":"","placeholder":"","visible":true,"editable":true},"list":{"label":"Type","searchable":true,"sortable":true}},"permissions":{"edit":{"label":"Permissions","description":"","placeholder":"","visible":true,"editable":true,"mainField":"type"},"list":{"label":"Permissions","searchable":false,"sortable":false}},"users":{"edit":{"label":"Users","description":"","placeholder":"","visible":true,"editable":true,"mainField":"username"},"list":{"label":"Users","searchable":false,"sortable":false}}},"layouts":{"list":["id","name","description","type"],"editRelations":["permissions","users"],"edit":[[{"name":"name","size":6},{"name":"description","size":6}],[{"name":"type","size":6}]]}}	object		
26	db_model_upload_file_morph	{"upload_file_id":{"type":"integer"},"related_id":{"type":"integer"},"related_type":{"type":"text"},"field":{"type":"text"},"order":{"type":"integer"}}	object	\N	\N
27	plugin_upload_settings	{"sizeOptimization":true,"responsiveDimensions":true}	object	development	
45	plugin_content_manager_configuration_content_types::plugins::users-permissions.permission	{"uid":"plugins::users-permissions.permission","settings":{"bulkable":true,"filterable":true,"searchable":true,"pageSize":10,"mainField":"type","defaultSortBy":"type","defaultSortOrder":"ASC"},"metadatas":{"id":{"edit":{},"list":{"label":"Id","searchable":true,"sortable":true}},"type":{"edit":{"label":"Type","description":"","placeholder":"","visible":true,"editable":true},"list":{"label":"Type","searchable":true,"sortable":true}},"controller":{"edit":{"label":"Controller","description":"","placeholder":"","visible":true,"editable":true},"list":{"label":"Controller","searchable":true,"sortable":true}},"action":{"edit":{"label":"Action","description":"","placeholder":"","visible":true,"editable":true},"list":{"label":"Action","searchable":true,"sortable":true}},"enabled":{"edit":{"label":"Enabled","description":"","placeholder":"","visible":true,"editable":true},"list":{"label":"Enabled","searchable":true,"sortable":true}},"policy":{"edit":{"label":"Policy","description":"","placeholder":"","visible":true,"editable":true},"list":{"label":"Policy","searchable":true,"sortable":true}},"role":{"edit":{"label":"Role","description":"","placeholder":"","visible":true,"editable":true,"mainField":"name"},"list":{"label":"Role","searchable":false,"sortable":true}}},"layouts":{"list":["id","type","controller","action"],"editRelations":["role"],"edit":[[{"name":"type","size":6},{"name":"controller","size":6}],[{"name":"action","size":6},{"name":"enabled","size":4}],[{"name":"policy","size":6}]]}}	object		
50	plugin_users-permissions_advanced	{"unique_email":true,"allow_register":true,"email_confirmation":false,"email_confirmation_redirection":"/admin/admin","email_reset_password":"/admin/admin","default_role":"authenticated"}	object		
51	db_model_days__blocks	{"day_id":{"type":"integer"},"block_id":{"type":"integer"}}	object	\N	\N
60	db_model_strapi_role	{"name":{"type":"string","minLength":1,"unique":true,"configurable":false,"required":true},"code":{"type":"string","minLength":1,"unique":true,"configurable":false,"required":true},"description":{"type":"string","configurable":false},"users":{"configurable":false,"collection":"user","via":"roles","plugin":"admin","attribute":"user","column":"id","isVirtual":true},"permissions":{"configurable":false,"plugin":"admin","collection":"permission","via":"role","isVirtual":true},"created_at":{"type":"currentTimestamp"},"updated_at":{"type":"currentTimestamp"}}	object	\N	\N
1	db_model_selections	{"classroom":{"model":"classroom","via":"selections"},"learning_standard":{"model":"learning-standard"},"current":{"type":"boolean","default":true,"required":true},"created_by":{"model":"user","plugin":"admin","private":true},"updated_by":{"model":"user","plugin":"admin","private":true},"created_at":{"type":"currentTimestamp"},"updated_at":{"type":"currentTimestamp"}}	object	\N	\N
54	db_model_submissions	{"status":{"type":"string","default":"WAITING","required":true},"workspace":{"type":"text","required":true},"success":{"type":"boolean","required":false},"hex":{"type":"text"},"stdout":{"type":"text"},"stderr":{"type":"text"},"board":{"type":"string","required":true},"sketch":{"type":"text","required":true},"sandbox":{"type":"boolean","default":false,"required":true},"session":{"model":"session","via":"submissions"},"day":{"model":"day"},"job_id":{"type":"biginteger"},"created_by":{"model":"user","plugin":"admin","private":true},"updated_by":{"model":"user","plugin":"admin","private":true},"created_at":{"type":"currentTimestamp"},"updated_at":{"type":"currentTimestamp"}}	object	\N	\N
14	db_model_objective_types	{"name":{"type":"string","required":true,"unique":true},"objectives":{"via":"objective_type","collection":"objective","isVirtual":true},"created_by":{"model":"user","plugin":"admin","private":true},"updated_by":{"model":"user","plugin":"admin","private":true},"created_at":{"type":"currentTimestamp"},"updated_at":{"type":"currentTimestamp"}}	object	\N	\N
35	plugin_content_manager_configuration_content_types::application::mentor.mentor	{"uid":"application::mentor.mentor","settings":{"bulkable":true,"filterable":true,"searchable":true,"pageSize":10,"mainField":"first_name","defaultSortBy":"first_name","defaultSortOrder":"ASC"},"metadatas":{"id":{"edit":{},"list":{"label":"Id","searchable":true,"sortable":true}},"first_name":{"edit":{"label":"First_name","description":"","placeholder":"","visible":true,"editable":true},"list":{"label":"First_name","searchable":true,"sortable":true}},"last_name":{"edit":{"label":"Last_name","description":"","placeholder":"","visible":true,"editable":true},"list":{"label":"Last_name","searchable":true,"sortable":true}},"school":{"edit":{"label":"School","description":"","placeholder":"","visible":true,"editable":true,"mainField":"name"},"list":{"label":"School","searchable":false,"sortable":true}},"classrooms":{"edit":{"label":"Classrooms","description":"","placeholder":"","visible":true,"editable":true,"mainField":"name"},"list":{"label":"Classrooms","searchable":false,"sortable":false}},"user":{"edit":{"label":"User","description":"","placeholder":"","visible":true,"editable":true,"mainField":"username"},"list":{"label":"User","searchable":false,"sortable":true}},"created_at":{"edit":{"label":"Created_at","description":"","placeholder":"","visible":false,"editable":true},"list":{"label":"Created_at","searchable":true,"sortable":true}},"updated_at":{"edit":{"label":"Updated_at","description":"","placeholder":"","visible":false,"editable":true},"list":{"label":"Updated_at","searchable":true,"sortable":true}}},"layouts":{"list":["id","first_name","last_name","created_at"],"editRelations":["school","classrooms","user"],"edit":[[{"name":"first_name","size":6},{"name":"last_name","size":6}]]}}	object		
15	db_model_blocks	{"name":{"type":"string","required":true,"unique":true},"description":{"type":"text"},"blocks_category":{"via":"blocks","model":"blocks-category"},"created_by":{"model":"user","plugin":"admin","private":true},"updated_by":{"model":"user","plugin":"admin","private":true},"created_at":{"type":"currentTimestamp"},"updated_at":{"type":"currentTimestamp"}}	object	\N	\N
3	db_model_blocks_categories	{"name":{"type":"string"},"blocks":{"collection":"block","via":"blocks_category","isVirtual":true},"created_by":{"model":"user","plugin":"admin","private":true},"updated_by":{"model":"user","plugin":"admin","private":true},"created_at":{"type":"currentTimestamp"},"updated_at":{"type":"currentTimestamp"}}	object	\N	\N
39	plugin_content_manager_configuration_content_types::application::selection.selection	{"uid":"application::selection.selection","settings":{"bulkable":true,"filterable":true,"searchable":true,"pageSize":10,"mainField":"id","defaultSortBy":"id","defaultSortOrder":"ASC"},"metadatas":{"id":{"edit":{},"list":{"label":"Id","searchable":true,"sortable":true}},"classroom":{"edit":{"label":"Classroom","description":"","placeholder":"","visible":true,"editable":true,"mainField":"name"},"list":{"label":"Classroom","searchable":false,"sortable":true}},"learning_standard":{"edit":{"label":"Learning_standard","description":"","placeholder":"","visible":true,"editable":true,"mainField":"name"},"list":{"label":"Learning_standard","searchable":false,"sortable":true}},"current":{"edit":{"label":"Current","description":"","placeholder":"","visible":true,"editable":true},"list":{"label":"Current","searchable":true,"sortable":true}},"created_at":{"edit":{"label":"Created_at","description":"","placeholder":"","visible":false,"editable":true},"list":{"label":"Created_at","searchable":true,"sortable":true}},"updated_at":{"edit":{"label":"Updated_at","description":"","placeholder":"","visible":false,"editable":true},"list":{"label":"Updated_at","searchable":true,"sortable":true}}},"layouts":{"list":["id","current","created_at","updated_at"],"editRelations":["classroom","learning_standard"],"edit":[[{"name":"current","size":4}]]}}	object		
41	plugin_content_manager_configuration_content_types::application::student.student	{"uid":"application::student.student","settings":{"bulkable":true,"filterable":true,"searchable":true,"pageSize":10,"mainField":"name","defaultSortBy":"name","defaultSortOrder":"ASC"},"metadatas":{"id":{"edit":{},"list":{"label":"Id","searchable":true,"sortable":true}},"name":{"edit":{"label":"Name","description":"","placeholder":"","visible":true,"editable":true},"list":{"label":"Name","searchable":true,"sortable":true}},"character":{"edit":{"label":"Character","description":"","placeholder":"","visible":true,"editable":true},"list":{"label":"Character","searchable":true,"sortable":true}},"classroom":{"edit":{"label":"Classroom","description":"","placeholder":"","visible":true,"editable":true,"mainField":"name"},"list":{"label":"Classroom","searchable":false,"sortable":true}},"sessions":{"edit":{"label":"Sessions","description":"","placeholder":"","visible":true,"editable":true,"mainField":"id"},"list":{"label":"Sessions","searchable":false,"sortable":false}},"enrolled":{"edit":{"label":"Enrolled","description":"","placeholder":"","visible":true,"editable":true},"list":{"label":"Enrolled","searchable":true,"sortable":true}},"last_logged_in":{"edit":{"label":"Last_logged_in","description":"","placeholder":"","visible":true,"editable":true},"list":{"label":"Last_logged_in","searchable":true,"sortable":true}},"created_at":{"edit":{"label":"Created_at","description":"","placeholder":"","visible":false,"editable":true},"list":{"label":"Created_at","searchable":true,"sortable":true}},"updated_at":{"edit":{"label":"Updated_at","description":"","placeholder":"","visible":false,"editable":true},"list":{"label":"Updated_at","searchable":true,"sortable":true}}},"layouts":{"list":["id","name","character","enrolled"],"edit":[[{"name":"name","size":6},{"name":"character","size":6}],[{"name":"enrolled","size":4},{"name":"last_logged_in","size":6}]],"editRelations":["classroom","sessions"]}}	object		
59	db_model_strapi_permission	{"action":{"type":"string","minLength":1,"configurable":false,"required":true},"subject":{"type":"string","minLength":1,"configurable":false,"required":false},"fields":{"type":"json","configurable":false,"required":false,"default":[]},"conditions":{"type":"json","configurable":false,"required":false,"default":[]},"role":{"configurable":false,"model":"role","plugin":"admin"},"created_at":{"type":"currentTimestamp"},"updated_at":{"type":"currentTimestamp"}}	object	\N	\N
55	plugin_content_manager_configuration_content_types::application::submission.submission	{"uid":"application::submission.submission","settings":{"bulkable":true,"filterable":true,"searchable":true,"pageSize":10,"mainField":"status","defaultSortBy":"status","defaultSortOrder":"ASC"},"metadatas":{"id":{"edit":{},"list":{"label":"Id","searchable":true,"sortable":true}},"status":{"edit":{"label":"Status","description":"","placeholder":"","visible":true,"editable":true},"list":{"label":"Status","searchable":true,"sortable":true}},"workspace":{"edit":{"label":"Workspace","description":"","placeholder":"","visible":true,"editable":true},"list":{"label":"Workspace","searchable":true,"sortable":true}},"success":{"edit":{"label":"Success","description":"","placeholder":"","visible":true,"editable":true},"list":{"label":"Success","searchable":true,"sortable":true}},"hex":{"edit":{"label":"Hex","description":"","placeholder":"","visible":true,"editable":true},"list":{"label":"Hex","searchable":true,"sortable":true}},"stdout":{"edit":{"label":"Stdout","description":"","placeholder":"","visible":true,"editable":true},"list":{"label":"Stdout","searchable":true,"sortable":true}},"stderr":{"edit":{"label":"Stderr","description":"","placeholder":"","visible":true,"editable":true},"list":{"label":"Stderr","searchable":true,"sortable":true}},"board":{"edit":{"label":"Board","description":"","placeholder":"","visible":true,"editable":true},"list":{"label":"Board","searchable":true,"sortable":true}},"sketch":{"edit":{"label":"Sketch","description":"","placeholder":"","visible":true,"editable":true},"list":{"label":"Sketch","searchable":true,"sortable":true}},"sandbox":{"edit":{"label":"Sandbox","description":"","placeholder":"","visible":true,"editable":true},"list":{"label":"Sandbox","searchable":true,"sortable":true}},"session":{"edit":{"label":"Session","description":"","placeholder":"","visible":true,"editable":true,"mainField":"id"},"list":{"label":"Session","searchable":false,"sortable":true}},"day":{"edit":{"label":"Day","description":"","placeholder":"","visible":true,"editable":true,"mainField":"id"},"list":{"label":"Day","searchable":false,"sortable":true}},"job_id":{"edit":{"label":"Job_id","description":"","placeholder":"","visible":true,"editable":true},"list":{"label":"Job_id","searchable":true,"sortable":true}},"created_at":{"edit":{"label":"Created_at","description":"","placeholder":"","visible":false,"editable":true},"list":{"label":"Created_at","searchable":true,"sortable":true}},"updated_at":{"edit":{"label":"Updated_at","description":"","placeholder":"","visible":false,"editable":true},"list":{"label":"Updated_at","searchable":true,"sortable":true}}},"layouts":{"list":["id","status","workspace","success"],"edit":[[{"name":"status","size":6},{"name":"workspace","size":6}],[{"name":"success","size":4},{"name":"hex","size":6}],[{"name":"stdout","size":6},{"name":"stderr","size":6}],[{"name":"board","size":6},{"name":"sketch","size":6}],[{"name":"sandbox","size":4},{"name":"job_id","size":4}]],"editRelations":["session","day"]}}	object		
10	db_model_learning_standards	{"number":{"type":"decimal","required":true},"name":{"type":"string","required":true},"expectations":{"type":"text"},"days":{"collection":"day","via":"learning_standard","isVirtual":true},"unit":{"model":"unit","via":"learning_standards"},"teks":{"type":"string","unique":true},"created_by":{"model":"user","plugin":"admin","private":true},"updated_by":{"model":"user","plugin":"admin","private":true},"created_at":{"type":"currentTimestamp"},"updated_at":{"type":"currentTimestamp"}}	object	\N	\N
18	db_model_users-permissions_permission	{"type":{"type":"string","required":true,"configurable":false},"controller":{"type":"string","required":true,"configurable":false},"action":{"type":"string","required":true,"configurable":false},"enabled":{"type":"boolean","required":true,"configurable":false},"policy":{"type":"string","configurable":false},"role":{"model":"role","via":"permissions","plugin":"users-permissions","configurable":false},"created_by":{"model":"user","plugin":"admin","private":true},"updated_by":{"model":"user","plugin":"admin","private":true}}	object	\N	\N
4	db_model_classrooms	{"name":{"type":"string"},"school":{"model":"school","via":"classrooms"},"sessions":{"collection":"session","via":"classroom","isVirtual":true},"mentors":{"collection":"mentor","via":"classrooms","attribute":"mentor","column":"id","isVirtual":true},"students":{"via":"classroom","collection":"student","isVirtual":true},"code":{"type":"string","required":true},"teachers":{"collection":"teacher","via":"classrooms","attribute":"teacher","column":"id","isVirtual":true},"grade":{"via":"classrooms","model":"grade"},"selections":{"via":"classroom","collection":"selection","isVirtual":true},"created_by":{"model":"user","plugin":"admin","private":true},"updated_by":{"model":"user","plugin":"admin","private":true},"created_at":{"type":"currentTimestamp"},"updated_at":{"type":"currentTimestamp"}}	object	\N	\N
5	db_model_units	{"grade":{"model":"grade","via":"units"},"name":{"type":"string","required":true},"teks_id":{"type":"string"},"teks_description":{"type":"text"},"number":{"type":"integer","required":true},"learning_standards":{"via":"unit","collection":"learning-standard","isVirtual":true},"created_by":{"model":"user","plugin":"admin","private":true},"updated_by":{"model":"user","plugin":"admin","private":true},"created_at":{"type":"currentTimestamp"},"updated_at":{"type":"currentTimestamp"}}	object	\N	\N
6	db_model_teachers	{"first_name":{"type":"string","required":true},"last_name":{"type":"string","required":true},"school":{"model":"school","via":"teachers"},"classrooms":{"via":"teachers","collection":"classroom","dominant":true,"attribute":"classroom","column":"id","isVirtual":true},"user":{"plugin":"users-permissions","model":"user"},"created_by":{"model":"user","plugin":"admin","private":true},"updated_by":{"model":"user","plugin":"admin","private":true},"created_at":{"type":"currentTimestamp"},"updated_at":{"type":"currentTimestamp"}}	object	\N	\N
12	db_model_days	{"learning_standard":{"via":"days","model":"learning-standard"},"number":{"type":"biginteger","required":true},"template":{"type":"text","required":true},"objectives":{"collection":"objective","via":"day","isVirtual":true},"blocks":{"collection":"block","attribute":"block","column":"id","isVirtual":true},"created_by":{"model":"user","plugin":"admin","private":true},"updated_by":{"model":"user","plugin":"admin","private":true},"created_at":{"type":"currentTimestamp"},"updated_at":{"type":"currentTimestamp"}}	object	\N	\N
16	db_model_grades	{"name":{"type":"string","required":true,"unique":true},"classrooms":{"collection":"classroom","via":"grade","isVirtual":true},"units":{"via":"grade","collection":"unit","isVirtual":true},"created_by":{"model":"user","plugin":"admin","private":true},"updated_by":{"model":"user","plugin":"admin","private":true},"created_at":{"type":"currentTimestamp"},"updated_at":{"type":"currentTimestamp"}}	object	\N	\N
8	db_model_mentors	{"first_name":{"type":"string"},"last_name":{"type":"string"},"school":{"model":"school","via":"mentors"},"classrooms":{"via":"mentors","collection":"classroom","dominant":true,"attribute":"classroom","column":"id","isVirtual":true},"user":{"plugin":"users-permissions","model":"user"},"created_by":{"model":"user","plugin":"admin","private":true},"updated_by":{"model":"user","plugin":"admin","private":true},"created_at":{"type":"currentTimestamp"},"updated_at":{"type":"currentTimestamp"}}	object	\N	\N
9	db_model_schools	{"name":{"type":"string"},"county":{"type":"string"},"state":{"type":"string"},"classrooms":{"via":"school","collection":"classroom","isVirtual":true},"mentors":{"via":"school","collection":"mentor","isVirtual":true},"teachers":{"via":"school","collection":"teacher","isVirtual":true},"created_by":{"model":"user","plugin":"admin","private":true},"updated_by":{"model":"user","plugin":"admin","private":true},"created_at":{"type":"currentTimestamp"},"updated_at":{"type":"currentTimestamp"}}	object	\N	\N
2	db_model_sessions	{"classroom":{"via":"sessions","model":"classroom"},"students":{"via":"sessions","collection":"student","attribute":"student","column":"id","isVirtual":true},"submissions":{"via":"session","collection":"submission","isVirtual":true},"created_by":{"model":"user","plugin":"admin","private":true},"updated_by":{"model":"user","plugin":"admin","private":true},"created_at":{"type":"currentTimestamp"},"updated_at":{"type":"currentTimestamp"}}	object	\N	\N
22	db_model_users-permissions_user	{"username":{"type":"string","minLength":3,"unique":true,"configurable":false,"required":true},"email":{"type":"email","minLength":6,"configurable":false,"required":true},"provider":{"type":"string","configurable":false},"password":{"type":"password","minLength":6,"configurable":false,"private":true},"resetPasswordToken":{"type":"string","configurable":false,"private":true},"confirmed":{"type":"boolean","default":false,"configurable":false},"blocked":{"type":"boolean","default":false,"configurable":false},"last_logged_in":{"type":"datetime"},"role":{"model":"role","via":"users","plugin":"users-permissions","configurable":false},"created_by":{"model":"user","plugin":"admin","private":true},"updated_by":{"model":"user","plugin":"admin","private":true},"created_at":{"type":"currentTimestamp"},"updated_at":{"type":"currentTimestamp"}}	object	\N	\N
7	db_model_students	{"name":{"type":"string","regex":"^([A-Za-z]+)\\\\s*([A-Za-z]*)\\\\s+([A-Za-z])\\\\.$"},"character":{"type":"string"},"classroom":{"model":"classroom","via":"students"},"sessions":{"collection":"session","via":"students","dominant":true,"attribute":"session","column":"id","isVirtual":true},"enrolled":{"type":"boolean","default":true,"required":true},"last_logged_in":{"type":"datetime"},"created_by":{"model":"user","plugin":"admin","private":true},"updated_by":{"model":"user","plugin":"admin","private":true},"created_at":{"type":"currentTimestamp"},"updated_at":{"type":"currentTimestamp"}}	object	\N	\N
21	db_model_users-permissions_role	{"name":{"type":"string","minLength":3,"required":true,"configurable":false},"description":{"type":"string","configurable":false},"type":{"type":"string","unique":true,"configurable":false},"permissions":{"collection":"permission","via":"role","plugin":"users-permissions","configurable":false,"isVirtual":true},"users":{"collection":"user","via":"role","configurable":false,"plugin":"users-permissions","isVirtual":true},"created_by":{"model":"user","plugin":"admin","private":true},"updated_by":{"model":"user","plugin":"admin","private":true}}	object	\N	\N
61	db_model_strapi_users_roles	{"user_id":{"type":"integer"},"role_id":{"type":"integer"}}	object	\N	\N
62	plugin_content_manager_configuration_content_types::strapi::user	{"uid":"strapi::user","settings":{"bulkable":true,"filterable":true,"searchable":true,"pageSize":10,"mainField":"firstname","defaultSortBy":"firstname","defaultSortOrder":"ASC"},"metadatas":{"id":{"edit":{},"list":{"label":"Id","searchable":true,"sortable":true}},"firstname":{"edit":{"label":"Firstname","description":"","placeholder":"","visible":true,"editable":true},"list":{"label":"Firstname","searchable":true,"sortable":true}},"lastname":{"edit":{"label":"Lastname","description":"","placeholder":"","visible":true,"editable":true},"list":{"label":"Lastname","searchable":true,"sortable":true}},"username":{"edit":{"label":"Username","description":"","placeholder":"","visible":true,"editable":true},"list":{"label":"Username","searchable":true,"sortable":true}},"email":{"edit":{"label":"Email","description":"","placeholder":"","visible":true,"editable":true},"list":{"label":"Email","searchable":true,"sortable":true}},"password":{"edit":{"label":"Password","description":"","placeholder":"","visible":true,"editable":true},"list":{"label":"Password","searchable":true,"sortable":true}},"resetPasswordToken":{"edit":{"label":"ResetPasswordToken","description":"","placeholder":"","visible":true,"editable":true},"list":{"label":"ResetPasswordToken","searchable":true,"sortable":true}},"registrationToken":{"edit":{"label":"RegistrationToken","description":"","placeholder":"","visible":true,"editable":true},"list":{"label":"RegistrationToken","searchable":true,"sortable":true}},"isActive":{"edit":{"label":"IsActive","description":"","placeholder":"","visible":true,"editable":true},"list":{"label":"IsActive","searchable":true,"sortable":true}},"roles":{"edit":{"label":"Roles","description":"","placeholder":"","visible":true,"editable":true,"mainField":"name"},"list":{"label":"Roles","searchable":false,"sortable":false}},"blocked":{"edit":{"label":"Blocked","description":"","placeholder":"","visible":true,"editable":true},"list":{"label":"Blocked","searchable":true,"sortable":true}},"preferedLanguage":{"edit":{"label":"PreferedLanguage","description":"","placeholder":"","visible":true,"editable":true},"list":{"label":"PreferedLanguage","searchable":true,"sortable":true}}},"layouts":{"list":["id","firstname","lastname","username"],"edit":[[{"name":"firstname","size":6},{"name":"lastname","size":6}],[{"name":"username","size":6},{"name":"email","size":6}],[{"name":"password","size":6},{"name":"resetPasswordToken","size":6}],[{"name":"registrationToken","size":6},{"name":"isActive","size":4}],[{"name":"blocked","size":4},{"name":"preferedLanguage","size":6}]],"editRelations":["roles"]}}	object		
64	plugin_content_manager_configuration_content_types::strapi::role	{"uid":"strapi::role","settings":{"bulkable":true,"filterable":true,"searchable":true,"pageSize":10,"mainField":"name","defaultSortBy":"name","defaultSortOrder":"ASC"},"metadatas":{"id":{"edit":{},"list":{"label":"Id","searchable":true,"sortable":true}},"name":{"edit":{"label":"Name","description":"","placeholder":"","visible":true,"editable":true},"list":{"label":"Name","searchable":true,"sortable":true}},"code":{"edit":{"label":"Code","description":"","placeholder":"","visible":true,"editable":true},"list":{"label":"Code","searchable":true,"sortable":true}},"description":{"edit":{"label":"Description","description":"","placeholder":"","visible":true,"editable":true},"list":{"label":"Description","searchable":true,"sortable":true}},"users":{"edit":{"label":"Users","description":"","placeholder":"","visible":true,"editable":true,"mainField":"firstname"},"list":{"label":"Users","searchable":false,"sortable":false}},"permissions":{"edit":{"label":"Permissions","description":"","placeholder":"","visible":true,"editable":true,"mainField":"action"},"list":{"label":"Permissions","searchable":false,"sortable":false}},"created_at":{"edit":{"label":"Created_at","description":"","placeholder":"","visible":false,"editable":true},"list":{"label":"Created_at","searchable":true,"sortable":true}},"updated_at":{"edit":{"label":"Updated_at","description":"","placeholder":"","visible":false,"editable":true},"list":{"label":"Updated_at","searchable":true,"sortable":true}}},"layouts":{"list":["id","name","code","description"],"editRelations":["users","permissions"],"edit":[[{"name":"name","size":6},{"name":"code","size":6}],[{"name":"description","size":6}]]}}	object		
95	model_def_application::challenge.challenge	{"uid":"application::challenge.challenge","collectionName":"challenges","kind":"singleType","info":{"name":"Challenge"},"options":{"increments":true,"timestamps":["created_at","updated_at"]},"attributes":{"name":{"type":"string"},"created_by":{"model":"user","plugin":"admin","configurable":false,"writable":false,"private":true},"updated_by":{"model":"user","plugin":"admin","configurable":false,"writable":false,"private":true}}}	object	\N	\N
101	model_def_application::objective-type.objective-type	{"uid":"application::objective-type.objective-type","collectionName":"objective_types","kind":"collectionType","info":{"name":"Objective Type"},"options":{"increments":true,"timestamps":["created_at","updated_at"]},"attributes":{"name":{"type":"string","required":true,"unique":true},"objectives":{"via":"objective_type","collection":"objective","isVirtual":true},"created_by":{"model":"user","plugin":"admin","configurable":false,"writable":false,"visible":false,"private":true},"updated_by":{"model":"user","plugin":"admin","configurable":false,"writable":false,"visible":false,"private":true}}}	object	\N	\N
121	plugin_content_manager_configuration_content_types::application::learning-components.learning-components	{"uid":"application::learning-components.learning-components","settings":{"bulkable":true,"filterable":true,"searchable":true,"pageSize":10,"mainField":"type","defaultSortBy":"type","defaultSortOrder":"ASC"},"metadatas":{"id":{"edit":{},"list":{"label":"Id","searchable":true,"sortable":true}},"type":{"edit":{"label":"Type","description":"","placeholder":"","visible":true,"editable":true},"list":{"label":"Type","searchable":true,"sortable":true}},"days":{"edit":{"label":"Days","description":"","placeholder":"","visible":true,"editable":true,"mainField":"TekS"},"list":{"label":"Days","searchable":false,"sortable":false}},"learning_component_type":{"edit":{"label":"Learning_component_type","description":"","placeholder":"","visible":true,"editable":true,"mainField":"name"},"list":{"label":"Learning_component_type","searchable":true,"sortable":true}},"created_at":{"edit":{"label":"Created_at","description":"","placeholder":"","visible":false,"editable":true},"list":{"label":"Created_at","searchable":true,"sortable":true}},"updated_at":{"edit":{"label":"Updated_at","description":"","placeholder":"","visible":false,"editable":true},"list":{"label":"Updated_at","searchable":true,"sortable":true}}},"layouts":{"list":["id","type","days","learning_component_type"],"editRelations":["days","learning_component_type"],"edit":[[{"name":"type","size":6}]]}}	object		
122	plugin_content_manager_configuration_content_types::application::learning-component-types.learning-component-types	{"uid":"application::learning-component-types.learning-component-types","settings":{"bulkable":true,"filterable":true,"searchable":true,"pageSize":10,"mainField":"name","defaultSortBy":"name","defaultSortOrder":"ASC"},"metadatas":{"id":{"edit":{},"list":{"label":"Id","searchable":true,"sortable":true}},"name":{"edit":{"label":"Name","description":"","placeholder":"","visible":true,"editable":true},"list":{"label":"Name","searchable":true,"sortable":true}},"learning_components":{"edit":{"label":"Learning_components","description":"","placeholder":"","visible":true,"editable":true,"mainField":"type"},"list":{"label":"Learning_components","searchable":false,"sortable":false}},"created_at":{"edit":{"label":"Created_at","description":"","placeholder":"","visible":false,"editable":true},"list":{"label":"Created_at","searchable":true,"sortable":true}},"updated_at":{"edit":{"label":"Updated_at","description":"","placeholder":"","visible":false,"editable":true},"list":{"label":"Updated_at","searchable":true,"sortable":true}}},"layouts":{"list":["id","name","learning_components","created_at"],"editRelations":["learning_components"],"edit":[[{"name":"name","size":6}]]}}	object		
116	model_def_plugins::users-permissions.role	{"uid":"plugins::users-permissions.role","collectionName":"users-permissions_role","kind":"collectionType","info":{"name":"role","description":""},"options":{"timestamps":false},"pluginOptions":{"content-manager":{"visible":false}},"attributes":{"name":{"type":"string","minLength":3,"required":true,"configurable":false},"description":{"type":"string","configurable":false},"type":{"type":"string","unique":true,"configurable":false},"permissions":{"collection":"permission","via":"role","plugin":"users-permissions","configurable":false,"isVirtual":true},"users":{"collection":"user","via":"role","configurable":false,"plugin":"users-permissions","isVirtual":true},"created_by":{"model":"user","plugin":"admin","configurable":false,"writable":false,"visible":false,"private":true},"updated_by":{"model":"user","plugin":"admin","configurable":false,"writable":false,"visible":false,"private":true}}}	object	\N	\N
28	plugin_users-permissions_grant	{"email":{"enabled":true,"icon":"envelope"},"discord":{"enabled":false,"icon":"discord","key":"","secret":"","callback":"/auth/discord/callback","scope":["identify","email"]},"facebook":{"enabled":false,"icon":"facebook-square","key":"","secret":"","callback":"/auth/facebook/callback","scope":["email"]},"google":{"enabled":false,"icon":"google","key":"","secret":"","callback":"/auth/google/callback","scope":["email"]},"github":{"enabled":false,"icon":"github","key":"","secret":"","callback":"/auth/github/callback","scope":["user","user:email"]},"microsoft":{"enabled":false,"icon":"windows","key":"","secret":"","callback":"/auth/microsoft/callback","scope":["user.read"]},"twitter":{"enabled":false,"icon":"twitter","key":"","secret":"","callback":"/auth/twitter/callback"},"instagram":{"enabled":false,"icon":"instagram","key":"","secret":"","callback":"/auth/instagram/callback","scope":["user_profile"]},"vk":{"enabled":false,"icon":"vk","key":"","secret":"","callback":"/auth/vk/callback","scope":["email"]},"twitch":{"enabled":false,"icon":"twitch","key":"","secret":"","callback":"/auth/twitch/callback","scope":["user:read:email"]},"linkedin":{"enabled":false,"icon":"linkedin","key":"","secret":"","callback":"/auth/linkedin/callback","scope":["r_liteprofile","r_emailaddress"]},"cognito":{"enabled":false,"icon":"aws","key":"","secret":"","subdomain":"my.subdomain.com","callback":"/auth/cognito/callback","scope":["email","openid","profile"]},"reddit":{"enabled":false,"icon":"reddit","key":"","secret":"","state":true,"callback":"/auth/reddit/callback","scope":["identity"]},"auth0":{"enabled":false,"icon":"","key":"","secret":"","subdomain":"my-tenant.eu","callback":"/auth/auth0/callback","scope":["openid","email","profile"]},"cas":{"enabled":false,"icon":"book","key":"","secret":"","callback":"/auth/cas/callback","scope":["openid email"],"subdomain":"my.subdomain.com/cas"}}	object		
111	model_def_strapi::webhooks	{"uid":"strapi::webhooks","collectionName":"strapi_webhooks","info":{"name":"Strapi webhooks","description":""},"options":{"timestamps":false},"pluginOptions":{"content-manager":{"visible":false},"content-type-builder":{"visible":false}},"attributes":{"name":{"type":"string"},"url":{"type":"text"},"headers":{"type":"json"},"events":{"type":"json"},"enabled":{"type":"boolean"}}}	object	\N	\N
48	plugin_content_manager_configuration_content_types::plugins::users-permissions.user	{"uid":"plugins::users-permissions.user","settings":{"bulkable":true,"filterable":true,"searchable":true,"pageSize":10,"mainField":"username","defaultSortBy":"username","defaultSortOrder":"ASC"},"metadatas":{"id":{"edit":{},"list":{"label":"Id","searchable":true,"sortable":true}},"username":{"edit":{"label":"Username","description":"","placeholder":"","visible":true,"editable":true},"list":{"label":"Username","searchable":true,"sortable":true}},"email":{"edit":{"label":"Email","description":"","placeholder":"","visible":true,"editable":true},"list":{"label":"Email","searchable":true,"sortable":true}},"provider":{"edit":{"label":"Provider","description":"","placeholder":"","visible":false,"editable":true},"list":{"label":"Provider","searchable":true,"sortable":true}},"password":{"edit":{"label":"Password","description":"","placeholder":"","visible":true,"editable":true},"list":{"label":"Password","searchable":true,"sortable":true}},"resetPasswordToken":{"edit":{"label":"ResetPasswordToken","description":"","placeholder":"","visible":false,"editable":true},"list":{"label":"ResetPasswordToken","searchable":true,"sortable":true}},"confirmationToken":{"edit":{"label":"ConfirmationToken","description":"","placeholder":"","visible":false,"editable":true},"list":{"label":"ConfirmationToken","searchable":true,"sortable":true}},"confirmed":{"edit":{"label":"Confirmed","description":"","placeholder":"","visible":true,"editable":true},"list":{"label":"Confirmed","searchable":true,"sortable":true}},"blocked":{"edit":{"label":"Blocked","description":"","placeholder":"","visible":true,"editable":true},"list":{"label":"Blocked","searchable":true,"sortable":true}},"role":{"edit":{"label":"Role","description":"","placeholder":"","visible":true,"editable":true,"mainField":"name"},"list":{"label":"Role","searchable":false,"sortable":true}},"created_at":{"edit":{"label":"Created_at","description":"","placeholder":"","visible":false,"editable":true},"list":{"label":"Created_at","searchable":true,"sortable":true}},"updated_at":{"edit":{"label":"Updated_at","description":"","placeholder":"","visible":false,"editable":true},"list":{"label":"Updated_at","searchable":true,"sortable":true}}},"layouts":{"list":["id","username","email","confirmed"],"edit":[[{"name":"username","size":6},{"name":"email","size":6}],[{"name":"password","size":6},{"name":"confirmed","size":4}],[{"name":"blocked","size":4}]],"editRelations":["role"]}}	object		
34	plugin_content_manager_configuration_content_types::application::learning-standard.learning-standard	{"uid":"application::learning-standard.learning-standard","settings":{"bulkable":true,"filterable":true,"searchable":true,"pageSize":10,"mainField":"name","defaultSortBy":"name","defaultSortOrder":"ASC"},"metadatas":{"id":{"edit":{},"list":{"label":"Id","searchable":true,"sortable":true}},"number":{"edit":{"label":"Number","description":"","placeholder":"","visible":true,"editable":true},"list":{"label":"Number","searchable":true,"sortable":true}},"name":{"edit":{"label":"Name","description":"","placeholder":"","visible":true,"editable":true},"list":{"label":"Name","searchable":true,"sortable":true}},"expectations":{"edit":{"label":"Expectations","description":"","placeholder":"","visible":true,"editable":true},"list":{"label":"Expectations","searchable":true,"sortable":true}},"days":{"edit":{"label":"Days","description":"","placeholder":"","visible":true,"editable":true,"mainField":"id"},"list":{"label":"Days","searchable":false,"sortable":false}},"unit":{"edit":{"label":"Unit","description":"","placeholder":"","visible":true,"editable":true,"mainField":"name"},"list":{"label":"Unit","searchable":false,"sortable":true}},"teks":{"edit":{"label":"Teks","description":"","placeholder":"","visible":true,"editable":true},"list":{"label":"Teks","searchable":true,"sortable":true}},"link":{"edit":{"label":"Link","description":"","placeholder":"","visible":true,"editable":true},"list":{"label":"Link","searchable":true,"sortable":true}},"created_at":{"edit":{"label":"Created_at","description":"","placeholder":"","visible":false,"editable":true},"list":{"label":"Created_at","searchable":true,"sortable":true}},"updated_at":{"edit":{"label":"Updated_at","description":"","placeholder":"","visible":false,"editable":true},"list":{"label":"Updated_at","searchable":true,"sortable":true}}},"layouts":{"list":["id","name","expectations","number"],"edit":[[{"name":"name","size":6}],[{"name":"expectations","size":6},{"name":"teks","size":6}],[{"name":"number","size":4},{"name":"link","size":6}]],"editRelations":["unit","days"]}}	object		
102	model_def_application::objective.objective	{"uid":"application::objective.objective","collectionName":"objectives","kind":"collectionType","info":{"name":"Objective"},"options":{"increments":true,"timestamps":["created_at","updated_at"]},"attributes":{"day":{"via":"objectives","model":"day"},"description":{"type":"text","required":true},"objective_type":{"model":"objective-type","via":"objectives"},"created_by":{"model":"user","plugin":"admin","configurable":false,"writable":false,"visible":false,"private":true},"updated_by":{"model":"user","plugin":"admin","configurable":false,"writable":false,"visible":false,"private":true}}}	object	\N	\N
112	model_def_strapi::permission	{"uid":"strapi::permission","collectionName":"strapi_permission","kind":"collectionType","info":{"name":"Permission","description":""},"options":{"timestamps":["created_at","updated_at"]},"pluginOptions":{"content-manager":{"visible":false},"content-type-builder":{"visible":false}},"attributes":{"action":{"type":"string","minLength":1,"configurable":false,"required":true},"subject":{"type":"string","minLength":1,"configurable":false,"required":false},"properties":{"type":"json","configurable":false,"required":false,"default":{}},"conditions":{"type":"json","configurable":false,"required":false,"default":[]},"role":{"configurable":false,"model":"role","plugin":"admin"}}}	object	\N	\N
117	model_def_plugins::users-permissions.user	{"uid":"plugins::users-permissions.user","collectionName":"users-permissions_user","kind":"collectionType","info":{"name":"user","description":""},"options":{"draftAndPublish":false,"timestamps":["created_at","updated_at"]},"attributes":{"username":{"type":"string","minLength":3,"unique":true,"configurable":false,"required":true},"email":{"type":"email","minLength":6,"configurable":false,"required":true},"provider":{"type":"string","configurable":false},"password":{"type":"password","minLength":6,"configurable":false,"private":true},"resetPasswordToken":{"type":"string","configurable":false,"private":true},"confirmationToken":{"type":"string","configurable":false,"private":true},"confirmed":{"type":"boolean","default":false,"configurable":false},"blocked":{"type":"boolean","default":false,"configurable":false},"role":{"model":"role","via":"users","plugin":"users-permissions","configurable":false},"created_by":{"model":"user","plugin":"admin","configurable":false,"writable":false,"visible":false,"private":true},"updated_by":{"model":"user","plugin":"admin","configurable":false,"writable":false,"visible":false,"private":true}}}	object	\N	\N
110	model_def_application::unit.unit	{"uid":"application::unit.unit","collectionName":"units","kind":"collectionType","info":{"name":"unit"},"options":{"increments":true,"timestamps":["created_at","updated_at"]},"attributes":{"grade":{"model":"grade","via":"units"},"name":{"type":"string","required":true},"teks_id":{"type":"string"},"teks_description":{"type":"text"},"number":{"type":"integer","required":true},"learning_standards":{"via":"unit","collection":"learning-standard","isVirtual":true},"created_by":{"model":"user","plugin":"admin","configurable":false,"writable":false,"visible":false,"private":true},"updated_by":{"model":"user","plugin":"admin","configurable":false,"writable":false,"visible":false,"private":true}}}	object	\N	\N
53	plugin_content_manager_configuration_content_types::application::save.save	{"uid":"application::save.save","settings":{"bulkable":true,"filterable":true,"searchable":true,"pageSize":10,"mainField":"id","defaultSortBy":"id","defaultSortOrder":"ASC"},"metadatas":{"id":{"edit":{},"list":{"label":"Id","searchable":true,"sortable":true}},"day":{"edit":{"label":"Day","description":"","placeholder":"","visible":true,"editable":true,"mainField":"id"},"list":{"label":"Day","searchable":false,"sortable":true}},"student":{"edit":{"label":"Student","description":"","placeholder":"","visible":true,"editable":true,"mainField":"name"},"list":{"label":"Student","searchable":false,"sortable":true}},"session":{"edit":{"label":"Session","description":"","placeholder":"","visible":true,"editable":true,"mainField":"id"},"list":{"label":"Session","searchable":false,"sortable":true}},"workspace":{"edit":{"label":"Workspace","description":"","placeholder":"","visible":true,"editable":true},"list":{"label":"Workspace","searchable":true,"sortable":true}},"replay":{"edit":{"label":"Replay","description":"","placeholder":"","visible":true,"editable":true},"list":{"label":"Replay","searchable":false,"sortable":false}},"created_at":{"edit":{"label":"Created_at","description":"","placeholder":"","visible":false,"editable":true},"list":{"label":"Created_at","searchable":true,"sortable":true}},"updated_at":{"edit":{"label":"Updated_at","description":"","placeholder":"","visible":false,"editable":true},"list":{"label":"Updated_at","searchable":true,"sortable":true}}},"layouts":{"list":["id","workspace","created_at","updated_at"],"edit":[[{"name":"workspace","size":6}],[{"name":"replay","size":12}]],"editRelations":["day","student","session"]}}	object		
63	plugin_content_manager_configuration_content_types::strapi::permission	{"uid":"strapi::permission","settings":{"bulkable":true,"filterable":true,"searchable":true,"pageSize":10,"mainField":"action","defaultSortBy":"action","defaultSortOrder":"ASC"},"metadatas":{"id":{"edit":{},"list":{"label":"Id","searchable":true,"sortable":true}},"action":{"edit":{"label":"Action","description":"","placeholder":"","visible":true,"editable":true},"list":{"label":"Action","searchable":true,"sortable":true}},"subject":{"edit":{"label":"Subject","description":"","placeholder":"","visible":true,"editable":true},"list":{"label":"Subject","searchable":true,"sortable":true}},"properties":{"edit":{"label":"Properties","description":"","placeholder":"","visible":true,"editable":true},"list":{"label":"Properties","searchable":false,"sortable":false}},"conditions":{"edit":{"label":"Conditions","description":"","placeholder":"","visible":true,"editable":true},"list":{"label":"Conditions","searchable":false,"sortable":false}},"role":{"edit":{"label":"Role","description":"","placeholder":"","visible":true,"editable":true,"mainField":"name"},"list":{"label":"Role","searchable":false,"sortable":true}},"created_at":{"edit":{"label":"Created_at","description":"","placeholder":"","visible":false,"editable":true},"list":{"label":"Created_at","searchable":true,"sortable":true}},"updated_at":{"edit":{"label":"Updated_at","description":"","placeholder":"","visible":false,"editable":true},"list":{"label":"Updated_at","searchable":true,"sortable":true}}},"layouts":{"list":["id","action","subject","created_at"],"edit":[[{"name":"action","size":6},{"name":"subject","size":6}],[{"name":"conditions","size":12}],[{"name":"properties","size":12}]],"editRelations":["role"]}}	object		
38	plugin_content_manager_configuration_content_types::application::school.school	{"uid":"application::school.school","settings":{"bulkable":true,"filterable":true,"searchable":true,"pageSize":10,"mainField":"name","defaultSortBy":"name","defaultSortOrder":"ASC"},"metadatas":{"id":{"edit":{},"list":{"label":"Id","searchable":true,"sortable":true}},"name":{"edit":{"label":"Name","description":"","placeholder":"","visible":true,"editable":true},"list":{"label":"Name","searchable":true,"sortable":true}},"county":{"edit":{"label":"County","description":"","placeholder":"","visible":true,"editable":true},"list":{"label":"County","searchable":true,"sortable":true}},"state":{"edit":{"label":"State","description":"","placeholder":"","visible":true,"editable":true},"list":{"label":"State","searchable":true,"sortable":true}},"classrooms":{"edit":{"label":"Classrooms","description":"","placeholder":"","visible":true,"editable":true,"mainField":"name"},"list":{"label":"Classrooms","searchable":false,"sortable":false}},"mentors":{"edit":{"label":"Mentors","description":"","placeholder":"","visible":true,"editable":true,"mainField":"first_name"},"list":{"label":"Mentors","searchable":false,"sortable":false}},"created_at":{"edit":{"label":"Created_at","description":"","placeholder":"","visible":false,"editable":true},"list":{"label":"Created_at","searchable":true,"sortable":true}},"updated_at":{"edit":{"label":"Updated_at","description":"","placeholder":"","visible":false,"editable":true},"list":{"label":"Updated_at","searchable":true,"sortable":true}}},"layouts":{"list":["id","name","county","state"],"edit":[[{"name":"name","size":6},{"name":"county","size":6}],[{"name":"state","size":6}]],"editRelations":["classrooms","mentors"]}}	object		
123	model_def_application::block-image.block-image	{"uid":"application::block-image.block-image","collectionName":"block_images","kind":"collectionType","info":{"name":"Block Image","description":""},"options":{"increments":true,"timestamps":["created_at","updated_at"],"draftAndPublish":true},"attributes":{"image":{"model":"file","via":"related","allowedTypes":["images"],"plugin":"upload","required":true,"pluginOptions":{}},"published_at":{"type":"datetime","configurable":false,"writable":true,"visible":false},"created_by":{"model":"user","plugin":"admin","configurable":false,"writable":false,"visible":false,"private":true},"updated_by":{"model":"user","plugin":"admin","configurable":false,"writable":false,"visible":false,"private":true}}}	object	\N	\N
32	plugin_content_manager_configuration_content_types::application::day.day	{"uid":"application::day.day","settings":{"bulkable":true,"filterable":true,"searchable":true,"pageSize":10,"mainField":"id","defaultSortBy":"id","defaultSortOrder":"ASC"},"metadatas":{"id":{"edit":{},"list":{"label":"Id","searchable":true,"sortable":true}},"learning_standard":{"edit":{"label":"Learning_standard","description":"","placeholder":"","visible":true,"editable":true,"mainField":"name"},"list":{"label":"Learning_standard","searchable":false,"sortable":true}},"number":{"edit":{"label":"Number","description":"","placeholder":"","visible":true,"editable":true},"list":{"label":"Number","searchable":true,"sortable":true}},"template":{"edit":{"label":"Template","description":"","placeholder":"","visible":true,"editable":true},"list":{"label":"Template","searchable":true,"sortable":true}},"blocks":{"edit":{"label":"Blocks","description":"","placeholder":"","visible":true,"editable":true,"mainField":"name"},"list":{"label":"Blocks","searchable":false,"sortable":false}},"description":{"edit":{"label":"Description","description":"","placeholder":"","visible":true,"editable":true},"list":{"label":"Description","searchable":true,"sortable":true}},"TekS":{"edit":{"label":"TekS","description":"","placeholder":"","visible":true,"editable":true},"list":{"label":"TekS","searchable":true,"sortable":true}},"link":{"edit":{"label":"Link","description":"","placeholder":"","visible":true,"editable":true},"list":{"label":"Link","searchable":true,"sortable":true}},"learning_components":{"edit":{"label":"Learning_components","description":"","placeholder":"","visible":true,"editable":true,"mainField":"type"},"list":{"label":"Learning_components","searchable":false,"sortable":false}},"activity_template":{"edit":{"label":"Activity_template","description":"","placeholder":"","visible":true,"editable":true},"list":{"label":"Activity_template","searchable":true,"sortable":true}},"created_at":{"edit":{"label":"Created_at","description":"","placeholder":"","visible":false,"editable":true},"list":{"label":"Created_at","searchable":true,"sortable":true}},"updated_at":{"edit":{"label":"Updated_at","description":"","placeholder":"","visible":false,"editable":true},"list":{"label":"Updated_at","searchable":true,"sortable":true}}},"layouts":{"list":["id","number","template","created_at"],"edit":[[{"name":"number","size":4},{"name":"template","size":6}],[{"name":"description","size":6},{"name":"TekS","size":6}],[{"name":"link","size":6},{"name":"activity_template","size":6}]],"editRelations":["learning_standard","blocks","learning_components"]}}	object		
125	model_def_plugins::upload.file	{"uid":"plugins::upload.file","collectionName":"upload_file","kind":"collectionType","info":{"name":"file","description":""},"options":{"timestamps":["created_at","updated_at"]},"pluginOptions":{"content-manager":{"visible":false},"content-type-builder":{"visible":false}},"attributes":{"name":{"type":"string","configurable":false,"required":true},"alternativeText":{"type":"string","configurable":false},"caption":{"type":"string","configurable":false},"width":{"type":"integer","configurable":false},"height":{"type":"integer","configurable":false},"formats":{"type":"json","configurable":false},"hash":{"type":"string","configurable":false,"required":true},"ext":{"type":"string","configurable":false},"mime":{"type":"string","configurable":false,"required":true},"size":{"type":"decimal","configurable":false,"required":true},"url":{"type":"string","configurable":false,"required":true},"previewUrl":{"type":"string","configurable":false},"provider":{"type":"string","configurable":false,"required":true},"provider_metadata":{"type":"json","configurable":false},"related":{"collection":"*","filter":"field","configurable":false},"created_by":{"model":"user","plugin":"admin","configurable":false,"writable":false,"visible":false,"private":true},"updated_by":{"model":"user","plugin":"admin","configurable":false,"writable":false,"visible":false,"private":true}}}	object	\N	\N
113	model_def_strapi::role	{"uid":"strapi::role","collectionName":"strapi_role","kind":"collectionType","info":{"name":"Role","description":""},"options":{"timestamps":["created_at","updated_at"]},"pluginOptions":{"content-manager":{"visible":false},"content-type-builder":{"visible":false}},"attributes":{"name":{"type":"string","minLength":1,"unique":true,"configurable":false,"required":true},"code":{"type":"string","minLength":1,"unique":true,"configurable":false,"required":true},"description":{"type":"string","configurable":false},"users":{"configurable":false,"collection":"user","via":"roles","plugin":"admin","attribute":"user","column":"id","isVirtual":true},"permissions":{"configurable":false,"plugin":"admin","collection":"permission","via":"role","isVirtual":true}}}	object	\N	\N
115	model_def_plugins::users-permissions.permission	{"uid":"plugins::users-permissions.permission","collectionName":"users-permissions_permission","kind":"collectionType","info":{"name":"permission","description":""},"options":{"timestamps":false},"pluginOptions":{"content-manager":{"visible":false}},"attributes":{"type":{"type":"string","required":true,"configurable":false},"controller":{"type":"string","required":true,"configurable":false},"action":{"type":"string","required":true,"configurable":false},"enabled":{"type":"boolean","required":true,"configurable":false},"policy":{"type":"string","configurable":false},"role":{"model":"role","via":"permissions","plugin":"users-permissions","configurable":false},"created_by":{"model":"user","plugin":"admin","configurable":false,"writable":false,"visible":false,"private":true},"updated_by":{"model":"user","plugin":"admin","configurable":false,"writable":false,"visible":false,"private":true}}}	object	\N	\N
118	core_admin_auth	{"providers":{"autoRegister":false,"defaultRole":null}}	object		
98	model_def_application::grade.grade	{"uid":"application::grade.grade","collectionName":"grades","kind":"collectionType","info":{"name":"grade"},"options":{"increments":true,"timestamps":["created_at","updated_at"]},"attributes":{"name":{"type":"string","required":true,"unique":true},"classrooms":{"via":"grade","collection":"classroom","isVirtual":true},"units":{"via":"grade","collection":"unit","isVirtual":true},"created_by":{"model":"user","plugin":"admin","configurable":false,"writable":false,"visible":false,"private":true},"updated_by":{"model":"user","plugin":"admin","configurable":false,"writable":false,"visible":false,"private":true}}}	object	\N	\N
105	model_def_application::selection.selection	{"uid":"application::selection.selection","collectionName":"selections","kind":"collectionType","info":{"name":"Selection"},"options":{"increments":true,"timestamps":["created_at","updated_at"]},"attributes":{"classroom":{"via":"selections","model":"classroom"},"learning_standard":{"model":"learning-standard"},"current":{"type":"boolean","default":true,"required":true},"created_by":{"model":"user","plugin":"admin","configurable":false,"writable":false,"visible":false,"private":true},"updated_by":{"model":"user","plugin":"admin","configurable":false,"writable":false,"visible":false,"private":true}}}	object	\N	\N
111	model_def_strapi::webhooks	{"uid":"strapi::webhooks","collectionName":"strapi_webhooks","info":{"name":"Strapi webhooks","description":""},"options":{"timestamps":false},"pluginOptions":{"content-manager":{"visible":false},"content-type-builder":{"visible":false}},"attributes":{"name":{"type":"string"},"url":{"type":"text"},"headers":{"type":"json"},"events":{"type":"json"},"enabled":{"type":"boolean"}}}	object	\N	\N
106	model_def_application::session.session	{"uid":"application::session.session","collectionName":"sessions","kind":"collectionType","info":{"name":"Session","description":""},"options":{"increments":true,"timestamps":["created_at","updated_at"],"draftAndPublish":false},"attributes":{"classroom":{"via":"sessions","model":"classroom"},"students":{"via":"sessions","collection":"student","attribute":"student","column":"id","isVirtual":true},"submissions":{"via":"session","collection":"submission","isVirtual":true},"saves":{"collection":"save","via":"session","isVirtual":true},"unit":{"model":"unit"},"grade":{"model":"grade"},"learning_standard":{"model":"learning-standard"},"created_by":{"model":"user","plugin":"admin","configurable":false,"writable":false,"visible":false,"private":true},"updated_by":{"model":"user","plugin":"admin","configurable":false,"writable":false,"visible":false,"private":true}}}	object	\N	\N
104	model_def_application::school.school	{"uid":"application::school.school","collectionName":"schools","kind":"collectionType","info":{"name":"School"},"options":{"increments":true,"timestamps":["created_at","updated_at"]},"attributes":{"name":{"type":"string"},"county":{"type":"string"},"state":{"type":"string"},"classrooms":{"via":"school","collection":"classroom","isVirtual":true},"mentors":{"via":"school","collection":"mentor","isVirtual":true},"created_by":{"model":"user","plugin":"admin","configurable":false,"writable":false,"visible":false,"private":true},"updated_by":{"model":"user","plugin":"admin","configurable":false,"writable":false,"visible":false,"private":true}}}	object	\N	\N
29	plugin_content_manager_configuration_content_types::application::block.block	{"uid":"application::block.block","settings":{"bulkable":true,"filterable":true,"searchable":true,"pageSize":10,"mainField":"name","defaultSortBy":"name","defaultSortOrder":"ASC"},"metadatas":{"id":{"edit":{},"list":{"label":"Id","searchable":true,"sortable":true}},"name":{"edit":{"label":"Name","description":"","placeholder":"","visible":true,"editable":true},"list":{"label":"Name","searchable":true,"sortable":true}},"description":{"edit":{"label":"Description","description":"","placeholder":"","visible":true,"editable":true},"list":{"label":"Description","searchable":true,"sortable":true}},"blocks_category":{"edit":{"label":"Blocks_category","description":"","placeholder":"","visible":true,"editable":true,"mainField":"name"},"list":{"label":"Blocks_category","searchable":false,"sortable":true}},"image_url":{"edit":{"label":"Image_url","description":"","placeholder":"","visible":true,"editable":true},"list":{"label":"Image_url","searchable":true,"sortable":true}},"created_at":{"edit":{"label":"Created_at","description":"","placeholder":"","visible":false,"editable":true},"list":{"label":"Created_at","searchable":true,"sortable":true}},"updated_at":{"edit":{"label":"Updated_at","description":"","placeholder":"","visible":false,"editable":true},"list":{"label":"Updated_at","searchable":true,"sortable":true}}},"layouts":{"list":["id","name","description","created_at"],"edit":[[{"name":"name","size":6},{"name":"description","size":6}],[{"name":"image_url","size":6}]],"editRelations":["blocks_category"]}}	object		
119	model_def_application::learning-component-types.learning-component-types	{"uid":"application::learning-component-types.learning-component-types","collectionName":"learning_component_types","kind":"collectionType","info":{"name":"Learning Component Types"},"options":{"increments":true,"timestamps":["created_at","updated_at"],"draftAndPublish":true},"attributes":{"name":{"type":"string"},"learning_components":{"collection":"learning-components","via":"learning_component_type","isVirtual":true},"published_at":{"type":"datetime","configurable":false,"writable":true,"visible":false},"created_by":{"model":"user","plugin":"admin","configurable":false,"writable":false,"visible":false,"private":true},"updated_by":{"model":"user","plugin":"admin","configurable":false,"writable":false,"visible":false,"private":true}}}	object	\N	\N
114	model_def_strapi::user	{"uid":"strapi::user","collectionName":"strapi_administrator","kind":"collectionType","info":{"name":"User","description":""},"options":{"timestamps":false},"pluginOptions":{"content-manager":{"visible":false},"content-type-builder":{"visible":false}},"attributes":{"firstname":{"type":"string","unique":false,"minLength":1,"configurable":false,"required":false},"lastname":{"type":"string","unique":false,"minLength":1,"configurable":false,"required":false},"username":{"type":"string","unique":false,"configurable":false,"required":false},"email":{"type":"email","minLength":6,"configurable":false,"required":true,"unique":true,"private":true},"password":{"type":"password","minLength":6,"configurable":false,"required":false,"private":true},"resetPasswordToken":{"type":"string","configurable":false,"private":true},"registrationToken":{"type":"string","configurable":false,"private":true},"isActive":{"type":"boolean","default":false,"configurable":false,"private":true},"roles":{"collection":"role","collectionName":"strapi_users_roles","via":"users","dominant":true,"plugin":"admin","configurable":false,"private":true,"attribute":"role","column":"id","isVirtual":true},"blocked":{"type":"boolean","default":false,"configurable":false,"private":true},"preferedLanguage":{"type":"string","configurable":false,"required":false}}}	object	\N	\N
97	model_def_application::day.day	{"uid":"application::day.day","collectionName":"days","kind":"collectionType","info":{"name":"Day","description":""},"options":{"increments":true,"timestamps":["created_at","updated_at"],"draftAndPublish":false},"attributes":{"learning_standard":{"via":"days","model":"learning-standard"},"number":{"type":"biginteger","required":true},"template":{"type":"text","required":true},"blocks":{"collection":"block","attribute":"block","column":"id","isVirtual":true},"description":{"type":"text"},"TekS":{"type":"string"},"link":{"type":"string","required":false},"learning_components":{"via":"days","collection":"learning-components","attribute":"learning-component","column":"id","isVirtual":true},"activity_template":{"type":"text","required":false},"created_by":{"model":"user","plugin":"admin","configurable":false,"writable":false,"visible":false,"private":true},"updated_by":{"model":"user","plugin":"admin","configurable":false,"writable":false,"visible":false,"private":true}}}	object	\N	\N
40	plugin_content_manager_configuration_content_types::application::session.session	{"uid":"application::session.session","settings":{"bulkable":true,"filterable":true,"searchable":true,"pageSize":10,"mainField":"id","defaultSortBy":"id","defaultSortOrder":"ASC"},"metadatas":{"id":{"edit":{},"list":{"label":"Id","searchable":true,"sortable":true}},"classroom":{"edit":{"label":"Classroom","description":"","placeholder":"","visible":true,"editable":true,"mainField":"name"},"list":{"label":"Classroom","searchable":false,"sortable":true}},"students":{"edit":{"label":"Students","description":"","placeholder":"","visible":true,"editable":true,"mainField":"name"},"list":{"label":"Students","searchable":false,"sortable":false}},"submissions":{"edit":{"label":"Submissions","description":"","placeholder":"","visible":true,"editable":true,"mainField":"status"},"list":{"label":"Submissions","searchable":false,"sortable":false}},"saves":{"edit":{"label":"Saves","description":"","placeholder":"","visible":true,"editable":true,"mainField":"id"},"list":{"label":"Saves","searchable":false,"sortable":false}},"unit":{"edit":{"label":"Unit","description":"","placeholder":"","visible":true,"editable":true,"mainField":"name"},"list":{"label":"Unit","searchable":true,"sortable":true}},"grade":{"edit":{"label":"Grade","description":"","placeholder":"","visible":true,"editable":true,"mainField":"name"},"list":{"label":"Grade","searchable":true,"sortable":true}},"learning_standard":{"edit":{"label":"Learning_standard","description":"","placeholder":"","visible":true,"editable":true,"mainField":"name"},"list":{"label":"Learning_standard","searchable":true,"sortable":true}},"created_at":{"edit":{"label":"Created_at","description":"","placeholder":"","visible":false,"editable":true},"list":{"label":"Created_at","searchable":true,"sortable":true}},"updated_at":{"edit":{"label":"Updated_at","description":"","placeholder":"","visible":false,"editable":true},"list":{"label":"Updated_at","searchable":true,"sortable":true}}},"layouts":{"list":["id","created_at","updated_at","saves"],"edit":[],"editRelations":["classroom","students","submissions","saves","unit","grade","learning_standard"]}}	object		
103	model_def_application::save.save	{"uid":"application::save.save","collectionName":"saves","kind":"collectionType","info":{"name":"save","description":""},"options":{"increments":true,"timestamps":["created_at","updated_at"],"draftAndPublish":false},"attributes":{"day":{"model":"day"},"student":{"model":"student"},"workspace":{"type":"text","required":true},"replay":{"type":"json"},"session":{"via":"saves","model":"session"},"created_by":{"model":"user","plugin":"admin","configurable":false,"writable":false,"visible":false,"private":true},"updated_by":{"model":"user","plugin":"admin","configurable":false,"writable":false,"visible":false,"private":true}}}	object	\N	\N
94	model_def_application::blocks-category.blocks-category	{"uid":"application::blocks-category.blocks-category","collectionName":"blocks_categories","kind":"collectionType","info":{"name":"Blocks Category"},"options":{"increments":true,"timestamps":["created_at","updated_at"]},"attributes":{"name":{"type":"string"},"blocks":{"via":"blocks_category","collection":"block","isVirtual":true},"created_by":{"model":"user","plugin":"admin","configurable":false,"writable":false,"visible":false,"private":true},"updated_by":{"model":"user","plugin":"admin","configurable":false,"writable":false,"visible":false,"private":true}}}	object	\N	\N
96	model_def_application::classroom.classroom	{"uid":"application::classroom.classroom","collectionName":"classrooms","kind":"collectionType","info":{"name":"Classroom","description":""},"options":{"increments":true,"timestamps":["created_at","updated_at"],"draftAndPublish":false},"attributes":{"name":{"type":"string"},"school":{"model":"school","via":"classrooms"},"sessions":{"via":"classroom","collection":"session","isVirtual":true},"mentors":{"collection":"mentor","via":"classrooms","attribute":"mentor","column":"id","isVirtual":true},"students":{"via":"classroom","collection":"student","isVirtual":true},"code":{"type":"string","required":true},"grade":{"via":"classrooms","model":"grade"},"selections":{"via":"classroom","collection":"selection","isVirtual":true},"cc_workspaces":{"via":"classroom","private":true,"collection":"cc-workspace","isVirtual":true},"created_by":{"model":"user","plugin":"admin","configurable":false,"writable":false,"visible":false,"private":true},"updated_by":{"model":"user","plugin":"admin","configurable":false,"writable":false,"visible":false,"private":true}}}	object	\N	\N
92	model_def_strapi::core-store	{"uid":"strapi::core-store","collectionName":"core_store","info":{"name":"core_store","description":""},"options":{"timestamps":false},"pluginOptions":{"content-manager":{"visible":false},"content-type-builder":{"visible":false}},"attributes":{"key":{"type":"string"},"value":{"type":"text"},"type":{"type":"string"},"environment":{"type":"string"},"tag":{"type":"string"}}}	object	\N	\N
107	model_def_application::student.student	{"uid":"application::student.student","collectionName":"students","kind":"collectionType","info":{"name":"Student"},"options":{"increments":true,"timestamps":["created_at","updated_at"]},"attributes":{"name":{"type":"string","regex":"^([A-Za-z]+)\\\\s*([A-Za-z]*)\\\\s+([A-Za-z])\\\\.$"},"character":{"type":"string"},"classroom":{"via":"students","model":"classroom"},"sessions":{"via":"students","collection":"session","dominant":true,"attribute":"session","column":"id","isVirtual":true},"enrolled":{"type":"boolean","default":true,"required":true},"last_logged_in":{"type":"datetime"},"created_by":{"model":"user","plugin":"admin","configurable":false,"writable":false,"visible":false,"private":true},"updated_by":{"model":"user","plugin":"admin","configurable":false,"writable":false,"visible":false,"private":true}}}	object	\N	\N
93	model_def_application::block.block	{"uid":"application::block.block","collectionName":"blocks","kind":"collectionType","info":{"name":"Block","description":""},"options":{"increments":true,"timestamps":["created_at","updated_at"],"draftAndPublish":false},"attributes":{"name":{"type":"string","required":true,"unique":true},"description":{"type":"text"},"blocks_category":{"via":"blocks","model":"blocks-category"},"image_url":{"type":"string"},"created_by":{"model":"user","plugin":"admin","configurable":false,"writable":false,"visible":false,"private":true},"updated_by":{"model":"user","plugin":"admin","configurable":false,"writable":false,"visible":false,"private":true}}}	object	\N	\N
100	model_def_application::mentor.mentor	{"uid":"application::mentor.mentor","collectionName":"mentors","kind":"collectionType","info":{"name":"Mentor"},"options":{"increments":true,"timestamps":["created_at","updated_at"]},"attributes":{"first_name":{"type":"string"},"last_name":{"type":"string"},"school":{"model":"school","via":"mentors"},"classrooms":{"via":"mentors","collection":"classroom","dominant":true,"attribute":"classroom","column":"id","isVirtual":true},"user":{"plugin":"users-permissions","model":"user"},"created_by":{"model":"user","plugin":"admin","configurable":false,"writable":false,"visible":false,"private":true},"updated_by":{"model":"user","plugin":"admin","configurable":false,"writable":false,"visible":false,"private":true}}}	object	\N	\N
164	model_def_application::teacher-workspace.cc-workspace	{"uid":"application::teacher-workspace.cc-workspace","collectionName":"teacher_workspaces","kind":"collectionType","info":{"name":"TeacherWorkspace","description":""},"options":{"increments":true,"timestamps":["created_at","updated_at"],"draftAndPublish":true},"attributes":{"name":{"type":"string","required":true},"description":{"type":"text"},"template":{"type":"text","required":true},"blocks":{"private":true,"collection":"block","attribute":"block","column":"id","isVirtual":true},"classroom":{"private":true,"via":"cc_workspaces","model":"classroom"},"published_at":{"type":"datetime","configurable":false,"writable":true,"visible":false},"created_by":{"model":"user","plugin":"admin","configurable":false,"writable":false,"visible":false,"private":true},"updated_by":{"model":"user","plugin":"admin","configurable":false,"writable":false,"visible":false,"private":true}}}	object	\N	\N
108	model_def_application::submission.submission	{"uid":"application::submission.submission","collectionName":"submissions","kind":"collectionType","info":{"name":"Submission"},"options":{"increments":true,"timestamps":["created_at","updated_at"]},"attributes":{"status":{"type":"string","default":"WAITING","required":true},"workspace":{"type":"text","required":true},"success":{"type":"boolean","required":false},"hex":{"type":"text"},"stdout":{"type":"text"},"stderr":{"type":"text"},"board":{"type":"string","required":true},"sketch":{"type":"text","required":true},"sandbox":{"type":"boolean","default":false,"required":true},"session":{"via":"submissions","model":"session"},"day":{"model":"day"},"job_id":{"type":"biginteger"},"created_by":{"model":"user","plugin":"admin","configurable":false,"writable":false,"visible":false,"private":true},"updated_by":{"model":"user","plugin":"admin","configurable":false,"writable":false,"visible":false,"private":true}}}	object	\N	\N
120	model_def_application::learning-components.learning-components	{"uid":"application::learning-components.learning-components","collectionName":"learning_components","kind":"collectionType","info":{"name":"Learning Components"},"options":{"increments":true,"timestamps":["created_at","updated_at"],"draftAndPublish":true},"attributes":{"type":{"type":"string"},"days":{"via":"learning_components","collection":"day","dominant":true,"attribute":"day","column":"id","isVirtual":true},"learning_component_type":{"via":"learning_components","model":"learning-component-types"},"published_at":{"type":"datetime","configurable":false,"writable":true,"visible":false},"created_by":{"model":"user","plugin":"admin","configurable":false,"writable":false,"visible":false,"private":true},"updated_by":{"model":"user","plugin":"admin","configurable":false,"writable":false,"visible":false,"private":true}}}	object	\N	\N
99	model_def_application::learning-standard.learning-standard	{"uid":"application::learning-standard.learning-standard","collectionName":"learning_standards","kind":"collectionType","info":{"name":"learning Standard","description":""},"options":{"increments":true,"timestamps":["created_at","updated_at"],"draftAndPublish":false},"attributes":{"number":{"type":"decimal","required":true},"name":{"type":"string","required":true},"expectations":{"type":"text"},"days":{"via":"learning_standard","collection":"day","isVirtual":true},"unit":{"model":"unit","via":"learning_standards"},"teks":{"type":"string","unique":true},"link":{"type":"string"},"created_by":{"model":"user","plugin":"admin","configurable":false,"writable":false,"visible":false,"private":true},"updated_by":{"model":"user","plugin":"admin","configurable":false,"writable":false,"visible":false,"private":true}}}	object	\N	\N
197	model_def_application::teacher-workspace.teacher-workspace	{"uid":"application::teacher-workspace.teacher-workspace","collectionName":"teacher_workspaces","kind":"collectionType","info":{"name":"TeacherWorkspace","description":""},"options":{"increments":true,"timestamps":["created_at","updated_at"],"draftAndPublish":true},"attributes":{"name":{"type":"string","required":true},"description":{"type":"text"},"template":{"type":"text","required":true},"blocks":{"private":true,"collection":"block","attribute":"block","column":"id","isVirtual":true},"classroom":{"private":true,"via":"teacher_workspaces","model":"classroom"},"published_at":{"type":"datetime","configurable":false,"writable":true,"visible":false},"created_by":{"model":"user","plugin":"admin","configurable":false,"writable":false,"visible":false,"private":true},"updated_by":{"model":"user","plugin":"admin","configurable":false,"writable":false,"visible":false,"private":true}}}	object	\N	\N
230	plugin_content_manager_configuration_content_types::application::cc-workspace.cc-workspace	{"uid":"application::cc-workspace.cc-workspace","settings":{"bulkable":true,"filterable":true,"searchable":true,"pageSize":10,"mainField":"name","defaultSortBy":"name","defaultSortOrder":"ASC"},"metadatas":{"id":{"edit":{},"list":{"label":"Id","searchable":true,"sortable":true}},"name":{"edit":{"label":"Name","description":"","placeholder":"","visible":true,"editable":true},"list":{"label":"Name","searchable":true,"sortable":true}},"description":{"edit":{"label":"Description","description":"","placeholder":"","visible":true,"editable":true},"list":{"label":"Description","searchable":true,"sortable":true}},"template":{"edit":{"label":"Template","description":"","placeholder":"","visible":true,"editable":true},"list":{"label":"Template","searchable":true,"sortable":true}},"blocks":{"edit":{"label":"Blocks","description":"","placeholder":"","visible":true,"editable":true,"mainField":"name"},"list":{"label":"Blocks","searchable":false,"sortable":false}},"classroom":{"edit":{"label":"Classroom","description":"","placeholder":"","visible":true,"editable":true,"mainField":"name"},"list":{"label":"Classroom","searchable":true,"sortable":true}},"created_at":{"edit":{"label":"Created_at","description":"","placeholder":"","visible":false,"editable":true},"list":{"label":"Created_at","searchable":true,"sortable":true}},"updated_at":{"edit":{"label":"Updated_at","description":"","placeholder":"","visible":false,"editable":true},"list":{"label":"Updated_at","searchable":true,"sortable":true}}},"layouts":{"list":["id","name","description","template"],"editRelations":["blocks","classroom"],"edit":[[{"name":"name","size":6},{"name":"description","size":6}],[{"name":"template","size":6}]]}}	object		
30	plugin_content_manager_configuration_content_types::application::classroom.classroom	{"uid":"application::classroom.classroom","settings":{"bulkable":true,"filterable":true,"searchable":true,"pageSize":10,"mainField":"name","defaultSortBy":"name","defaultSortOrder":"ASC"},"metadatas":{"id":{"edit":{},"list":{"label":"Id","searchable":true,"sortable":true}},"name":{"edit":{"label":"Name","description":"","placeholder":"","visible":true,"editable":true},"list":{"label":"Name","searchable":true,"sortable":true}},"school":{"edit":{"label":"School","description":"","placeholder":"","visible":true,"editable":true,"mainField":"name"},"list":{"label":"School","searchable":false,"sortable":true}},"sessions":{"edit":{"label":"Sessions","description":"","placeholder":"","visible":true,"editable":true,"mainField":"id"},"list":{"label":"Sessions","searchable":false,"sortable":false}},"mentors":{"edit":{"label":"Mentors","description":"","placeholder":"","visible":true,"editable":true,"mainField":"first_name"},"list":{"label":"Mentors","searchable":false,"sortable":false}},"students":{"edit":{"label":"Students","description":"","placeholder":"","visible":true,"editable":true,"mainField":"name"},"list":{"label":"Students","searchable":false,"sortable":false}},"code":{"edit":{"label":"Code","description":"","placeholder":"","visible":true,"editable":true},"list":{"label":"Code","searchable":true,"sortable":true}},"grade":{"edit":{"label":"Grade","description":"","placeholder":"","visible":true,"editable":true,"mainField":"name"},"list":{"label":"Grade","searchable":false,"sortable":true}},"selections":{"edit":{"label":"Selections","description":"","placeholder":"","visible":true,"editable":true,"mainField":"id"},"list":{"label":"Selections","searchable":false,"sortable":false}},"cc_workspaces":{"edit":{"label":"Cc_workspaces","description":"","placeholder":"","visible":true,"editable":true,"mainField":"name"},"list":{"label":"Cc_workspaces","searchable":false,"sortable":false}},"created_at":{"edit":{"label":"Created_at","description":"","placeholder":"","visible":false,"editable":true},"list":{"label":"Created_at","searchable":true,"sortable":true}},"updated_at":{"edit":{"label":"Updated_at","description":"","placeholder":"","visible":false,"editable":true},"list":{"label":"Updated_at","searchable":true,"sortable":true}}},"layouts":{"list":["id","name","code","created_at"],"edit":[[{"name":"name","size":6},{"name":"code","size":6}]],"editRelations":["school","sessions","mentors","students","grade","selections","cc_workspaces"]}}	object		
162	model_def_application::cc-workspace.cc-workspace	{"uid":"application::cc-workspace.cc-workspace","collectionName":"cc_workspaces","kind":"collectionType","info":{"name":"CCWorkspace","description":""},"options":{"increments":true,"timestamps":["created_at","updated_at"],"draftAndPublish":true},"attributes":{"name":{"type":"string","required":true},"description":{"type":"text"},"template":{"type":"text","required":true},"blocks":{"private":true,"collection":"block","attribute":"block","column":"id","isVirtual":true},"classroom":{"private":true,"via":"cc_workspaces","model":"classroom"},"published_at":{"type":"datetime","configurable":false,"writable":true,"visible":false},"created_by":{"model":"user","plugin":"admin","configurable":false,"writable":false,"visible":false,"private":true},"updated_by":{"model":"user","plugin":"admin","configurable":false,"writable":false,"visible":false,"private":true}}}	object	\N	\N
\.


--
-- Data for Name: days; Type: TABLE DATA; Schema: public; Owner: postgres
--

COPY public.days (id, learning_standard, number, template, created_at, updated_at, created_by, updated_by, description, "TekS", link, activity_template) FROM stdin;
878	229	1	<xml xmlns="http://www.w3.org/1999/xhtml"></xml>)	2021-08-01 18:50:05.416+00	2021-08-01 18:50:05.429+00	\N	\N	\N	\N	\N	\N
901	222	2	<xml xmlns="http://www.w3.org/1999/xhtml"></xml>)	2021-08-01 18:57:22.069+00	2021-08-01 18:57:22.079+00	\N	\N	\N	\N	\N	\N
880	1	1	<xml xmlns="http://www.w3.org/1999/xhtml"></xml>)	2021-08-01 18:56:53.215+00	2021-08-01 18:56:53.227+00	\N	\N	\N	\N	\N	\N
881	1	2	<xml xmlns="http://www.w3.org/1999/xhtml"></xml>)	2021-08-01 18:56:54.024+00	2021-08-01 18:56:54.042+00	\N	\N	\N	\N	\N	\N
882	1	3	<xml xmlns="http://www.w3.org/1999/xhtml"></xml>)	2021-08-01 18:56:54.472+00	2021-08-01 18:56:54.494+00	\N	\N	\N	\N	\N	\N
883	232	1	<xml xmlns="http://www.w3.org/1999/xhtml"></xml>)	2021-08-01 18:56:56.969+00	2021-08-01 18:56:56.98+00	\N	\N	\N	\N	\N	\N
884	232	2	<xml xmlns="http://www.w3.org/1999/xhtml"></xml>)	2021-08-01 18:56:57.581+00	2021-08-01 18:56:57.594+00	\N	\N	\N	\N	\N	\N
885	232	3	<xml xmlns="http://www.w3.org/1999/xhtml"></xml>)	2021-08-01 18:56:57.888+00	2021-08-01 18:56:57.898+00	\N	\N	\N	\N	\N	\N
887	234	2	<xml xmlns="http://www.w3.org/1999/xhtml"></xml>)	2021-08-01 18:57:01.959+00	2021-08-01 18:57:01.969+00	\N	\N	\N	\N	\N	\N
888	234	3	<xml xmlns="http://www.w3.org/1999/xhtml"></xml>)	2021-08-01 18:57:02.145+00	2021-08-01 18:57:02.161+00	\N	\N	\N	\N	\N	\N
889	217	1	<xml xmlns="http://www.w3.org/1999/xhtml"></xml>)	2021-08-01 18:57:04.458+00	2021-08-01 18:57:04.482+00	\N	\N	\N	\N	\N	\N
890	217	2	<xml xmlns="http://www.w3.org/1999/xhtml"></xml>)	2021-08-01 18:57:05.314+00	2021-08-01 18:57:05.325+00	\N	\N	\N	\N	\N	\N
891	217	3	<xml xmlns="http://www.w3.org/1999/xhtml"></xml>)	2021-08-01 18:57:05.496+00	2021-08-01 18:57:05.506+00	\N	\N	\N	\N	\N	\N
892	219	1	<xml xmlns="http://www.w3.org/1999/xhtml"></xml>)	2021-08-01 18:57:07.945+00	2021-08-01 18:57:07.957+00	\N	\N	\N	\N	\N	\N
893	219	2	<xml xmlns="http://www.w3.org/1999/xhtml"></xml>)	2021-08-01 18:57:08.734+00	2021-08-01 18:57:08.743+00	\N	\N	\N	\N	\N	\N
894	219	3	<xml xmlns="http://www.w3.org/1999/xhtml"></xml>)	2021-08-01 18:57:09.246+00	2021-08-01 18:57:09.256+00	\N	\N	\N	\N	\N	\N
895	220	2	<xml xmlns="http://www.w3.org/1999/xhtml"></xml>)	2021-08-01 18:57:11.524+00	2021-08-01 18:57:11.537+00	\N	\N	\N	\N	\N	\N
896	220	3	<xml xmlns="http://www.w3.org/1999/xhtml"></xml>)	2021-08-01 18:57:12.054+00	2021-08-01 18:57:12.063+00	\N	\N	\N	\N	\N	\N
897	221	1	<xml xmlns="http://www.w3.org/1999/xhtml"></xml>)	2021-08-01 18:57:18.008+00	2021-08-01 18:57:18.019+00	\N	\N	\N	\N	\N	\N
898	221	2	<xml xmlns="http://www.w3.org/1999/xhtml"></xml>)	2021-08-01 18:57:18.632+00	2021-08-01 18:57:18.641+00	\N	\N	\N	\N	\N	\N
899	221	3	<xml xmlns="http://www.w3.org/1999/xhtml"></xml>)	2021-08-01 18:57:19.032+00	2021-08-01 18:57:19.045+00	\N	\N	\N	\N	\N	\N
900	222	1	<xml xmlns="http://www.w3.org/1999/xhtml"></xml>)	2021-08-01 18:57:21.5+00	2021-08-01 18:57:21.51+00	\N	\N	\N	\N	\N	\N
902	222	3	<xml xmlns="http://www.w3.org/1999/xhtml"></xml>)	2021-08-01 18:57:22.478+00	2021-08-01 18:57:22.488+00	\N	\N	\N	\N	\N	\N
903	223	1	<xml xmlns="http://www.w3.org/1999/xhtml"></xml>)	2021-08-01 18:57:26.174+00	2021-08-01 18:57:26.185+00	\N	\N	\N	\N	\N	\N
904	223	2	<xml xmlns="http://www.w3.org/1999/xhtml"></xml>)	2021-08-01 18:57:26.768+00	2021-08-01 18:57:26.78+00	\N	\N	\N	\N	\N	\N
905	223	3	<xml xmlns="http://www.w3.org/1999/xhtml"></xml>)	2021-08-01 18:57:27.023+00	2021-08-01 18:57:27.033+00	\N	\N	\N	\N	\N	\N
906	224	1	<xml xmlns="http://www.w3.org/1999/xhtml"></xml>)	2021-08-01 18:57:29.925+00	2021-08-01 18:57:29.936+00	\N	\N	\N	\N	\N	\N
907	224	2	<xml xmlns="http://www.w3.org/1999/xhtml"></xml>)	2021-08-01 18:57:30.466+00	2021-08-01 18:57:30.476+00	\N	\N	\N	\N	\N	\N
908	224	3	<xml xmlns="http://www.w3.org/1999/xhtml"></xml>)	2021-08-01 18:57:30.634+00	2021-08-01 18:57:30.646+00	\N	\N	\N	\N	\N	\N
909	226	1	<xml xmlns="http://www.w3.org/1999/xhtml"></xml>)	2021-08-01 18:57:37.659+00	2021-08-01 18:57:37.669+00	\N	\N	\N	\N	\N	\N
910	226	2	<xml xmlns="http://www.w3.org/1999/xhtml"></xml>)	2021-08-01 18:57:38.223+00	2021-08-01 18:57:38.234+00	\N	\N	\N	\N	\N	\N
911	226	3	<xml xmlns="http://www.w3.org/1999/xhtml"></xml>)	2021-08-01 18:57:38.409+00	2021-08-01 18:57:38.418+00	\N	\N	\N	\N	\N	\N
912	227	1	<xml xmlns="http://www.w3.org/1999/xhtml"></xml>)	2021-08-01 18:57:40.477+00	2021-08-01 18:57:40.486+00	\N	\N	\N	\N	\N	\N
913	227	2	<xml xmlns="http://www.w3.org/1999/xhtml"></xml>)	2021-08-01 18:57:41.344+00	2021-08-01 18:57:41.356+00	\N	\N	\N	\N	\N	\N
914	227	3	<xml xmlns="http://www.w3.org/1999/xhtml"></xml>)	2021-08-01 18:57:41.504+00	2021-08-01 18:57:41.516+00	\N	\N	\N	\N	\N	\N
915	228	1	<xml xmlns="http://www.w3.org/1999/xhtml"></xml>)	2021-08-01 18:57:44.09+00	2021-08-01 18:57:44.103+00	\N	\N	\N	\N	\N	\N
916	228	2	<xml xmlns="http://www.w3.org/1999/xhtml"></xml>)	2021-08-01 18:57:44.699+00	2021-08-01 18:57:44.712+00	\N	\N	\N	\N	\N	\N
917	228	3	<xml xmlns="http://www.w3.org/1999/xhtml"></xml>)	2021-08-01 18:57:44.844+00	2021-08-01 18:57:44.856+00	\N	\N	\N	\N	\N	\N
918	3	1	<xml xmlns="http://www.w3.org/1999/xhtml"></xml>)	2021-08-01 18:57:46.971+00	2021-08-01 18:57:46.983+00	\N	\N	\N	\N	\N	\N
919	3	2	<xml xmlns="http://www.w3.org/1999/xhtml"></xml>)	2021-08-01 18:57:47.529+00	2021-08-01 18:57:47.539+00	\N	\N	\N	\N	\N	\N
920	3	3	<xml xmlns="http://www.w3.org/1999/xhtml"></xml>)	2021-08-01 18:57:47.681+00	2021-08-01 18:57:47.691+00	\N	\N	\N	\N	\N	\N
921	218	1	<xml xmlns="http://www.w3.org/1999/xhtml"></xml>)	2021-08-01 18:57:50.171+00	2021-08-01 18:57:50.181+00	\N	\N	\N	\N	\N	\N
922	218	2	<xml xmlns="http://www.w3.org/1999/xhtml"></xml>)	2021-08-01 18:57:50.654+00	2021-08-01 18:57:50.663+00	\N	\N	\N	\N	\N	\N
923	218	3	<xml xmlns="http://www.w3.org/1999/xhtml"></xml>)	2021-08-01 18:57:50.832+00	2021-08-01 18:57:50.842+00	\N	\N	\N	\N	\N	\N
924	39	1	<xml xmlns="http://www.w3.org/1999/xhtml"></xml>)	2021-08-01 18:57:55.026+00	2021-08-01 18:57:55.036+00	\N	\N	\N	\N	\N	\N
925	39	2	<xml xmlns="http://www.w3.org/1999/xhtml"></xml>)	2021-08-01 18:57:55.604+00	2021-08-01 18:57:55.615+00	\N	\N	\N	\N	\N	\N
926	39	3	<xml xmlns="http://www.w3.org/1999/xhtml"></xml>)	2021-08-01 18:57:55.764+00	2021-08-01 18:57:55.775+00	\N	\N	\N	\N	\N	\N
928	42	2	<xml xmlns="http://www.w3.org/1999/xhtml"></xml>)	2021-08-01 18:57:58.821+00	2021-08-01 18:57:58.832+00	\N	\N	\N	\N	\N	\N
929	42	3	<xml xmlns="http://www.w3.org/1999/xhtml"></xml>)	2021-08-01 18:57:58.967+00	2021-08-01 18:57:58.981+00	\N	\N	\N	\N	\N	\N
930	70	1	<xml xmlns="http://www.w3.org/1999/xhtml"></xml>)	2021-08-01 18:58:01.386+00	2021-08-01 18:58:01.395+00	\N	\N	\N	\N	\N	\N
931	70	2	<xml xmlns="http://www.w3.org/1999/xhtml"></xml>)	2021-08-01 18:58:01.962+00	2021-08-01 18:58:01.975+00	\N	\N	\N	\N	\N	\N
932	70	3	<xml xmlns="http://www.w3.org/1999/xhtml"></xml>)	2021-08-01 18:58:02.133+00	2021-08-01 18:58:02.145+00	\N	\N	\N	\N	\N	\N
933	229	2	<xml xmlns="http://www.w3.org/1999/xhtml"></xml>)	2021-08-01 18:58:10.472+00	2021-08-01 18:58:10.485+00	\N	\N	\N	\N	\N	\N
934	229	3	<xml xmlns="http://www.w3.org/1999/xhtml"></xml>)	2021-08-01 18:58:10.639+00	2021-08-01 18:58:10.649+00	\N	\N	\N	\N	\N	\N
935	235	1	<xml xmlns="http://www.w3.org/1999/xhtml"></xml>)	2021-08-01 18:58:13.792+00	2021-08-01 18:58:13.802+00	\N	\N	\N	\N	\N	\N
936	235	2	<xml xmlns="http://www.w3.org/1999/xhtml"></xml>)	2021-08-01 18:58:14.536+00	2021-08-01 18:58:14.546+00	\N	\N	\N	\N	\N	\N
937	235	3	<xml xmlns="http://www.w3.org/1999/xhtml"></xml>)	2021-08-01 18:58:14.688+00	2021-08-01 18:58:14.698+00	\N	\N	\N	\N	\N	\N
938	230	1	<xml xmlns="http://www.w3.org/1999/xhtml"></xml>)	2021-08-01 18:58:17.022+00	2021-08-01 18:58:17.031+00	\N	\N	\N	\N	\N	\N
939	230	2	<xml xmlns="http://www.w3.org/1999/xhtml"></xml>)	2021-08-01 18:58:17.597+00	2021-08-01 18:58:17.61+00	\N	\N	\N	\N	\N	\N
940	230	3	<xml xmlns="http://www.w3.org/1999/xhtml"></xml>)	2021-08-01 18:58:17.752+00	2021-08-01 18:58:17.761+00	\N	\N	\N	\N	\N	\N
944	233	1	<xml xmlns="http://www.w3.org/1999/xhtml"></xml>)	2021-08-01 18:58:21.883+00	2021-08-01 18:58:21.893+00	\N	\N	\N	\N	\N	\N
945	233	2	<xml xmlns="http://www.w3.org/1999/xhtml"></xml>)	2021-08-01 18:58:22.408+00	2021-08-01 18:58:22.418+00	\N	\N	\N	\N	\N	\N
946	233	3	<xml xmlns="http://www.w3.org/1999/xhtml"></xml>)	2021-08-01 18:58:22.555+00	2021-08-01 18:58:22.566+00	\N	\N	\N	\N	\N	\N
941	231	1	<xml xmlns="http://www.w3.org/1999/xhtml"></xml>)	2021-08-01 18:58:19.471+00	2021-08-01 18:58:19.483+00	\N	\N	\N	\N	\N	\N
942	231	2	<xml xmlns="http://www.w3.org/1999/xhtml"></xml>)	2021-08-01 18:58:20.006+00	2021-08-01 18:58:20.017+00	\N	\N	\N	\N	\N	\N
943	231	3	<xml xmlns="http://www.w3.org/1999/xhtml"></xml>)	2021-08-01 18:58:20.155+00	2021-08-01 18:58:20.164+00	\N	\N	\N	\N	\N	\N
927	42	1	<xml xmlns="http://www.w3.org/1999/xhtml"></xml>)	2021-08-01 18:57:58.168+00	2021-09-27 18:12:16.223+00	\N	\N	test	test	\N	\N
947	38	1	<xml xmlns="http://www.w3.org/1999/xhtml"></xml>)	2021-10-04 00:45:53.547+00	2021-10-04 00:45:58.225+00	\N	\N	d	d	\N	\N
886	234	1	<xml xmlns="http://www.w3.org/1999/xhtml"><block type="serial_setup" id="==lnHTRR]JGkBK?G3AOP" x="64" y="15"><field name="SERIAL_ID">Serial</field><field name="SPEED">9600</field></block><block type="insert_comment" id="Yn*{ZymirKA)ae4R-C|q" x="79" y="132"><mutation items="2"></mutation><value name="ADD0"><block type="text" id="nK#9fq^CVa7I:/I];zX}"><field name="TEXT">What is Space?</field></block></value><value name="ADD1"><block type="text" id="gvGrrT/;`h66)oPZKH0("><field name="TEXT">Enter your throughs below.</field></block></value><next><block type="variables_set" id="O^st-FW@P,/J!,[woEF8"><field name="VAR">item</field><value name="VALUE"><block type="text" id="KWtg/,-sRF{Y(}-fkOy/"><field name="TEXT"></field></block></value></block></next></block><block type="variables_set" id="x^3q5KAF|SM|nVOcyO!@" x="78" y="273"><field name="VAR">item</field><value name="VALUE"><block type="text_join" id="_/F=KUmsq[._y!8?Z2y#"><mutation items="2"></mutation><value name="ADD0"><block type="text" id="2qowzW*6d5zEA|7HR9Se"><field name="TEXT">My throughs on what is space is: </field></block></value><value name="ADD1"><block type="variables_get" id="Cul[O**vp@y44)5+LaF6"><field name="VAR">item</field></block></value></block></value><next><block type="serial_print" id="fZavHX^s_]jLT*E}x4.4"><field name="SERIAL_ID">Serial</field><field name="NEW_LINE">TRUE</field><value name="CONTENT"><block type="variables_get" id="pv+J1zT/e6QB1bWi}_KD"><field name="VAR">item</field></block></value></block></next></block></xml>	2021-08-01 18:57:01.38+00	2022-02-12 21:30:31.859+00	\N	\N	ew	das	\N	\N
879	220	1	<xml xmlns="http://www.w3.org/1999/xhtml"><block type="io_digitalwrite" id="oS{Glkr[})__UeBy8,A3" x="101" y="74"><field name="PIN">0</field><value name="STATE"><block type="io_highlow" id="lMgWf`Mx6|@.:1RDS``="><field name="STATE">HIGH</field></block></value><next><block type="time_delay" id="iVkbm?WIE?R0`F(l.x!`"><value name="DELAY_TIME_MILI"><block type="math_number" id="iYllgOCGYULC34H|)477"><field name="NUM">1000</field></block></value><next><block type="io_digitalwrite" id="I0h]p)%8mp)IFQuKLP,z"><field name="PIN">0</field><value name="STATE"><block type="io_highlow" id="V@QbeF7MDQ@`3?ooUd|S"><field name="STATE">HIGH</field></block></value><next><block type="time_delay" id="p;8XF%^t27|~(5z:Z%K!"><value name="DELAY_TIME_MILI"><block type="math_number" id="ZoB_BlJdoEu*AiH0lDC:"><field name="NUM">1000</field></block></value></block></next></block></next></block></next></block></xml>	2021-08-01 18:54:41.824+00	2022-02-21 03:51:34.923+00	\N	\N	test1	test	\N	<xml xmlns="http://www.w3.org/1999/xhtml"><block type="block_comment" id="N)!hdwaVhwwIqaqxOxe_" x="379" y="152"><field name="comment_input">Block comment</field><statement name="comment"><block type="controls_for" id="DZV4#hQYya_e?5i*L;Vo"><field name="VAR">i</field></block></statement></block></xml>
\.


--
-- Data for Name: days__blocks; Type: TABLE DATA; Schema: public; Owner: postgres
--

COPY public.days__blocks (id, day_id, block_id) FROM stdin;
120	879	4
121	879	5
122	879	6
123	879	7
124	879	8
125	879	9
157	879	1
158	879	2
159	879	3
160	879	10
161	879	12
162	879	13
\.


--
-- Data for Name: days_learning_components__learning_components_days; Type: TABLE DATA; Schema: public; Owner: postgres
--

COPY public.days_learning_components__learning_components_days (id, "learning-component_id", day_id) FROM stdin;
1	1	886
2	2	886
3	3	886
4	4	886
5	5	886
6	6	886
7	4	886
8	5	886
9	1	879
10	3	879
\.


--
-- Data for Name: grades; Type: TABLE DATA; Schema: public; Owner: postgres
--

COPY public.grades (id, name, created_at, updated_at, created_by, updated_by) FROM stdin;
4	5th	2020-07-24 16:21:42.095+00	2020-07-24 16:21:42.095+00	\N	\N
1	3rd	2020-07-24 16:21:23.774+00	2020-07-24 16:21:23.774+00	\N	\N
3	4th	2020-07-24 16:21:38.473+00	2020-07-24 16:21:38.473+00	\N	\N
\.


--
-- Data for Name: learning_component_types; Type: TABLE DATA; Schema: public; Owner: postgres
--

COPY public.learning_component_types (id, name, published_at, created_by, updated_by, created_at, updated_at) FROM stdin;
1	Science	2022-02-15 20:16:14.351+00	1	1	2022-02-15 20:16:09.72+00	2022-02-15 20:16:14.361+00
2	Making	2022-02-15 20:16:22.493+00	1	1	2022-02-15 20:16:21.743+00	2022-02-15 20:16:22.504+00
3	Computation	2022-02-15 20:16:29.46+00	1	1	2022-02-15 20:16:28.599+00	2022-02-15 20:16:29.469+00
\.


--
-- Data for Name: learning_components; Type: TABLE DATA; Schema: public; Owner: postgres
--

COPY public.learning_components (id, type, learning_component_type, published_at, created_by, updated_by, created_at, updated_at) FROM stdin;
1	Science1	1	2022-02-15 20:17:42.253+00	\N	\N	2022-02-15 20:17:42.263+00	2022-02-15 20:17:42.301+00
2	Science2	1	2022-02-15 20:17:42.254+00	\N	\N	2022-02-15 20:17:42.263+00	2022-02-15 20:17:42.301+00
3	Maker1	2	2022-02-15 20:17:42.257+00	\N	\N	2022-02-15 20:17:42.271+00	2022-02-15 20:17:42.304+00
4	Maker2	2	2022-02-15 20:17:42.259+00	\N	\N	2022-02-15 20:17:42.271+00	2022-02-15 20:17:42.304+00
5	Computation1	3	2022-02-15 20:17:42.267+00	\N	\N	2022-02-15 20:17:42.279+00	2022-02-15 20:17:42.312+00
6	Computation2	3	2022-02-15 20:17:42.267+00	\N	\N	2022-02-15 20:17:42.285+00	2022-02-15 20:17:42.323+00
\.


--
-- Data for Name: learning_standards; Type: TABLE DATA; Schema: public; Owner: postgres
--

COPY public.learning_standards (id, unit, number, name, expectations, created_at, updated_at, teks, created_by, updated_by, link) FROM stdin;
1	1	1.00	3rd - Mixtures and Solutions	Demonstrate that some mixtures maintain physical properties of their ingredients such as iron fillings and sand and sand and water.\nIdentify changes that can occur in the physical properties of the ingredients or solutions such as dissolving salt in water or adding lemon juice to water.	2020-07-24 16:53:26.737+00	2021-08-01 18:11:31.508+00	\N	\N	\N	\N
232	20	1.00	5th - What is Rovers	Learn about basic Rovers	2021-08-01 18:26:57.112+00	2021-08-01 18:28:38.628+00	ggefeff	\N	\N	\N
217	11	0.00	4th - Moon	Learn about the Moon	2021-08-01 18:12:59.49+00	2021-08-01 18:13:07.908+00	afafasfasf	\N	\N	\N
226	77	0.00	4th - Arduino control	Learn about Arduino control loop	2021-08-01 18:21:12.316+00	2021-08-01 18:21:12.334+00	asfafafaf	\N	\N	\N
227	77	0.00	4th - Arduino Functions	Learn about Arduino Functions	2021-08-01 18:21:40.515+00	2021-08-01 18:21:40.536+00	asfasfgfr	\N	\N	\N
228	77	0.00	4th - Arduino Logics	Learn about  Arduino Logics	2021-08-01 18:22:36.616+00	2021-08-01 18:22:36.626+00	gjukibee	\N	\N	\N
229	79	0.00	5th - Arduino Communications	Learn about Arduino Communications	2021-08-01 18:23:38.145+00	2021-08-01 18:23:38.164+00	gyj563g	\N	\N	\N
235	12	0.00	5th - Relation between time and space	Learn the Relation between time and space	2021-08-01 18:29:22.803+00	2021-08-01 18:29:22.819+00	1141435	\N	\N	\N
230	79	0.00	5th - Arduino Motors	Learn about Arduino Motors	2021-08-01 18:24:25.125+00	2021-08-01 18:24:25.147+00	afasfaf	\N	\N	\N
231	79	5.00	5th - Arduino execution loop	learning about Arduino execution loop	2021-08-01 18:26:16.268+00	2021-08-01 18:26:16.276+00	ffef23f2g	\N	\N	\N
3	78	2.00	4th - Water Cycle	Students Learn about Water Cycle	2020-11-02 18:26:22.32+00	2021-08-01 18:48:49.891+00	\N	\N	\N	\N
233	20	0.00	5th - How Rover functions	Learn How Rover functions	2021-08-01 18:28:06.489+00	2021-08-01 18:28:06.498+00	fafrrgrgrg	\N	\N	\N
218	78	0.00	4th - Human in the Ecosystem	Learn about Human in the Ecosystem	2021-08-01 18:14:01.518+00	2021-08-01 18:48:49.891+00	fafafafasf	\N	\N	\N
39	78	1.00	4th - Animals	Learn about animals	2021-02-01 17:43:13.296+00	2021-08-01 18:48:49.891+00	3A	\N	\N	\N
70	11	3.00	4th - Mars	Mars the read planet 	2021-02-17 16:48:35.378+00	2021-08-01 18:10:27.839+00	1.3.4	\N	\N	\N
221	75	0.00	3rd - Arduino I/O	Learn about basic  Arduino I/O	2021-08-01 18:16:58.823+00	2021-08-21 03:29:45.41+00	asfafsgg	\N	\N	\N
223	76	0.00	3rd - Atoms	Learn about Atoms	2021-08-01 18:19:20.588+00	2021-08-01 18:19:20.576+00	asfasfafasfaf	\N	\N	\N
225	1	0.00	3rd - Matter	Learn about matter	2021-08-01 18:20:34.979+00	2021-08-01 18:20:35.002+00	asfasfasfaf	\N	\N	\N
222	76	0.00	3rd - Period Table	Learn about the Period Table	2021-08-01 18:18:05.201+00	2021-08-01 18:18:05.218+00	asfafssaf	\N	\N	\N
224	1	0.00	3rd - How is energy being transfered	Learn about How is energy transfered	2021-08-01 18:20:08.59+00	2021-08-01 18:20:08.61+00	safafafasf	\N	\N	\N
38	76	1.00	3rd - Element of the Earth	This is earth and stuff	2020-11-18 17:45:07.037+00	2021-10-04 00:45:52.312+00	ets	\N	\N	\N
219	75	0.00	3rd - Arduino fundamentals	Learn about Arduino fundamentals	2021-08-01 18:15:23.039+00	2021-08-21 03:29:45.41+00	aasfff	\N	\N	\N
42	11	2.00	4th- Earth	Rotation and revolution	2021-02-03 17:52:19.825+00	2021-08-01 18:10:01.957+00	2	\N	\N	\N
234	12	0.00	5th - What is Space	Learn what is space	2021-08-01 18:28:29.106+00	2021-08-01 18:28:44.957+00	afafefgrgr	\N	\N	\N
220	75	0.00	3rd - Arduino Blink	Learn about Arduino Blick Example	2021-08-01 18:16:09.904+00	2021-08-21 03:29:45.41+00	afafasf	\N	\N	\N
\.


--
-- Data for Name: mentors; Type: TABLE DATA; Schema: public; Owner: postgres
--

COPY public.mentors (id, first_name, last_name, school, "user", created_at, updated_at, created_by, updated_by) FROM stdin;
1	Basic	Mentor	1	1	2020-07-24 16:36:47.321+00	2020-07-24 16:37:42.699+00	\N	\N
3	Basic2	Mentor2	2	4	2021-08-01 18:32:10.252+00	2021-08-01 18:33:48.248+00	\N	\N
4	Basic3	Mentor3	2	6	2021-08-01 18:32:26.387+00	2021-08-01 18:33:55.528+00	\N	\N
\.


--
-- Data for Name: objective_types; Type: TABLE DATA; Schema: public; Owner: postgres
--

COPY public.objective_types (id, name, created_at, updated_at, created_by, updated_by) FROM stdin;
1	Science	2020-07-24 16:20:21.205+00	2020-07-24 16:20:21.205+00	\N	\N
2	Making	2020-07-24 16:20:26.28+00	2020-07-24 16:20:26.28+00	\N	\N
3	Computation	2020-07-24 16:20:31.627+00	2020-07-24 16:20:31.627+00	\N	\N
\.


--
-- Data for Name: objectives; Type: TABLE DATA; Schema: public; Owner: postgres
--

COPY public.objectives (id, day, description, objective_type, created_at, updated_at, created_by, updated_by) FROM stdin;
5	\N	Student can recognize the three states of matter. (ex. ice, water, water vapor), and can recognize thermal insulators and conductors in the real world.	1	2020-07-24 16:58:01.265+00	2021-03-22 17:26:29.409+00	\N	\N
6	\N	Student will experiment to identify thermal conductors and insulators.	2	2020-07-24 16:58:11.291+00	2021-03-22 17:26:29.409+00	\N	\N
1	\N	The students will build a circuit using batteries and switches.	2	2020-07-24 16:54:03.325+00	2021-08-01 17:54:54.1+00	\N	\N
2	\N	The students will be identify conductors and insulators in the real world by predicting whether a given object will complete a circuit and testing their hypotheses.	1	2020-07-24 16:54:11.457+00	2021-08-01 17:54:54.1+00	\N	\N
3	\N	The students will identify conductors and insulators in the real world by predicting whether a given object will complete a circuit and testing their hypotheses.	1	2020-07-24 16:56:41.649+00	2021-08-01 17:54:54.139+00	\N	\N
4	\N	Students will create a circuit and complete it by finding conductors and insulators in the classroom.	2	2020-07-24 16:57:04.842+00	2021-08-01 17:54:54.139+00	\N	\N
\.


--
-- Data for Name: saves; Type: TABLE DATA; Schema: public; Owner: postgres
--

COPY public.saves (id, day, student, session, workspace, created_at, updated_at, created_by, updated_by, replay) FROM stdin;
488	886	5	1697	<xml xmlns="http://www.w3.org/1999/xhtml"></xml>	2021-08-01 19:07:12.068+00	2021-08-01 19:07:12.085+00	\N	\N	\N
489	886	28	1698	<xml xmlns="http://www.w3.org/1999/xhtml"><block type="serial_setup" id="==lnHTRR]JGkBK?G3AOP" x="64" y="15"><field name="SERIAL_ID">Serial</field><field name="SPEED">9600</field></block><block type="insert_comment" id="Yn*{ZymirKA)ae4R-C|q" x="79" y="132"><mutation items="2"></mutation><value name="ADD0"><block type="text" id="nK#9fq^CVa7I:/I];zX}"><field name="TEXT">What is Space?</field></block></value><value name="ADD1"><block type="text" id="gvGrrT/;`h66)oPZKH0("><field name="TEXT">Enter your throughs below.</field></block></value><next><block type="variables_set" id="O^st-FW@P,/J!,[woEF8"><field name="VAR">item</field><value name="VALUE"><block type="text" id="KWtg/,-sRF{Y(}-fkOy/"><field name="TEXT">No Idea!</field></block></value></block></next></block><block type="variables_set" id="x^3q5KAF|SM|nVOcyO!@" x="78" y="273"><field name="VAR">item</field><value name="VALUE"><block type="text_join" id="_/F=KUmsq[._y!8?Z2y#"><mutation items="2"></mutation><value name="ADD0"><block type="text" id="2qowzW*6d5zEA|7HR9Se"><field name="TEXT">My throughs on what is space is: </field></block></value><value name="ADD1"><block type="variables_get" id="Cul[O**vp@y44)5+LaF6"><field name="VAR">item</field></block></value></block></value><next><block type="serial_print" id="fZavHX^s_]jLT*E}x4.4"><field name="SERIAL_ID">Serial</field><field name="NEW_LINE">TRUE</field><value name="CONTENT"><block type="variables_get" id="pv+J1zT/e6QB1bWi}_KD"><field name="VAR">item</field></block></value></block></next></block></xml>	2021-08-01 19:14:10.659+00	2021-08-01 19:14:10.678+00	\N	\N	\N
490	886	5	1699	<xml xmlns="http://www.w3.org/1999/xhtml"><block type="serial_setup" id="==lnHTRR]JGkBK?G3AOP" x="64" y="15"><field name="SERIAL_ID">Serial</field><field name="SPEED">9600</field></block><block type="insert_comment" id="Yn*{ZymirKA)ae4R-C|q" x="79" y="132"><mutation items="2"></mutation><value name="ADD0"><block type="text" id="nK#9fq^CVa7I:/I];zX}"><field name="TEXT">What is Space?</field></block></value><value name="ADD1"><block type="text" id="gvGrrT/;`h66)oPZKH0("><field name="TEXT">Enter your throughs below.</field></block></value><next><block type="variables_set" id="O^st-FW@P,/J!,[woEF8"><field name="VAR">item</field><value name="VALUE"><block type="text" id="KWtg/,-sRF{Y(}-fkOy/"><field name="TEXT">whattttt?</field></block></value></block></next></block><block type="variables_set" id="x^3q5KAF|SM|nVOcyO!@" x="78" y="273"><field name="VAR">item</field><value name="VALUE"><block type="text_join" id="_/F=KUmsq[._y!8?Z2y#"><mutation items="2"></mutation><value name="ADD0"><block type="text" id="2qowzW*6d5zEA|7HR9Se"><field name="TEXT">My throughs on what is space is: </field></block></value><value name="ADD1"><block type="variables_get" id="Cul[O**vp@y44)5+LaF6"><field name="VAR">item</field></block></value></block></value><next><block type="serial_print" id="fZavHX^s_]jLT*E}x4.4"><field name="SERIAL_ID">Serial</field><field name="NEW_LINE">TRUE</field><value name="CONTENT"><block type="variables_get" id="pv+J1zT/e6QB1bWi}_KD"><field name="VAR">item</field></block></value></block></next></block></xml>	2021-08-01 19:14:55.628+00	2021-08-01 19:14:55.64+00	\N	\N	\N
491	887	2	1702	<xml xmlns="http://www.w3.org/1999/xhtml"></xml>	2021-08-21 07:42:36.979+00	2021-08-21 07:42:36.989+00	\N	\N	\N
529	886	2	1740	<xml xmlns="http://www.w3.org/1999/xhtml"><block type="serial_setup" id="==lnHTRR]JGkBK?G3AOP" x="156" y="60"><field name="SERIAL_ID">Serial</field><field name="SPEED">9600</field></block><block type="insert_comment" id="Yn*{ZymirKA)ae4R-C|q" x="191" y="156"><mutation items="2"></mutation><value name="ADD0"><block type="text" id="nK#9fq^CVa7I:/I];zX}"><field name="TEXT">What is Space?</field></block></value><value name="ADD1"><block type="text" id="gvGrrT/;`h66)oPZKH0("><field name="TEXT">Enter your throughs below.</field></block></value><next><block type="variables_set" id="O^st-FW@P,/J!,[woEF8"><field name="VAR">item</field><value name="VALUE"><block type="text" id="KWtg/,-sRF{Y(}-fkOy/"><field name="TEXT"></field></block></value></block></next></block><block type="variables_set" id="x^3q5KAF|SM|nVOcyO!@" x="180" y="346"><field name="VAR">item</field><value name="VALUE"><block type="text_join" id="_/F=KUmsq[._y!8?Z2y#"><mutation items="2"></mutation><value name="ADD0"><block type="text" id="2qowzW*6d5zEA|7HR9Se"><field name="TEXT">My throughs on what is space is: </field></block></value><value name="ADD1"><block type="variables_get" id="Cul[O**vp@y44)5+LaF6"><field name="VAR">item</field></block></value></block></value><next><block type="serial_print" id="fZavHX^s_]jLT*E}x4.4"><field name="SERIAL_ID">Serial</field><field name="NEW_LINE">TRUE</field><value name="CONTENT"><block type="variables_get" id="pv+J1zT/e6QB1bWi}_KD"><field name="VAR">item</field></block></value></block></next></block></xml>	2022-02-15 20:03:16.338+00	2022-02-15 20:03:16.342+00	\N	\N	[{"xml": "<xml xmlns=\\"http://www.w3.org/1999/xhtml\\"><block type=\\"serial_setup\\" id=\\"==lnHTRR]JGkBK?G3AOP\\" x=\\"64\\" y=\\"15\\"><field name=\\"SERIAL_ID\\">Serial</field><field name=\\"SPEED\\">9600</field></block><block type=\\"insert_comment\\" id=\\"Yn*{ZymirKA)ae4R-C|q\\" x=\\"720\\" y=\\"128\\"><mutation items=\\"2\\"></mutation><value name=\\"ADD0\\"><block type=\\"text\\" id=\\"nK#9fq^CVa7I:/I];zX}\\"><field name=\\"TEXT\\">What is Space?</field></block></value><value name=\\"ADD1\\"><block type=\\"text\\" id=\\"gvGrrT/;`h66)oPZKH0(\\"><field name=\\"TEXT\\">Enter your throughs below.</field></block></value><next><block type=\\"variables_set\\" id=\\"O^st-FW@P,/J!,[woEF8\\"><field name=\\"VAR\\">item</field><value name=\\"VALUE\\"><block type=\\"text\\" id=\\"KWtg/,-sRF{Y(}-fkOy/\\"><field name=\\"TEXT\\"></field></block></value></block></next></block><block type=\\"variables_set\\" id=\\"x^3q5KAF|SM|nVOcyO!@\\" x=\\"78\\" y=\\"273\\"><field name=\\"VAR\\">item</field><value name=\\"VALUE\\"><block type=\\"text_join\\" id=\\"_/F=KUmsq[._y!8?Z2y#\\"><mutation items=\\"2\\"></mutation><value name=\\"ADD0\\"><block type=\\"text\\" id=\\"2qowzW*6d5zEA|7HR9Se\\"><field name=\\"TEXT\\">My throughs on what is space is: </field></block></value><value name=\\"ADD1\\"><block type=\\"variables_get\\" id=\\"Cul[O**vp@y44)5+LaF6\\"><field name=\\"VAR\\">item</field></block></value></block></value><next><block type=\\"serial_print\\" id=\\"fZavHX^s_]jLT*E}x4.4\\"><field name=\\"SERIAL_ID\\">Serial</field><field name=\\"NEW_LINE\\">TRUE</field><value name=\\"CONTENT\\"><block type=\\"variables_get\\" id=\\"pv+J1zT/e6QB1bWi}_KD\\"><field name=\\"VAR\\">item</field></block></value></block></next></block></xml>", "clicks": 0, "xmlData": {"blocks": {"text": {"count": 4, "deleted": 0}, "text_join": {"count": 1, "deleted": 0}, "serial_print": {"count": 1, "deleted": 0}, "serial_setup": {"count": 1, "deleted": 0}, "variables_get": {"count": 2, "deleted": 0}, "variables_set": {"count": 2, "deleted": 0}, "insert_comment": {"count": 1, "deleted": 0}}, "categories": {}}, "timestamp": 1644955388138}, {"xml": "<xml xmlns=\\"http://www.w3.org/1999/xhtml\\"><block type=\\"serial_setup\\" id=\\"==lnHTRR]JGkBK?G3AOP\\" x=\\"64\\" y=\\"15\\"><field name=\\"SERIAL_ID\\">Serial</field><field name=\\"SPEED\\">9600</field></block><block type=\\"insert_comment\\" id=\\"Yn*{ZymirKA)ae4R-C|q\\" x=\\"720\\" y=\\"128\\"><mutation items=\\"2\\"></mutation><value name=\\"ADD0\\"><block type=\\"text\\" id=\\"nK#9fq^CVa7I:/I];zX}\\"><field name=\\"TEXT\\">What is Space?</field></block></value><value name=\\"ADD1\\"><block type=\\"text\\" id=\\"gvGrrT/;`h66)oPZKH0(\\"><field name=\\"TEXT\\">Enter your throughs below.</field></block></value><next><block type=\\"variables_set\\" id=\\"O^st-FW@P,/J!,[woEF8\\"><field name=\\"VAR\\">item</field><value name=\\"VALUE\\"><block type=\\"text\\" id=\\"KWtg/,-sRF{Y(}-fkOy/\\"><field name=\\"TEXT\\"></field></block></value></block></next></block><block type=\\"variables_set\\" id=\\"x^3q5KAF|SM|nVOcyO!@\\" x=\\"527\\" y=\\"388\\"><field name=\\"VAR\\">item</field><value name=\\"VALUE\\"><block type=\\"text_join\\" id=\\"_/F=KUmsq[._y!8?Z2y#\\"><mutation items=\\"2\\"></mutation><value name=\\"ADD0\\"><block type=\\"text\\" id=\\"2qowzW*6d5zEA|7HR9Se\\"><field name=\\"TEXT\\">My throughs on what is space is: </field></block></value><value name=\\"ADD1\\"><block type=\\"variables_get\\" id=\\"Cul[O**vp@y44)5+LaF6\\"><field name=\\"VAR\\">item</field></block></value></block></value><next><block type=\\"serial_print\\" id=\\"fZavHX^s_]jLT*E}x4.4\\"><field name=\\"SERIAL_ID\\">Serial</field><field name=\\"NEW_LINE\\">TRUE</field><value name=\\"CONTENT\\"><block type=\\"variables_get\\" id=\\"pv+J1zT/e6QB1bWi}_KD\\"><field name=\\"VAR\\">item</field></block></value></block></next></block></xml>", "clicks": 0, "xmlData": {"blocks": {"text": {"count": 4, "deleted": 0}, "text_join": {"count": 1, "deleted": 0}, "serial_print": {"count": 1, "deleted": 0}, "serial_setup": {"count": 1, "deleted": 0}, "variables_get": {"count": 2, "deleted": 0}, "variables_set": {"count": 2, "deleted": 0}, "insert_comment": {"count": 1, "deleted": 0}}, "categories": {}}, "timestamp": 1644955389138}, {"xml": "<xml xmlns=\\"http://www.w3.org/1999/xhtml\\"><block type=\\"insert_comment\\" id=\\"Yn*{ZymirKA)ae4R-C|q\\" x=\\"720\\" y=\\"128\\"><mutation items=\\"2\\"></mutation><value name=\\"ADD0\\"><block type=\\"text\\" id=\\"nK#9fq^CVa7I:/I];zX}\\"><field name=\\"TEXT\\">What is Space?</field></block></value><value name=\\"ADD1\\"><block type=\\"text\\" id=\\"gvGrrT/;`h66)oPZKH0(\\"><field name=\\"TEXT\\">Enter your throughs below.</field></block></value><next><block type=\\"variables_set\\" id=\\"O^st-FW@P,/J!,[woEF8\\"><field name=\\"VAR\\">item</field><value name=\\"VALUE\\"><block type=\\"text\\" id=\\"KWtg/,-sRF{Y(}-fkOy/\\"><field name=\\"TEXT\\"></field></block></value></block></next></block><block type=\\"serial_setup\\" id=\\"==lnHTRR]JGkBK?G3AOP\\" x=\\"143\\" y=\\"286\\"><field name=\\"SERIAL_ID\\">Serial</field><field name=\\"SPEED\\">9600</field></block><block type=\\"variables_set\\" id=\\"x^3q5KAF|SM|nVOcyO!@\\" x=\\"527\\" y=\\"388\\"><field name=\\"VAR\\">item</field><value name=\\"VALUE\\"><block type=\\"text_join\\" id=\\"_/F=KUmsq[._y!8?Z2y#\\"><mutation items=\\"2\\"></mutation><value name=\\"ADD0\\"><block type=\\"text\\" id=\\"2qowzW*6d5zEA|7HR9Se\\"><field name=\\"TEXT\\">My throughs on what is space is: </field></block></value><value name=\\"ADD1\\"><block type=\\"variables_get\\" id=\\"Cul[O**vp@y44)5+LaF6\\"><field name=\\"VAR\\">item</field></block></value></block></value><next><block type=\\"serial_print\\" id=\\"fZavHX^s_]jLT*E}x4.4\\"><field name=\\"SERIAL_ID\\">Serial</field><field name=\\"NEW_LINE\\">TRUE</field><value name=\\"CONTENT\\"><block type=\\"variables_get\\" id=\\"pv+J1zT/e6QB1bWi}_KD\\"><field name=\\"VAR\\">item</field></block></value></block></next></block></xml>", "clicks": 0, "xmlData": {"blocks": {"text": {"count": 4, "deleted": 0}, "text_join": {"count": 1, "deleted": 0}, "serial_print": {"count": 1, "deleted": 0}, "serial_setup": {"count": 1, "deleted": 0}, "variables_get": {"count": 2, "deleted": 0}, "variables_set": {"count": 2, "deleted": 0}, "insert_comment": {"count": 1, "deleted": 0}}}, "timestamp": 1644955390150}, {"xml": "<xml xmlns=\\"http://www.w3.org/1999/xhtml\\"><block type=\\"serial_setup\\" id=\\"==lnHTRR]JGkBK?G3AOP\\" x=\\"156\\" y=\\"60\\"><field name=\\"SERIAL_ID\\">Serial</field><field name=\\"SPEED\\">9600</field></block><block type=\\"insert_comment\\" id=\\"Yn*{ZymirKA)ae4R-C|q\\" x=\\"-19\\" y=\\"193\\"><mutation items=\\"2\\"></mutation><value name=\\"ADD0\\"><block type=\\"text\\" id=\\"nK#9fq^CVa7I:/I];zX}\\"><field name=\\"TEXT\\">What is Space?</field></block></value><value name=\\"ADD1\\"><block type=\\"text\\" id=\\"gvGrrT/;`h66)oPZKH0(\\"><field name=\\"TEXT\\">Enter your throughs below.</field></block></value><next><block type=\\"variables_set\\" id=\\"O^st-FW@P,/J!,[woEF8\\"><field name=\\"VAR\\">item</field><value name=\\"VALUE\\"><block type=\\"text\\" id=\\"KWtg/,-sRF{Y(}-fkOy/\\"><field name=\\"TEXT\\"></field></block></value></block></next></block><block type=\\"variables_set\\" id=\\"x^3q5KAF|SM|nVOcyO!@\\" x=\\"527\\" y=\\"388\\"><field name=\\"VAR\\">item</field><value name=\\"VALUE\\"><block type=\\"text_join\\" id=\\"_/F=KUmsq[._y!8?Z2y#\\"><mutation items=\\"2\\"></mutation><value name=\\"ADD0\\"><block type=\\"text\\" id=\\"2qowzW*6d5zEA|7HR9Se\\"><field name=\\"TEXT\\">My throughs on what is space is: </field></block></value><value name=\\"ADD1\\"><block type=\\"variables_get\\" id=\\"Cul[O**vp@y44)5+LaF6\\"><field name=\\"VAR\\">item</field></block></value></block></value><next><block type=\\"serial_print\\" id=\\"fZavHX^s_]jLT*E}x4.4\\"><field name=\\"SERIAL_ID\\">Serial</field><field name=\\"NEW_LINE\\">TRUE</field><value name=\\"CONTENT\\"><block type=\\"variables_get\\" id=\\"pv+J1zT/e6QB1bWi}_KD\\"><field name=\\"VAR\\">item</field></block></value></block></next></block></xml>", "clicks": 0, "xmlData": {"blocks": {"text": {"count": 4, "deleted": 0}, "text_join": {"count": 1, "deleted": 0}, "serial_print": {"count": 1, "deleted": 0}, "serial_setup": {"count": 1, "deleted": 0}, "variables_get": {"count": 2, "deleted": 0}, "variables_set": {"count": 2, "deleted": 0}, "insert_comment": {"count": 1, "deleted": 0}}}, "timestamp": 1644955391138}, {"xml": "<xml xmlns=\\"http://www.w3.org/1999/xhtml\\"><block type=\\"serial_setup\\" id=\\"==lnHTRR]JGkBK?G3AOP\\" x=\\"156\\" y=\\"60\\"><field name=\\"SERIAL_ID\\">Serial</field><field name=\\"SPEED\\">9600</field></block><block type=\\"insert_comment\\" id=\\"Yn*{ZymirKA)ae4R-C|q\\" x=\\"191\\" y=\\"156\\"><mutation items=\\"2\\"></mutation><value name=\\"ADD0\\"><block type=\\"text\\" id=\\"nK#9fq^CVa7I:/I];zX}\\"><field name=\\"TEXT\\">What is Space?</field></block></value><value name=\\"ADD1\\"><block type=\\"text\\" id=\\"gvGrrT/;`h66)oPZKH0(\\"><field name=\\"TEXT\\">Enter your throughs below.</field></block></value><next><block type=\\"variables_set\\" id=\\"O^st-FW@P,/J!,[woEF8\\"><field name=\\"VAR\\">item</field><value name=\\"VALUE\\"><block type=\\"text\\" id=\\"KWtg/,-sRF{Y(}-fkOy/\\"><field name=\\"TEXT\\"></field></block></value></block></next></block><block type=\\"variables_set\\" id=\\"x^3q5KAF|SM|nVOcyO!@\\" x=\\"527\\" y=\\"388\\"><field name=\\"VAR\\">item</field><value name=\\"VALUE\\"><block type=\\"text_join\\" id=\\"_/F=KUmsq[._y!8?Z2y#\\"><mutation items=\\"2\\"></mutation><value name=\\"ADD0\\"><block type=\\"text\\" id=\\"2qowzW*6d5zEA|7HR9Se\\"><field name=\\"TEXT\\">My throughs on what is space is: </field></block></value><value name=\\"ADD1\\"><block type=\\"variables_get\\" id=\\"Cul[O**vp@y44)5+LaF6\\"><field name=\\"VAR\\">item</field></block></value></block></value><next><block type=\\"serial_print\\" id=\\"fZavHX^s_]jLT*E}x4.4\\"><field name=\\"SERIAL_ID\\">Serial</field><field name=\\"NEW_LINE\\">TRUE</field><value name=\\"CONTENT\\"><block type=\\"variables_get\\" id=\\"pv+J1zT/e6QB1bWi}_KD\\"><field name=\\"VAR\\">item</field></block></value></block></next></block></xml>", "clicks": 0, "xmlData": {"blocks": {"text": {"count": 4, "deleted": 0}, "text_join": {"count": 1, "deleted": 0}, "serial_print": {"count": 1, "deleted": 0}, "serial_setup": {"count": 1, "deleted": 0}, "variables_get": {"count": 2, "deleted": 0}, "variables_set": {"count": 2, "deleted": 0}, "insert_comment": {"count": 1, "deleted": 0}}}, "timestamp": 1644955392141}, {"xml": "<xml xmlns=\\"http://www.w3.org/1999/xhtml\\"><block type=\\"serial_setup\\" id=\\"==lnHTRR]JGkBK?G3AOP\\" x=\\"156\\" y=\\"60\\"><field name=\\"SERIAL_ID\\">Serial</field><field name=\\"SPEED\\">9600</field></block><block type=\\"insert_comment\\" id=\\"Yn*{ZymirKA)ae4R-C|q\\" x=\\"191\\" y=\\"156\\"><mutation items=\\"2\\"></mutation><value name=\\"ADD0\\"><block type=\\"text\\" id=\\"nK#9fq^CVa7I:/I];zX}\\"><field name=\\"TEXT\\">What is Space?</field></block></value><value name=\\"ADD1\\"><block type=\\"text\\" id=\\"gvGrrT/;`h66)oPZKH0(\\"><field name=\\"TEXT\\">Enter your throughs below.</field></block></value><next><block type=\\"variables_set\\" id=\\"O^st-FW@P,/J!,[woEF8\\"><field name=\\"VAR\\">item</field><value name=\\"VALUE\\"><block type=\\"text\\" id=\\"KWtg/,-sRF{Y(}-fkOy/\\"><field name=\\"TEXT\\"></field></block></value></block></next></block><block type=\\"variables_set\\" id=\\"x^3q5KAF|SM|nVOcyO!@\\" x=\\"527\\" y=\\"388\\"><field name=\\"VAR\\">item</field><next><block type=\\"serial_print\\" id=\\"fZavHX^s_]jLT*E}x4.4\\"><field name=\\"SERIAL_ID\\">Serial</field><field name=\\"NEW_LINE\\">TRUE</field><value name=\\"CONTENT\\"><block type=\\"variables_get\\" id=\\"pv+J1zT/e6QB1bWi}_KD\\"><field name=\\"VAR\\">item</field></block></value></block></next></block><block type=\\"text_join\\" id=\\"_/F=KUmsq[._y!8?Z2y#\\" x=\\"680\\" y=\\"386\\"><mutation items=\\"2\\"></mutation><value name=\\"ADD0\\"><block type=\\"text\\" id=\\"2qowzW*6d5zEA|7HR9Se\\"><field name=\\"TEXT\\">My throughs on what is space is: </field></block></value><value name=\\"ADD1\\"><block type=\\"variables_get\\" id=\\"Cul[O**vp@y44)5+LaF6\\"><field name=\\"VAR\\">item</field></block></value></block></xml>", "clicks": 0, "xmlData": {"blocks": {"text": {"count": 4, "deleted": 0}, "text_join": {"count": 1, "deleted": 0}, "serial_print": {"count": 1, "deleted": 0}, "serial_setup": {"count": 1, "deleted": 0}, "variables_get": {"count": 2, "deleted": 0}, "variables_set": {"count": 2, "deleted": 0}, "insert_comment": {"count": 1, "deleted": 0}}}, "timestamp": 1644955393137}, {"xml": "<xml xmlns=\\"http://www.w3.org/1999/xhtml\\"><block type=\\"serial_setup\\" id=\\"==lnHTRR]JGkBK?G3AOP\\" x=\\"156\\" y=\\"60\\"><field name=\\"SERIAL_ID\\">Serial</field><field name=\\"SPEED\\">9600</field></block><block type=\\"insert_comment\\" id=\\"Yn*{ZymirKA)ae4R-C|q\\" x=\\"191\\" y=\\"156\\"><mutation items=\\"2\\"></mutation><value name=\\"ADD0\\"><block type=\\"text\\" id=\\"nK#9fq^CVa7I:/I];zX}\\"><field name=\\"TEXT\\">What is Space?</field></block></value><value name=\\"ADD1\\"><block type=\\"text\\" id=\\"gvGrrT/;`h66)oPZKH0(\\"><field name=\\"TEXT\\">Enter your throughs below.</field></block></value><next><block type=\\"variables_set\\" id=\\"O^st-FW@P,/J!,[woEF8\\"><field name=\\"VAR\\">item</field><value name=\\"VALUE\\"><block type=\\"text\\" id=\\"KWtg/,-sRF{Y(}-fkOy/\\"><field name=\\"TEXT\\"></field></block></value></block></next></block><block type=\\"variables_set\\" id=\\"x^3q5KAF|SM|nVOcyO!@\\" x=\\"527\\" y=\\"388\\"><field name=\\"VAR\\">item</field><next><block type=\\"serial_print\\" id=\\"fZavHX^s_]jLT*E}x4.4\\"><field name=\\"SERIAL_ID\\">Serial</field><field name=\\"NEW_LINE\\">TRUE</field><value name=\\"CONTENT\\"><block type=\\"variables_get\\" id=\\"pv+J1zT/e6QB1bWi}_KD\\"><field name=\\"VAR\\">item</field></block></value></block></next></block><block type=\\"text_join\\" id=\\"_/F=KUmsq[._y!8?Z2y#\\" x=\\"668\\" y=\\"381\\"><mutation items=\\"2\\"></mutation><value name=\\"ADD0\\"><block type=\\"text\\" id=\\"2qowzW*6d5zEA|7HR9Se\\"><field name=\\"TEXT\\">My throughs on what is space is: </field></block></value><value name=\\"ADD1\\"><block type=\\"variables_get\\" id=\\"Cul[O**vp@y44)5+LaF6\\"><field name=\\"VAR\\">item</field></block></value></block></xml>", "clicks": 0, "xmlData": {"blocks": {"text": {"count": 4, "deleted": 0}, "text_join": {"count": 1, "deleted": 0}, "serial_print": {"count": 1, "deleted": 0}, "serial_setup": {"count": 1, "deleted": 0}, "variables_get": {"count": 2, "deleted": 0}, "variables_set": {"count": 2, "deleted": 0}, "insert_comment": {"count": 1, "deleted": 0}}}, "timestamp": 1644955394144}, {"xml": "<xml xmlns=\\"http://www.w3.org/1999/xhtml\\"><block type=\\"serial_setup\\" id=\\"==lnHTRR]JGkBK?G3AOP\\" x=\\"156\\" y=\\"60\\"><field name=\\"SERIAL_ID\\">Serial</field><field name=\\"SPEED\\">9600</field></block><block type=\\"insert_comment\\" id=\\"Yn*{ZymirKA)ae4R-C|q\\" x=\\"191\\" y=\\"156\\"><mutation items=\\"2\\"></mutation><value name=\\"ADD0\\"><block type=\\"text\\" id=\\"nK#9fq^CVa7I:/I];zX}\\"><field name=\\"TEXT\\">What is Space?</field></block></value><value name=\\"ADD1\\"><block type=\\"text\\" id=\\"gvGrrT/;`h66)oPZKH0(\\"><field name=\\"TEXT\\">Enter your throughs below.</field></block></value><next><block type=\\"variables_set\\" id=\\"O^st-FW@P,/J!,[woEF8\\"><field name=\\"VAR\\">item</field><value name=\\"VALUE\\"><block type=\\"text\\" id=\\"KWtg/,-sRF{Y(}-fkOy/\\"><field name=\\"TEXT\\"></field></block></value></block></next></block><block type=\\"variables_set\\" id=\\"x^3q5KAF|SM|nVOcyO!@\\" x=\\"209\\" y=\\"355\\"><field name=\\"VAR\\">item</field><value name=\\"VALUE\\"><block type=\\"text_join\\" id=\\"_/F=KUmsq[._y!8?Z2y#\\"><mutation items=\\"2\\"></mutation><value name=\\"ADD0\\"><block type=\\"text\\" id=\\"2qowzW*6d5zEA|7HR9Se\\"><field name=\\"TEXT\\">My throughs on what is space is: </field></block></value><value name=\\"ADD1\\"><block type=\\"variables_get\\" id=\\"Cul[O**vp@y44)5+LaF6\\"><field name=\\"VAR\\">item</field></block></value></block></value><next><block type=\\"serial_print\\" id=\\"fZavHX^s_]jLT*E}x4.4\\"><field name=\\"SERIAL_ID\\">Serial</field><field name=\\"NEW_LINE\\">TRUE</field><value name=\\"CONTENT\\"><block type=\\"variables_get\\" id=\\"pv+J1zT/e6QB1bWi}_KD\\"><field name=\\"VAR\\">item</field></block></value></block></next></block></xml>", "clicks": 0, "xmlData": {"blocks": {"text": {"count": 4, "deleted": 0}, "text_join": {"count": 1, "deleted": 0}, "serial_print": {"count": 1, "deleted": 0}, "serial_setup": {"count": 1, "deleted": 0}, "variables_get": {"count": 2, "deleted": 0}, "variables_set": {"count": 2, "deleted": 0}, "insert_comment": {"count": 1, "deleted": 0}}}, "timestamp": 1644955395138}, {"xml": "<xml xmlns=\\"http://www.w3.org/1999/xhtml\\"><block type=\\"serial_setup\\" id=\\"==lnHTRR]JGkBK?G3AOP\\" x=\\"156\\" y=\\"60\\"><field name=\\"SERIAL_ID\\">Serial</field><field name=\\"SPEED\\">9600</field></block><block type=\\"insert_comment\\" id=\\"Yn*{ZymirKA)ae4R-C|q\\" x=\\"191\\" y=\\"156\\"><mutation items=\\"2\\"></mutation><value name=\\"ADD0\\"><block type=\\"text\\" id=\\"nK#9fq^CVa7I:/I];zX}\\"><field name=\\"TEXT\\">What is Space?</field></block></value><value name=\\"ADD1\\"><block type=\\"text\\" id=\\"gvGrrT/;`h66)oPZKH0(\\"><field name=\\"TEXT\\">Enter your throughs below.</field></block></value><next><block type=\\"variables_set\\" id=\\"O^st-FW@P,/J!,[woEF8\\"><field name=\\"VAR\\">item</field><value name=\\"VALUE\\"><block type=\\"text\\" id=\\"KWtg/,-sRF{Y(}-fkOy/\\"><field name=\\"TEXT\\"></field></block></value></block></next></block><block type=\\"variables_set\\" id=\\"x^3q5KAF|SM|nVOcyO!@\\" x=\\"180\\" y=\\"346\\"><field name=\\"VAR\\">item</field><value name=\\"VALUE\\"><block type=\\"text_join\\" id=\\"_/F=KUmsq[._y!8?Z2y#\\"><mutation items=\\"2\\"></mutation><value name=\\"ADD0\\"><block type=\\"text\\" id=\\"2qowzW*6d5zEA|7HR9Se\\"><field name=\\"TEXT\\">My throughs on what is space is: </field></block></value><value name=\\"ADD1\\"><block type=\\"variables_get\\" id=\\"Cul[O**vp@y44)5+LaF6\\"><field name=\\"VAR\\">item</field></block></value></block></value><next><block type=\\"serial_print\\" id=\\"fZavHX^s_]jLT*E}x4.4\\"><field name=\\"SERIAL_ID\\">Serial</field><field name=\\"NEW_LINE\\">TRUE</field><value name=\\"CONTENT\\"><block type=\\"variables_get\\" id=\\"pv+J1zT/e6QB1bWi}_KD\\"><field name=\\"VAR\\">item</field></block></value></block></next></block></xml>", "clicks": 0, "xmlData": {"blocks": {"text": {"count": 4, "deleted": 0}, "text_join": {"count": 1, "deleted": 0}, "serial_print": {"count": 1, "deleted": 0}, "serial_setup": {"count": 1, "deleted": 0}, "variables_get": {"count": 2, "deleted": 0}, "variables_set": {"count": 2, "deleted": 0}, "insert_comment": {"count": 1, "deleted": 0}}}, "timestamp": 1644955396138}]
482	895	24	1691	<xml xmlns="http://www.w3.org/1999/xhtml"></xml>	2021-08-01 19:01:59.57+00	2022-02-15 20:06:21.376+00	\N	\N	\N
483	879	24	1692	<xml xmlns="http://www.w3.org/1999/xhtml"><block type="io_digitalwrite" id="oS{Glkr[})__UeBy8,A3" x="101" y="74"><field name="PIN">0</field><value name="STATE"><block type="io_highlow" id="lMgWf`Mx6|@.:1RDS``="><field name="STATE">HIGH</field></block></value><next><block type="time_delay" id="iVkbm?WIE?R0`F(l.x!`"><value name="DELAY_TIME_MILI"><block type="math_number" id="iYllgOCGYULC34H|)477"><field name="NUM">1000</field></block></value><next><block type="io_digitalwrite" id="I0h]p)%8mp)IFQuKLP,z"><field name="PIN">0</field><value name="STATE"><block type="io_highlow" id="V@QbeF7MDQ@`3?ooUd|S"><field name="STATE">HIGH</field></block></value><next><block type="time_delay" id="p;8XF%^t27|~(5z:Z%K!"><value name="DELAY_TIME_MILI"><block type="math_number" id="ZoB_BlJdoEu*AiH0lDC:"><field name="NUM">1000</field></block></value></block></next></block></next></block></next></block></xml>	2021-08-01 19:03:34.057+00	2022-02-15 20:06:51.835+00	\N	\N	\N
486	914	25	1693	<xml xmlns="http://www.w3.org/1999/xhtml"></xml>	2021-08-01 19:05:28.391+00	2022-02-15 20:07:29.71+00	\N	\N	\N
485	912	25	1693	<xml xmlns="http://www.w3.org/1999/xhtml"></xml>	2021-08-01 19:05:13.172+00	2022-02-15 20:07:29.71+00	\N	\N	\N
487	886	28	1695	<xml xmlns="http://www.w3.org/1999/xhtml"></xml>	2021-08-01 19:05:58.707+00	2022-02-15 20:08:06.959+00	\N	\N	\N
528	887	2	1739	<xml xmlns="http://www.w3.org/1999/xhtml"></xml>	2022-02-12 21:29:46.734+00	2022-02-15 20:04:23.248+00	\N	\N	[]
526	886	26	1738	<xml xmlns="http://www.w3.org/1999/xhtml"><block type="serial_setup" id="==lnHTRR]JGkBK?G3AOP" x="64" y="15"><field name="SERIAL_ID">Serial</field><field name="SPEED">9600</field></block><block type="insert_comment" id="Yn*{ZymirKA)ae4R-C|q" x="79" y="132"><mutation items="2"></mutation><value name="ADD0"><block type="text" id="nK#9fq^CVa7I:/I];zX}"><field name="TEXT">What is Space?</field></block></value><value name="ADD1"><block type="text" id="gvGrrT/;`h66)oPZKH0("><field name="TEXT">Enter your throughs below.</field></block></value><next><block type="variables_set" id="O^st-FW@P,/J!,[woEF8"><field name="VAR">item</field><value name="VALUE"><block type="text" id="KWtg/,-sRF{Y(}-fkOy/"><field name="TEXT"></field></block></value></block></next></block><block type="variables_set" id="x^3q5KAF|SM|nVOcyO!@" x="78" y="273"><field name="VAR">item</field><value name="VALUE"><block type="text_join" id="_/F=KUmsq[._y!8?Z2y#"><mutation items="2"></mutation><value name="ADD0"><block type="text" id="2qowzW*6d5zEA|7HR9Se"><field name="TEXT">My throughs on what is space is: </field></block></value><value name="ADD1"><block type="variables_get" id="Cul[O**vp@y44)5+LaF6"><field name="VAR">item</field></block></value></block></value><next><block type="serial_print" id="fZavHX^s_]jLT*E}x4.4"><field name="SERIAL_ID">Serial</field><field name="NEW_LINE">TRUE</field><value name="CONTENT"><block type="variables_get" id="pv+J1zT/e6QB1bWi}_KD"><field name="VAR">item</field></block></value></block></next></block></xml>	2021-10-18 18:03:02.547+00	2022-02-15 20:04:57.776+00	\N	\N	[]
525	886	28	1737	<xml xmlns="http://www.w3.org/1999/xhtml"><block type="serial_setup" id="==lnHTRR]JGkBK?G3AOP" x="64" y="15"><field name="SERIAL_ID">Serial</field><field name="SPEED">9600</field></block><block type="insert_comment" id="Yn*{ZymirKA)ae4R-C|q" x="79" y="132"><mutation items="2"></mutation><value name="ADD0"><block type="text" id="nK#9fq^CVa7I:/I];zX}"><field name="TEXT">What is Space?</field></block></value><value name="ADD1"><block type="text" id="gvGrrT/;`h66)oPZKH0("><field name="TEXT">Enter your throughs below.</field></block></value><next><block type="variables_set" id="O^st-FW@P,/J!,[woEF8"><field name="VAR">item</field><value name="VALUE"><block type="text" id="KWtg/,-sRF{Y(}-fkOy/"><field name="TEXT"></field></block></value></block></next></block><block type="variables_set" id="x^3q5KAF|SM|nVOcyO!@" x="78" y="273"><field name="VAR">item</field><value name="VALUE"><block type="text_join" id="_/F=KUmsq[._y!8?Z2y#"><mutation items="2"></mutation><value name="ADD0"><block type="text" id="2qowzW*6d5zEA|7HR9Se"><field name="TEXT">My throughs on what is space is: </field></block></value><value name="ADD1"><block type="variables_get" id="Cul[O**vp@y44)5+LaF6"><field name="VAR">item</field></block></value></block></value><next><block type="serial_print" id="fZavHX^s_]jLT*E}x4.4"><field name="SERIAL_ID">Serial</field><field name="NEW_LINE">TRUE</field><value name="CONTENT"><block type="variables_get" id="pv+J1zT/e6QB1bWi}_KD"><field name="VAR">item</field></block></value></block></next></block></xml>	2021-09-13 17:58:27.912+00	2022-02-15 20:05:12.424+00	\N	\N	[]
524	886	28	1736	<xml xmlns="http://www.w3.org/1999/xhtml"><block type="serial_setup" id="==lnHTRR]JGkBK?G3AOP" x="64" y="15"><field name="SERIAL_ID">Serial</field><field name="SPEED">9600</field></block><block type="insert_comment" id="Yn*{ZymirKA)ae4R-C|q" x="79" y="132"><mutation items="2"></mutation><value name="ADD0"><block type="text" id="nK#9fq^CVa7I:/I];zX}"><field name="TEXT">What is Space?</field></block></value><value name="ADD1"><block type="text" id="gvGrrT/;`h66)oPZKH0("><field name="TEXT">Enter your throughs below.</field></block></value><next><block type="variables_set" id="O^st-FW@P,/J!,[woEF8"><field name="VAR">item</field><value name="VALUE"><block type="text" id="KWtg/,-sRF{Y(}-fkOy/"><field name="TEXT"></field></block></value></block></next></block><block type="variables_set" id="x^3q5KAF|SM|nVOcyO!@" x="78" y="273"><field name="VAR">item</field><value name="VALUE"><block type="text_join" id="_/F=KUmsq[._y!8?Z2y#"><mutation items="2"></mutation><value name="ADD0"><block type="text" id="2qowzW*6d5zEA|7HR9Se"><field name="TEXT">My throughs on what is space is: </field></block></value><value name="ADD1"><block type="variables_get" id="Cul[O**vp@y44)5+LaF6"><field name="VAR">item</field></block></value></block></value><next><block type="serial_print" id="fZavHX^s_]jLT*E}x4.4"><field name="SERIAL_ID">Serial</field><field name="NEW_LINE">TRUE</field><value name="CONTENT"><block type="variables_get" id="pv+J1zT/e6QB1bWi}_KD"><field name="VAR">item</field></block></value></block></next></block></xml>	2021-09-12 19:28:56.803+00	2022-02-15 20:05:32.69+00	\N	\N	[]
527	886	2	1739	<xml xmlns="http://www.w3.org/1999/xhtml"><block type="serial_setup" id="==lnHTRR]JGkBK?G3AOP" x="64" y="15"><field name="SERIAL_ID">Serial</field><field name="SPEED">9600</field></block><block type="insert_comment" id="Yn*{ZymirKA)ae4R-C|q" x="79" y="132"><mutation items="2"></mutation><value name="ADD0"><block type="text" id="nK#9fq^CVa7I:/I];zX}"><field name="TEXT">What is Space?</field></block></value><value name="ADD1"><block type="text" id="gvGrrT/;`h66)oPZKH0("><field name="TEXT">Enter your throughs below.</field></block></value><next><block type="variables_set" id="O^st-FW@P,/J!,[woEF8"><field name="VAR">item</field><value name="VALUE"><block type="text" id="KWtg/,-sRF{Y(}-fkOy/"><field name="TEXT"></field></block></value></block></next></block><block type="variables_set" id="x^3q5KAF|SM|nVOcyO!@" x="78" y="273"><field name="VAR">item</field><value name="VALUE"><block type="text_join" id="_/F=KUmsq[._y!8?Z2y#"><mutation items="2"></mutation><value name="ADD0"><block type="text" id="2qowzW*6d5zEA|7HR9Se"><field name="TEXT">My throughs on what is space is: </field></block></value><value name="ADD1"><block type="variables_get" id="Cul[O**vp@y44)5+LaF6"><field name="VAR">item</field></block></value></block></value><next><block type="serial_print" id="fZavHX^s_]jLT*E}x4.4"><field name="SERIAL_ID">Serial</field><field name="NEW_LINE">TRUE</field><value name="CONTENT"><block type="variables_get" id="pv+J1zT/e6QB1bWi}_KD"><field name="VAR">item</field></block></value></block></next></block></xml>	2022-02-12 21:29:40.596+00	2022-02-15 20:04:23.248+00	\N	\N	[]
481	879	24	1691	<xml xmlns="http://www.w3.org/1999/xhtml"><block type="io_digitalwrite" id="oS{Glkr[})__UeBy8,A3" x="101" y="74"><field name="PIN">0</field><value name="STATE"><block type="io_highlow" id="lMgWf`Mx6|@.:1RDS``="><field name="STATE">HIGH</field></block></value><next><block type="time_delay" id="iVkbm?WIE?R0`F(l.x!`"><value name="DELAY_TIME_MILI"><block type="math_number" id="iYllgOCGYULC34H|)477"><field name="NUM">1000</field></block></value><next><block type="io_digitalwrite" id="I0h]p)%8mp)IFQuKLP,z"><field name="PIN">0</field><value name="STATE"><block type="io_highlow" id="V@QbeF7MDQ@`3?ooUd|S"><field name="STATE">HIGH</field></block></value><next><block type="time_delay" id="p;8XF%^t27|~(5z:Z%K!"><value name="DELAY_TIME_MILI"><block type="math_number" id="ZoB_BlJdoEu*AiH0lDC:"><field name="NUM">1000</field></block></value></block></next></block></next></block></next></block></xml>	2021-08-01 19:01:36.346+00	2022-02-15 20:06:21.376+00	\N	\N	\N
484	879	19	1692	<xml xmlns="http://www.w3.org/1999/xhtml"><block type="io_digitalwrite" id="oS{Glkr[})__UeBy8,A3" x="101" y="74"><field name="PIN">0</field><value name="STATE"><block type="io_highlow" id="lMgWf`Mx6|@.:1RDS``="><field name="STATE">HIGH</field></block></value><next><block type="time_delay" id="iVkbm?WIE?R0`F(l.x!`"><value name="DELAY_TIME_MILI"><block type="math_number" id="iYllgOCGYULC34H|)477"><field name="NUM">1000</field></block></value><next><block type="io_digitalwrite" id="I0h]p)%8mp)IFQuKLP,z"><field name="PIN">0</field><value name="STATE"><block type="io_highlow" id="V@QbeF7MDQ@`3?ooUd|S"><field name="STATE">HIGH</field></block></value><next><block type="time_delay" id="p;8XF%^t27|~(5z:Z%K!"><value name="DELAY_TIME_MILI"><block type="math_number" id="ZoB_BlJdoEu*AiH0lDC:"><field name="NUM">1000</field></block></value></block></next></block></next></block></next></block></xml>	2021-08-01 19:03:34.057+00	2022-02-15 20:06:51.835+00	\N	\N	\N
530	879	19	1741	<xml xmlns="http://www.w3.org/1999/xhtml"><block type="io_digitalwrite" id="oS{Glkr[})__UeBy8,A3" x="334" y="288"><field name="PIN">0</field><value name="STATE"><block type="io_highlow" id="lMgWf`Mx6|@.:1RDS``="><field name="STATE">LOW</field></block></value><next><block type="time_delay" id="iVkbm?WIE?R0`F(l.x!`"><value name="DELAY_TIME_MILI"><block type="math_number" id="iYllgOCGYULC34H|)477"><field name="NUM">1000</field></block></value><next><block type="io_digitalwrite" id="I0h]p)%8mp)IFQuKLP,z"><field name="PIN">0</field><value name="STATE"><block type="io_highlow" id="V@QbeF7MDQ@`3?ooUd|S"><field name="STATE">HIGH</field></block></value><next><block type="time_delay" id="p;8XF%^t27|~(5z:Z%K!"><value name="DELAY_TIME_MILI"><block type="math_number" id="ZoB_BlJdoEu*AiH0lDC:"><field name="NUM">2000</field></block></value></block></next></block></next></block></next></block></xml>	2022-02-15 20:50:10.461+00	2022-02-15 20:50:10.468+00	\N	\N	[{"xml": "<xml xmlns=\\"http://www.w3.org/1999/xhtml\\"><block type=\\"io_digitalwrite\\" id=\\"oS{Glkr[})__UeBy8,A3\\" x=\\"615\\" y=\\"127\\"><field name=\\"PIN\\">0</field><value name=\\"STATE\\"><block type=\\"io_highlow\\" id=\\"lMgWf`Mx6|@.:1RDS``=\\"><field name=\\"STATE\\">HIGH</field></block></value><next><block type=\\"time_delay\\" id=\\"iVkbm?WIE?R0`F(l.x!`\\"><value name=\\"DELAY_TIME_MILI\\"><block type=\\"math_number\\" id=\\"iYllgOCGYULC34H|)477\\"><field name=\\"NUM\\">1000</field></block></value><next><block type=\\"io_digitalwrite\\" id=\\"I0h]p)%8mp)IFQuKLP,z\\"><field name=\\"PIN\\">0</field><value name=\\"STATE\\"><block type=\\"io_highlow\\" id=\\"V@QbeF7MDQ@`3?ooUd|S\\"><field name=\\"STATE\\">HIGH</field></block></value><next><block type=\\"time_delay\\" id=\\"p;8XF%^t27|~(5z:Z%K!\\"><value name=\\"DELAY_TIME_MILI\\"><block type=\\"math_number\\" id=\\"ZoB_BlJdoEu*AiH0lDC:\\"><field name=\\"NUM\\">1000</field></block></value></block></next></block></next></block></next></block></xml>", "clicks": 0, "xmlData": {"blocks": {"io_highlow": {"count": 2, "deleted": 0}, "time_delay": {"count": 2, "deleted": 0}, "math_number": {"count": 2, "deleted": 0}, "io_digitalwrite": {"count": 2, "deleted": 0}}, "categories": {}}, "timestamp": 1644958198406}, {"xml": "<xml xmlns=\\"http://www.w3.org/1999/xhtml\\"><block type=\\"io_digitalwrite\\" id=\\"oS{Glkr[})__UeBy8,A3\\" x=\\"334\\" y=\\"288\\"><field name=\\"PIN\\">0</field><value name=\\"STATE\\"><block type=\\"io_highlow\\" id=\\"lMgWf`Mx6|@.:1RDS``=\\"><field name=\\"STATE\\">HIGH</field></block></value><next><block type=\\"time_delay\\" id=\\"iVkbm?WIE?R0`F(l.x!`\\"><value name=\\"DELAY_TIME_MILI\\"><block type=\\"math_number\\" id=\\"iYllgOCGYULC34H|)477\\"><field name=\\"NUM\\">1000</field></block></value><next><block type=\\"io_digitalwrite\\" id=\\"I0h]p)%8mp)IFQuKLP,z\\"><field name=\\"PIN\\">0</field><value name=\\"STATE\\"><block type=\\"io_highlow\\" id=\\"V@QbeF7MDQ@`3?ooUd|S\\"><field name=\\"STATE\\">HIGH</field></block></value><next><block type=\\"time_delay\\" id=\\"p;8XF%^t27|~(5z:Z%K!\\"><value name=\\"DELAY_TIME_MILI\\"><block type=\\"math_number\\" id=\\"ZoB_BlJdoEu*AiH0lDC:\\"><field name=\\"NUM\\">1000</field></block></value></block></next></block></next></block></next></block></xml>", "clicks": 0, "xmlData": {"blocks": {"io_highlow": {"count": 2, "deleted": 0}, "time_delay": {"count": 2, "deleted": 0}, "math_number": {"count": 2, "deleted": 0}, "io_digitalwrite": {"count": 2, "deleted": 0}}, "categories": {}}, "timestamp": 1644958199428}, {"xml": "<xml xmlns=\\"http://www.w3.org/1999/xhtml\\"><block type=\\"io_digitalwrite\\" id=\\"oS{Glkr[})__UeBy8,A3\\" x=\\"334\\" y=\\"288\\"><field name=\\"PIN\\">0</field><value name=\\"STATE\\"><block type=\\"io_highlow\\" id=\\"lMgWf`Mx6|@.:1RDS``=\\"><field name=\\"STATE\\">LOW</field></block></value><next><block type=\\"time_delay\\" id=\\"iVkbm?WIE?R0`F(l.x!`\\"><value name=\\"DELAY_TIME_MILI\\"><block type=\\"math_number\\" id=\\"iYllgOCGYULC34H|)477\\"><field name=\\"NUM\\">1000</field></block></value><next><block type=\\"io_digitalwrite\\" id=\\"I0h]p)%8mp)IFQuKLP,z\\"><field name=\\"PIN\\">0</field><value name=\\"STATE\\"><block type=\\"io_highlow\\" id=\\"V@QbeF7MDQ@`3?ooUd|S\\"><field name=\\"STATE\\">HIGH</field></block></value><next><block type=\\"time_delay\\" id=\\"p;8XF%^t27|~(5z:Z%K!\\"><value name=\\"DELAY_TIME_MILI\\"><block type=\\"math_number\\" id=\\"ZoB_BlJdoEu*AiH0lDC:\\"><field name=\\"NUM\\">1000</field></block></value></block></next></block></next></block></next></block></xml>", "clicks": 0, "xmlData": {"blocks": {"io_highlow": {"count": 2, "deleted": 0}, "time_delay": {"count": 2, "deleted": 0}, "math_number": {"count": 2, "deleted": 0}, "io_digitalwrite": {"count": 2, "deleted": 0}}}, "timestamp": 1644958202406}, {"xml": "<xml xmlns=\\"http://www.w3.org/1999/xhtml\\"><block type=\\"io_digitalwrite\\" id=\\"oS{Glkr[})__UeBy8,A3\\" x=\\"334\\" y=\\"288\\"><field name=\\"PIN\\">0</field><value name=\\"STATE\\"><block type=\\"io_highlow\\" id=\\"lMgWf`Mx6|@.:1RDS``=\\"><field name=\\"STATE\\">LOW</field></block></value><next><block type=\\"time_delay\\" id=\\"iVkbm?WIE?R0`F(l.x!`\\"><value name=\\"DELAY_TIME_MILI\\"><block type=\\"math_number\\" id=\\"iYllgOCGYULC34H|)477\\"><field name=\\"NUM\\">1000</field></block></value><next><block type=\\"io_digitalwrite\\" id=\\"I0h]p)%8mp)IFQuKLP,z\\"><field name=\\"PIN\\">0</field><value name=\\"STATE\\"><block type=\\"io_highlow\\" id=\\"V@QbeF7MDQ@`3?ooUd|S\\"><field name=\\"STATE\\">HIGH</field></block></value><next><block type=\\"time_delay\\" id=\\"p;8XF%^t27|~(5z:Z%K!\\"><value name=\\"DELAY_TIME_MILI\\"><block type=\\"math_number\\" id=\\"ZoB_BlJdoEu*AiH0lDC:\\"><field name=\\"NUM\\">20</field></block></value></block></next></block></next></block></next></block></xml>", "clicks": 0, "xmlData": {"blocks": {"io_highlow": {"count": 2, "deleted": 0}, "time_delay": {"count": 2, "deleted": 0}, "math_number": {"count": 2, "deleted": 0}, "io_digitalwrite": {"count": 2, "deleted": 0}}}, "timestamp": 1644958208469}, {"xml": "<xml xmlns=\\"http://www.w3.org/1999/xhtml\\"><block type=\\"io_digitalwrite\\" id=\\"oS{Glkr[})__UeBy8,A3\\" x=\\"334\\" y=\\"288\\"><field name=\\"PIN\\">0</field><value name=\\"STATE\\"><block type=\\"io_highlow\\" id=\\"lMgWf`Mx6|@.:1RDS``=\\"><field name=\\"STATE\\">LOW</field></block></value><next><block type=\\"time_delay\\" id=\\"iVkbm?WIE?R0`F(l.x!`\\"><value name=\\"DELAY_TIME_MILI\\"><block type=\\"math_number\\" id=\\"iYllgOCGYULC34H|)477\\"><field name=\\"NUM\\">1000</field></block></value><next><block type=\\"io_digitalwrite\\" id=\\"I0h]p)%8mp)IFQuKLP,z\\"><field name=\\"PIN\\">0</field><value name=\\"STATE\\"><block type=\\"io_highlow\\" id=\\"V@QbeF7MDQ@`3?ooUd|S\\"><field name=\\"STATE\\">HIGH</field></block></value><next><block type=\\"time_delay\\" id=\\"p;8XF%^t27|~(5z:Z%K!\\"><value name=\\"DELAY_TIME_MILI\\"><block type=\\"math_number\\" id=\\"ZoB_BlJdoEu*AiH0lDC:\\"><field name=\\"NUM\\">2000</field></block></value></block></next></block></next></block></next></block></xml>", "clicks": 0, "xmlData": {"blocks": {"io_highlow": {"count": 2, "deleted": 0}, "time_delay": {"count": 2, "deleted": 0}, "math_number": {"count": 2, "deleted": 0}, "io_digitalwrite": {"count": 2, "deleted": 0}}}, "timestamp": 1644958209405}]
531	879	24	1741	<xml xmlns="http://www.w3.org/1999/xhtml"><block type="io_digitalwrite" id="oS{Glkr[})__UeBy8,A3" x="334" y="288"><field name="PIN">0</field><value name="STATE"><block type="io_highlow" id="lMgWf`Mx6|@.:1RDS``="><field name="STATE">LOW</field></block></value><next><block type="time_delay" id="iVkbm?WIE?R0`F(l.x!`"><value name="DELAY_TIME_MILI"><block type="math_number" id="iYllgOCGYULC34H|)477"><field name="NUM">1000</field></block></value><next><block type="io_digitalwrite" id="I0h]p)%8mp)IFQuKLP,z"><field name="PIN">0</field><value name="STATE"><block type="io_highlow" id="V@QbeF7MDQ@`3?ooUd|S"><field name="STATE">HIGH</field></block></value><next><block type="time_delay" id="p;8XF%^t27|~(5z:Z%K!"><value name="DELAY_TIME_MILI"><block type="math_number" id="ZoB_BlJdoEu*AiH0lDC:"><field name="NUM">2000</field></block></value></block></next></block></next></block></next></block></xml>	2022-02-15 20:50:10.462+00	2022-02-15 20:50:10.47+00	\N	\N	[{"xml": "<xml xmlns=\\"http://www.w3.org/1999/xhtml\\"><block type=\\"io_digitalwrite\\" id=\\"oS{Glkr[})__UeBy8,A3\\" x=\\"615\\" y=\\"127\\"><field name=\\"PIN\\">0</field><value name=\\"STATE\\"><block type=\\"io_highlow\\" id=\\"lMgWf`Mx6|@.:1RDS``=\\"><field name=\\"STATE\\">HIGH</field></block></value><next><block type=\\"time_delay\\" id=\\"iVkbm?WIE?R0`F(l.x!`\\"><value name=\\"DELAY_TIME_MILI\\"><block type=\\"math_number\\" id=\\"iYllgOCGYULC34H|)477\\"><field name=\\"NUM\\">1000</field></block></value><next><block type=\\"io_digitalwrite\\" id=\\"I0h]p)%8mp)IFQuKLP,z\\"><field name=\\"PIN\\">0</field><value name=\\"STATE\\"><block type=\\"io_highlow\\" id=\\"V@QbeF7MDQ@`3?ooUd|S\\"><field name=\\"STATE\\">HIGH</field></block></value><next><block type=\\"time_delay\\" id=\\"p;8XF%^t27|~(5z:Z%K!\\"><value name=\\"DELAY_TIME_MILI\\"><block type=\\"math_number\\" id=\\"ZoB_BlJdoEu*AiH0lDC:\\"><field name=\\"NUM\\">1000</field></block></value></block></next></block></next></block></next></block></xml>", "clicks": 0, "xmlData": {"blocks": {"io_highlow": {"count": 2, "deleted": 0}, "time_delay": {"count": 2, "deleted": 0}, "math_number": {"count": 2, "deleted": 0}, "io_digitalwrite": {"count": 2, "deleted": 0}}, "categories": {}}, "timestamp": 1644958198406}, {"xml": "<xml xmlns=\\"http://www.w3.org/1999/xhtml\\"><block type=\\"io_digitalwrite\\" id=\\"oS{Glkr[})__UeBy8,A3\\" x=\\"334\\" y=\\"288\\"><field name=\\"PIN\\">0</field><value name=\\"STATE\\"><block type=\\"io_highlow\\" id=\\"lMgWf`Mx6|@.:1RDS``=\\"><field name=\\"STATE\\">HIGH</field></block></value><next><block type=\\"time_delay\\" id=\\"iVkbm?WIE?R0`F(l.x!`\\"><value name=\\"DELAY_TIME_MILI\\"><block type=\\"math_number\\" id=\\"iYllgOCGYULC34H|)477\\"><field name=\\"NUM\\">1000</field></block></value><next><block type=\\"io_digitalwrite\\" id=\\"I0h]p)%8mp)IFQuKLP,z\\"><field name=\\"PIN\\">0</field><value name=\\"STATE\\"><block type=\\"io_highlow\\" id=\\"V@QbeF7MDQ@`3?ooUd|S\\"><field name=\\"STATE\\">HIGH</field></block></value><next><block type=\\"time_delay\\" id=\\"p;8XF%^t27|~(5z:Z%K!\\"><value name=\\"DELAY_TIME_MILI\\"><block type=\\"math_number\\" id=\\"ZoB_BlJdoEu*AiH0lDC:\\"><field name=\\"NUM\\">1000</field></block></value></block></next></block></next></block></next></block></xml>", "clicks": 0, "xmlData": {"blocks": {"io_highlow": {"count": 2, "deleted": 0}, "time_delay": {"count": 2, "deleted": 0}, "math_number": {"count": 2, "deleted": 0}, "io_digitalwrite": {"count": 2, "deleted": 0}}, "categories": {}}, "timestamp": 1644958199428}, {"xml": "<xml xmlns=\\"http://www.w3.org/1999/xhtml\\"><block type=\\"io_digitalwrite\\" id=\\"oS{Glkr[})__UeBy8,A3\\" x=\\"334\\" y=\\"288\\"><field name=\\"PIN\\">0</field><value name=\\"STATE\\"><block type=\\"io_highlow\\" id=\\"lMgWf`Mx6|@.:1RDS``=\\"><field name=\\"STATE\\">LOW</field></block></value><next><block type=\\"time_delay\\" id=\\"iVkbm?WIE?R0`F(l.x!`\\"><value name=\\"DELAY_TIME_MILI\\"><block type=\\"math_number\\" id=\\"iYllgOCGYULC34H|)477\\"><field name=\\"NUM\\">1000</field></block></value><next><block type=\\"io_digitalwrite\\" id=\\"I0h]p)%8mp)IFQuKLP,z\\"><field name=\\"PIN\\">0</field><value name=\\"STATE\\"><block type=\\"io_highlow\\" id=\\"V@QbeF7MDQ@`3?ooUd|S\\"><field name=\\"STATE\\">HIGH</field></block></value><next><block type=\\"time_delay\\" id=\\"p;8XF%^t27|~(5z:Z%K!\\"><value name=\\"DELAY_TIME_MILI\\"><block type=\\"math_number\\" id=\\"ZoB_BlJdoEu*AiH0lDC:\\"><field name=\\"NUM\\">1000</field></block></value></block></next></block></next></block></next></block></xml>", "clicks": 0, "xmlData": {"blocks": {"io_highlow": {"count": 2, "deleted": 0}, "time_delay": {"count": 2, "deleted": 0}, "math_number": {"count": 2, "deleted": 0}, "io_digitalwrite": {"count": 2, "deleted": 0}}}, "timestamp": 1644958202406}, {"xml": "<xml xmlns=\\"http://www.w3.org/1999/xhtml\\"><block type=\\"io_digitalwrite\\" id=\\"oS{Glkr[})__UeBy8,A3\\" x=\\"334\\" y=\\"288\\"><field name=\\"PIN\\">0</field><value name=\\"STATE\\"><block type=\\"io_highlow\\" id=\\"lMgWf`Mx6|@.:1RDS``=\\"><field name=\\"STATE\\">LOW</field></block></value><next><block type=\\"time_delay\\" id=\\"iVkbm?WIE?R0`F(l.x!`\\"><value name=\\"DELAY_TIME_MILI\\"><block type=\\"math_number\\" id=\\"iYllgOCGYULC34H|)477\\"><field name=\\"NUM\\">1000</field></block></value><next><block type=\\"io_digitalwrite\\" id=\\"I0h]p)%8mp)IFQuKLP,z\\"><field name=\\"PIN\\">0</field><value name=\\"STATE\\"><block type=\\"io_highlow\\" id=\\"V@QbeF7MDQ@`3?ooUd|S\\"><field name=\\"STATE\\">HIGH</field></block></value><next><block type=\\"time_delay\\" id=\\"p;8XF%^t27|~(5z:Z%K!\\"><value name=\\"DELAY_TIME_MILI\\"><block type=\\"math_number\\" id=\\"ZoB_BlJdoEu*AiH0lDC:\\"><field name=\\"NUM\\">20</field></block></value></block></next></block></next></block></next></block></xml>", "clicks": 0, "xmlData": {"blocks": {"io_highlow": {"count": 2, "deleted": 0}, "time_delay": {"count": 2, "deleted": 0}, "math_number": {"count": 2, "deleted": 0}, "io_digitalwrite": {"count": 2, "deleted": 0}}}, "timestamp": 1644958208469}, {"xml": "<xml xmlns=\\"http://www.w3.org/1999/xhtml\\"><block type=\\"io_digitalwrite\\" id=\\"oS{Glkr[})__UeBy8,A3\\" x=\\"334\\" y=\\"288\\"><field name=\\"PIN\\">0</field><value name=\\"STATE\\"><block type=\\"io_highlow\\" id=\\"lMgWf`Mx6|@.:1RDS``=\\"><field name=\\"STATE\\">LOW</field></block></value><next><block type=\\"time_delay\\" id=\\"iVkbm?WIE?R0`F(l.x!`\\"><value name=\\"DELAY_TIME_MILI\\"><block type=\\"math_number\\" id=\\"iYllgOCGYULC34H|)477\\"><field name=\\"NUM\\">1000</field></block></value><next><block type=\\"io_digitalwrite\\" id=\\"I0h]p)%8mp)IFQuKLP,z\\"><field name=\\"PIN\\">0</field><value name=\\"STATE\\"><block type=\\"io_highlow\\" id=\\"V@QbeF7MDQ@`3?ooUd|S\\"><field name=\\"STATE\\">HIGH</field></block></value><next><block type=\\"time_delay\\" id=\\"p;8XF%^t27|~(5z:Z%K!\\"><value name=\\"DELAY_TIME_MILI\\"><block type=\\"math_number\\" id=\\"ZoB_BlJdoEu*AiH0lDC:\\"><field name=\\"NUM\\">2000</field></block></value></block></next></block></next></block></next></block></xml>", "clicks": 0, "xmlData": {"blocks": {"io_highlow": {"count": 2, "deleted": 0}, "time_delay": {"count": 2, "deleted": 0}, "math_number": {"count": 2, "deleted": 0}, "io_digitalwrite": {"count": 2, "deleted": 0}}}, "timestamp": 1644958209405}]
532	879	19	1742	<xml xmlns="http://www.w3.org/1999/xhtml"><block type="io_digitalwrite" id="oS{Glkr[})__UeBy8,A3" x="244" y="278"><field name="PIN">0</field><value name="STATE"><block type="io_highlow" id="lMgWf`Mx6|@.:1RDS``="><field name="STATE">HIGH</field></block></value><next><block type="time_delay" id="iVkbm?WIE?R0`F(l.x!`"><value name="DELAY_TIME_MILI"><block type="math_number" id="iYllgOCGYULC34H|)477"><field name="NUM">1000</field></block></value><next><block type="io_digitalwrite" id="I0h]p)%8mp)IFQuKLP,z"><field name="PIN">0</field><value name="STATE"><block type="io_highlow" id="V@QbeF7MDQ@`3?ooUd|S"><field name="STATE">HIGH</field></block></value><next><block type="time_delay" id="p;8XF%^t27|~(5z:Z%K!"><value name="DELAY_TIME_MILI"><block type="math_number" id="ZoB_BlJdoEu*AiH0lDC:"><field name="NUM">1000</field></block></value></block></next></block></next></block></next></block></xml>	2022-02-17 19:08:59.39+00	2022-02-17 19:09:01.036+00	\N	\N	[{"xml": "<xml xmlns=\\"http://www.w3.org/1999/xhtml\\"><block type=\\"io_digitalwrite\\" id=\\"oS{Glkr[})__UeBy8,A3\\" x=\\"245\\" y=\\"278\\"><field name=\\"PIN\\">0</field><value name=\\"STATE\\"><block type=\\"io_highlow\\" id=\\"lMgWf`Mx6|@.:1RDS``=\\"><field name=\\"STATE\\">HIGH</field></block></value><next><block type=\\"time_delay\\" id=\\"iVkbm?WIE?R0`F(l.x!`\\"><value name=\\"DELAY_TIME_MILI\\"><block type=\\"math_number\\" id=\\"iYllgOCGYULC34H|)477\\"><field name=\\"NUM\\">1000</field></block></value><next><block type=\\"io_digitalwrite\\" id=\\"I0h]p)%8mp)IFQuKLP,z\\"><field name=\\"PIN\\">0</field><value name=\\"STATE\\"><block type=\\"io_highlow\\" id=\\"V@QbeF7MDQ@`3?ooUd|S\\"><field name=\\"STATE\\">HIGH</field></block></value><next><block type=\\"time_delay\\" id=\\"p;8XF%^t27|~(5z:Z%K!\\"><value name=\\"DELAY_TIME_MILI\\"><block type=\\"math_number\\" id=\\"ZoB_BlJdoEu*AiH0lDC:\\"><field name=\\"NUM\\">1000</field></block></value></block></next></block></next></block></next></block></xml>", "clicks": 0, "xmlData": {"blocks": {"io_highlow": {"count": 2, "deleted": 0}, "time_delay": {"count": 2, "deleted": 0}, "math_number": {"count": 2, "deleted": 0}, "io_digitalwrite": {"count": 2, "deleted": 0}}, "categories": {}}, "timestamp": 1645124938546}, {"xml": "<xml xmlns=\\"http://www.w3.org/1999/xhtml\\"><block type=\\"io_digitalwrite\\" id=\\"oS{Glkr[})__UeBy8,A3\\" x=\\"244\\" y=\\"278\\"><field name=\\"PIN\\">0</field><value name=\\"STATE\\"><block type=\\"io_highlow\\" id=\\"lMgWf`Mx6|@.:1RDS``=\\"><field name=\\"STATE\\">HIGH</field></block></value><next><block type=\\"time_delay\\" id=\\"iVkbm?WIE?R0`F(l.x!`\\"><value name=\\"DELAY_TIME_MILI\\"><block type=\\"math_number\\" id=\\"iYllgOCGYULC34H|)477\\"><field name=\\"NUM\\">1000</field></block></value><next><block type=\\"io_digitalwrite\\" id=\\"I0h]p)%8mp)IFQuKLP,z\\"><field name=\\"PIN\\">0</field><value name=\\"STATE\\"><block type=\\"io_highlow\\" id=\\"V@QbeF7MDQ@`3?ooUd|S\\"><field name=\\"STATE\\">HIGH</field></block></value><next><block type=\\"time_delay\\" id=\\"p;8XF%^t27|~(5z:Z%K!\\"><value name=\\"DELAY_TIME_MILI\\"><block type=\\"math_number\\" id=\\"ZoB_BlJdoEu*AiH0lDC:\\"><field name=\\"NUM\\">1000</field></block></value></block></next></block></next></block></next></block></xml>", "clicks": 0, "xmlData": {"blocks": {"io_highlow": {"count": 2, "deleted": 0}, "time_delay": {"count": 2, "deleted": 0}, "math_number": {"count": 2, "deleted": 0}, "io_digitalwrite": {"count": 2, "deleted": 0}}, "categories": {}}, "timestamp": 1645124939507}]
\.


--
-- Data for Name: schools; Type: TABLE DATA; Schema: public; Owner: postgres
--

COPY public.schools (id, name, county, state, created_at, updated_at, created_by, updated_by) FROM stdin;
1	University of Florida	Alachua	Florida	2020-07-24 16:28:32.713+00	2020-07-24 16:28:32.713+00	\N	\N
2	Gainesville Elementry School	Alachua	Florida	2021-08-01 18:30:26.755+00	2021-08-01 18:30:26.755+00	\N	\N
\.


--
-- Data for Name: selections; Type: TABLE DATA; Schema: public; Owner: postgres
--

COPY public.selections (id, classroom, learning_standard, current, created_at, updated_at, created_by, updated_by) FROM stdin;
42	7	234	t	2021-08-01 18:59:25.967+00	2021-08-01 18:59:25.975+00	\N	\N
40	4	219	f	2021-08-01 18:40:43.312+00	2021-08-01 18:59:52.941+00	\N	\N
43	4	220	t	2021-08-01 18:59:52.95+00	2021-08-01 18:59:52.956+00	\N	\N
44	5	227	t	2021-08-01 19:00:21.767+00	2021-08-01 19:00:21.773+00	\N	\N
45	6	226	t	2021-08-01 19:06:26.095+00	2021-08-01 19:06:26.1+00	\N	\N
41	1	234	t	2021-08-01 18:59:05.215+00	2022-02-01 04:18:51.91+00	\N	\N
\.


--
-- Data for Name: sessions; Type: TABLE DATA; Schema: public; Owner: postgres
--

COPY public.sessions (id, classroom, created_at, updated_at, created_by, updated_by, unit, grade, learning_standard) FROM stdin;
1694	6	2021-08-01 19:05:39.765+00	2021-08-01 19:05:39.782+00	\N	\N	\N	\N	\N
1698	7	2021-08-01 19:13:50.481+00	2021-08-01 19:13:50.498+00	\N	\N	\N	\N	\N
1697	1	2021-08-01 19:07:09.956+00	2022-02-01 04:18:51.905+00	\N	\N	\N	\N	\N
1699	1	2021-08-01 19:14:24.73+00	2022-02-01 04:18:51.905+00	\N	\N	\N	\N	\N
1700	1	2021-08-21 04:12:57.849+00	2022-02-01 04:18:51.905+00	\N	\N	\N	\N	\N
1701	1	2021-08-21 07:11:18.632+00	2022-02-01 04:18:51.905+00	\N	\N	\N	\N	\N
1702	1	2021-08-21 07:42:33.72+00	2022-02-01 04:18:51.905+00	\N	\N	\N	\N	\N
1703	1	2021-08-21 07:42:46.273+00	2022-02-01 04:18:51.905+00	\N	\N	\N	\N	\N
1740	1	2022-02-15 20:03:05.18+00	2022-02-15 20:03:05.19+00	\N	\N	12	4	234
1739	1	2022-02-12 21:29:32.375+00	2022-02-15 20:04:23.25+00	\N	1	12	4	234
1738	7	2021-10-18 18:01:59.27+00	2022-02-15 20:04:57.777+00	\N	1	12	4	234
1737	7	2021-09-13 17:57:25.901+00	2022-02-15 20:05:12.425+00	\N	1	12	4	234
1736	7	2021-09-12 19:27:22.296+00	2022-02-15 20:05:32.692+00	\N	1	12	4	234
1735	1	2021-08-21 21:16:41.425+00	2022-02-15 20:05:47.599+00	\N	1	12	4	234
1691	4	2021-08-01 19:00:33.975+00	2022-02-15 20:06:21.377+00	\N	1	75	1	220
1692	4	2021-08-01 19:02:32.876+00	2022-02-15 20:06:51.836+00	\N	1	75	1	220
1693	5	2021-08-01 19:05:06.188+00	2022-02-15 20:07:29.712+00	\N	1	77	3	227
1696	6	2021-08-01 19:06:52.43+00	2022-02-15 20:07:51.523+00	\N	1	77	3	227
1695	7	2021-08-01 19:05:51.766+00	2022-02-15 20:08:06.961+00	\N	1	12	4	234
1741	4	2022-02-15 20:49:55.496+00	2022-02-15 20:49:55.508+00	\N	\N	75	1	220
1742	4	2022-02-17 19:08:55.433+00	2022-02-17 19:08:55.448+00	\N	\N	75	1	220
\.


--
-- Data for Name: sessions__saves; Type: TABLE DATA; Schema: public; Owner: postgres
--

COPY public.sessions__saves (id, session_id, save_id) FROM stdin;
\.


--
-- Data for Name: sessions_students__students_sessions; Type: TABLE DATA; Schema: public; Owner: postgres
--

COPY public.sessions_students__students_sessions (id, student_id, session_id) FROM stdin;
3181	24	1691
3182	24	1692
3183	19	1692
3184	25	1693
3185	31	1694
3186	28	1695
3187	31	1696
3188	5	1697
3189	28	1698
3190	5	1699
3191	2	1700
3192	2	1701
3193	3	1701
3194	2	1702
3195	2	1703
3227	2	1735
3228	28	1736
3229	28	1737
3230	26	1738
3231	2	1739
3232	2	1740
3233	19	1741
3234	24	1741
3235	19	1742
\.


--
-- Data for Name: strapi_administrator; Type: TABLE DATA; Schema: public; Owner: postgres
--

COPY public.strapi_administrator (id, username, email, password, "resetPasswordToken", blocked, firstname, lastname, "registrationToken", "isActive", "preferedLanguage") FROM stdin;
1	development	dev@mail.com	$2a$10$gpq9IWTLQNk1m3kwILn19OtMvxpmCaFr.EXbLOH050rzQlm7ISPHm	\N	\N	Devlop	Account	\N	t	\N
\.


--
-- Data for Name: strapi_permission; Type: TABLE DATA; Schema: public; Owner: postgres
--

COPY public.strapi_permission (id, action, subject, fields, conditions, role, created_at, updated_at, properties) FROM stdin;
342	plugins::content-manager.explorer.delete	application::block.block	\N	[]	\N	2021-09-21 19:59:12.496+00	2021-09-27 17:50:43.735+00	{}
360	plugins::content-manager.explorer.create	application::learning-components.learning-components	\N	[]	1	2021-09-27 17:50:50.818+00	2021-09-27 17:50:50.89+00	{"fields": ["type", "days", "learning_component_type"]}
363	plugins::content-manager.explorer.read	application::learning-components.learning-components	\N	[]	1	2021-09-27 17:50:50.819+00	2021-09-27 17:50:50.892+00	{"fields": ["type", "days", "learning_component_type"]}
4160	plugins::content-manager.explorer.update	application::cc-workspace.cc-workspace	\N	[]	1	2022-02-15 20:43:42.157+00	2022-02-15 20:43:42.179+00	{"fields": ["name", "description", "template", "blocks", "classroom"]}
366	plugins::content-manager.explorer.read	application::learning-standard.learning-standard	\N	[]	1	2021-09-27 17:50:50.82+00	2021-09-27 17:50:50.892+00	{"fields": ["number", "name", "expectations", "days", "unit", "teks", "link"]}
370	plugins::content-manager.explorer.update	application::learning-standard.learning-standard	\N	[]	1	2021-09-27 17:50:50.821+00	2021-09-27 17:50:50.894+00	{"fields": ["number", "name", "expectations", "days", "unit", "teks", "link"]}
5	plugins::content-manager.explorer.create	application::grade.grade	["name", "classrooms", "units"]	[]	1	2021-08-21 02:08:58.663+00	2021-09-12 02:42:23.826+00	{"fields": ["name", "classrooms", "units"]}
8	plugins::content-manager.explorer.create	application::mentor.mentor	["first_name", "last_name", "school", "classrooms", "user"]	[]	1	2021-08-21 02:08:58.664+00	2021-09-12 02:42:23.827+00	{"fields": ["first_name", "last_name", "school", "classrooms", "user"]}
12	plugins::content-manager.explorer.create	application::blocks-category.blocks-category	["name", "blocks"]	[]	1	2021-08-21 02:08:58.662+00	2021-09-12 02:42:23.831+00	{"fields": ["name", "blocks"]}
7	plugins::content-manager.explorer.create	application::student.student	["name", "character", "classroom", "sessions", "enrolled", "last_logged_in"]	[]	1	2021-08-21 02:08:58.665+00	2021-09-12 02:42:23.832+00	{"fields": ["name", "character", "classroom", "sessions", "enrolled", "last_logged_in"]}
13	plugins::content-manager.explorer.create	application::selection.selection	["classroom", "learning_standard", "current"]	[]	1	2021-08-21 02:08:58.665+00	2021-09-12 02:42:23.835+00	{"fields": ["classroom", "learning_standard", "current"]}
364	plugins::content-manager.explorer.create	application::learning-standard.learning-standard	\N	[]	1	2021-09-27 17:50:50.818+00	2021-09-27 17:50:50.891+00	{"fields": ["number", "name", "expectations", "days", "unit", "teks", "link"]}
361	plugins::content-manager.explorer.read	application::learning-component-types.learning-component-types	\N	[]	1	2021-09-27 17:50:50.819+00	2021-09-27 17:50:50.892+00	{"fields": ["name", "learning_components"]}
18	plugins::content-manager.explorer.create	application::unit.unit	["grade", "name", "teks_id", "teks_description", "number", "learning_standards"]	[]	1	2021-08-21 02:08:58.837+00	2021-09-12 02:42:23.844+00	{"fields": ["grade", "name", "teks_id", "teks_description", "number", "learning_standards"]}
24	plugins::content-manager.explorer.read	application::grade.grade	["name", "classrooms", "units"]	[]	1	2021-08-21 02:08:58.838+00	2021-09-12 02:42:23.845+00	{"fields": ["name", "classrooms", "units"]}
27	plugins::content-manager.explorer.read	application::mentor.mentor	["first_name", "last_name", "school", "classrooms", "user"]	[]	1	2021-08-21 02:08:58.839+00	2021-09-12 02:42:23.849+00	{"fields": ["first_name", "last_name", "school", "classrooms", "user"]}
40	plugins::content-manager.explorer.update	application::blocks-category.blocks-category	["name", "blocks"]	[]	1	2021-08-21 02:08:58.966+00	2021-09-12 02:42:23.86+00	{"fields": ["name", "blocks"]}
35	plugins::content-manager.explorer.read	application::submission.submission	["status", "workspace", "success", "hex", "stdout", "stderr", "board", "sketch", "sandbox", "session", "day", "job_id"]	[]	1	2021-08-21 02:08:58.965+00	2021-09-12 02:42:23.862+00	{"fields": ["status", "workspace", "success", "hex", "stdout", "stderr", "board", "sketch", "sandbox", "session", "day", "job_id"]}
44	plugins::content-manager.explorer.update	application::grade.grade	["name", "classrooms", "units"]	[]	1	2021-08-21 02:08:58.983+00	2021-09-12 02:42:23.865+00	{"fields": ["name", "classrooms", "units"]}
36	plugins::content-manager.explorer.read	application::unit.unit	["grade", "name", "teks_id", "teks_description", "number", "learning_standards"]	[]	1	2021-08-21 02:08:58.965+00	2021-09-12 02:42:23.875+00	{"fields": ["grade", "name", "teks_id", "teks_description", "number", "learning_standards"]}
191	plugins::users-permissions.advanced-settings.update	\N	\N	[]	1	2021-09-12 02:42:26.21+00	2021-09-12 02:42:26.234+00	{}
1929	plugins::content-manager.explorer.read	application::block.block	\N	[]	1	2021-11-13 23:16:55.231+00	2021-11-13 23:16:55.26+00	{"fields": ["name", "description", "blocks_category", "image_url"]}
369	plugins::content-manager.explorer.update	application::learning-components.learning-components	\N	[]	1	2021-09-27 17:50:50.821+00	2021-09-27 17:50:50.893+00	{"fields": ["type", "days", "learning_component_type"]}
49	plugins::content-manager.explorer.update	application::student.student	["name", "character", "classroom", "sessions", "enrolled", "last_logged_in"]	[]	1	2021-08-21 02:08:59.162+00	2021-09-12 02:42:23.886+00	{"fields": ["name", "character", "classroom", "sessions", "enrolled", "last_logged_in"]}
56	plugins::content-manager.explorer.update	application::unit.unit	["grade", "name", "teks_id", "teks_description", "number", "learning_standards"]	[]	1	2021-08-21 02:08:59.163+00	2021-09-12 02:42:23.897+00	{"fields": ["grade", "name", "teks_id", "teks_description", "number", "learning_standards"]}
34	plugins::content-manager.explorer.read	application::selection.selection	["classroom", "learning_standard", "current"]	[]	1	2021-08-21 02:08:58.964+00	2021-09-12 02:42:23.903+00	{"fields": ["classroom", "learning_standard", "current"]}
33	plugins::content-manager.explorer.read	application::student.student	["name", "character", "classroom", "sessions", "enrolled", "last_logged_in"]	[]	1	2021-08-21 02:08:58.965+00	2021-09-12 02:42:23.912+00	{"fields": ["name", "character", "classroom", "sessions", "enrolled", "last_logged_in"]}
194	admin::marketplace.plugins.uninstall	\N	\N	[]	1	2021-09-12 02:42:26.218+00	2021-09-12 02:42:26.24+00	{}
16	plugins::content-manager.explorer.create	application::submission.submission	["status", "workspace", "success", "hex", "stdout", "stderr", "board", "sketch", "sandbox", "session", "day", "job_id"]	[]	1	2021-08-21 02:08:58.831+00	2021-09-12 02:42:23.919+00	{"fields": ["status", "workspace", "success", "hex", "stdout", "stderr", "board", "sketch", "sandbox", "session", "day", "job_id"]}
182	plugins::users-permissions.roles.read	\N	\N	[]	1	2021-09-12 02:42:26.153+00	2021-09-12 02:42:26.175+00	{}
183	plugins::users-permissions.roles.create	\N	\N	[]	1	2021-09-12 02:42:26.152+00	2021-09-12 02:42:26.175+00	{}
197	admin::webhooks.read	\N	\N	[]	1	2021-09-12 02:42:26.218+00	2021-09-12 02:42:26.24+00	{}
198	admin::webhooks.delete	\N	\N	[]	1	2021-09-12 02:42:26.219+00	2021-09-12 02:42:26.24+00	{}
50	plugins::content-manager.explorer.update	application::mentor.mentor	["first_name", "last_name", "school", "classrooms", "user"]	[]	1	2021-08-21 02:08:59.146+00	2021-09-12 02:42:23.922+00	{"fields": ["first_name", "last_name", "school", "classrooms", "user"]}
353	plugins::content-manager.explorer.delete	application::selection.selection	\N	[]	\N	2021-09-21 19:59:12.501+00	2021-09-27 17:50:43.776+00	{}
346	plugins::content-manager.explorer.delete	application::grade.grade	\N	[]	\N	2021-09-21 19:59:12.497+00	2021-09-27 17:50:43.807+00	{}
365	plugins::content-manager.explorer.create	application::learning-component-types.learning-component-types	\N	[]	1	2021-09-27 17:50:50.817+00	2021-09-27 17:50:50.89+00	{"fields": ["name", "learning_components"]}
362	plugins::content-manager.explorer.update	application::learning-component-types.learning-component-types	\N	[]	1	2021-09-27 17:50:50.82+00	2021-09-27 17:50:50.893+00	{"fields": ["name", "learning_components"]}
47	plugins::content-manager.explorer.update	application::selection.selection	["classroom", "learning_standard", "current"]	[]	1	2021-08-21 02:08:59.164+00	2021-09-12 02:42:23.939+00	{"fields": ["classroom", "learning_standard", "current"]}
57	plugins::content-manager.explorer.update	application::submission.submission	["status", "workspace", "success", "hex", "stdout", "stderr", "board", "sketch", "sandbox", "session", "day", "job_id"]	[]	1	2021-08-21 02:08:59.162+00	2021-09-12 02:42:23.957+00	{"fields": ["status", "workspace", "success", "hex", "stdout", "stderr", "board", "sketch", "sandbox", "session", "day", "job_id"]}
21	plugins::content-manager.explorer.read	application::blocks-category.blocks-category	["name", "blocks"]	[]	1	2021-08-21 02:08:58.837+00	2021-09-12 02:42:23.968+00	{"fields": ["name", "blocks"]}
142	plugins::content-manager.explorer.create	application::save.save	\N	[]	1	2021-09-12 02:42:26.02+00	2021-09-12 02:42:26.043+00	{"fields": ["day", "student", "session", "workspace", "replay"]}
157	plugins::content-manager.explorer.update	application::save.save	\N	[]	1	2021-09-12 02:42:26.081+00	2021-09-12 02:42:26.107+00	{"fields": ["day", "student", "session", "workspace", "replay"]}
186	plugins::users-permissions.providers.read	\N	\N	[]	1	2021-09-12 02:42:26.157+00	2021-09-12 02:42:26.181+00	{}
190	plugins::users-permissions.advanced-settings.read	\N	\N	[]	1	2021-09-12 02:42:26.21+00	2021-09-12 02:42:26.229+00	{}
201	admin::users.update	\N	\N	[]	1	2021-09-12 02:42:26.224+00	2021-09-12 02:42:26.248+00	{}
146	plugins::content-manager.explorer.create	application::school.school	\N	[]	1	2021-09-12 02:42:26.02+00	2021-09-12 02:42:26.043+00	{"fields": ["name", "county", "state", "classrooms", "mentors"]}
147	plugins::content-manager.explorer.create	plugins::users-permissions.user	\N	[]	1	2021-09-12 02:42:26.021+00	2021-09-12 02:42:26.043+00	{"fields": ["username", "email", "provider", "password", "resetPasswordToken", "confirmationToken", "confirmed", "blocked", "role"]}
158	plugins::content-manager.explorer.update	application::school.school	\N	[]	1	2021-09-12 02:42:26.081+00	2021-09-12 02:42:26.107+00	{"fields": ["name", "county", "state", "classrooms", "mentors"]}
178	plugins::email.settings.read	\N	\N	[]	1	2021-09-12 02:42:26.147+00	2021-09-12 02:42:26.169+00	{}
179	plugins::content-manager.single-types.configure-view	\N	\N	[]	1	2021-09-12 02:42:26.147+00	2021-09-12 02:42:26.17+00	{}
180	plugins::content-manager.collection-types.configure-view	\N	\N	[]	1	2021-09-12 02:42:26.147+00	2021-09-12 02:42:26.175+00	{}
184	plugins::users-permissions.roles.update	\N	\N	[]	1	2021-09-12 02:42:26.153+00	2021-09-12 02:42:26.175+00	{}
188	plugins::users-permissions.email-templates.read	\N	\N	[]	1	2021-09-12 02:42:26.209+00	2021-09-12 02:42:26.229+00	{}
1930	plugins::content-manager.explorer.create	application::block.block	\N	[]	1	2021-11-13 23:16:55.231+00	2021-11-13 23:16:55.26+00	{"fields": ["name", "description", "blocks_category", "image_url"]}
193	admin::marketplace.plugins.install	\N	\N	[]	1	2021-09-12 02:42:26.215+00	2021-09-12 02:42:26.234+00	{}
195	admin::webhooks.create	\N	\N	[]	1	2021-09-12 02:42:26.218+00	2021-09-12 02:42:26.24+00	{}
196	admin::webhooks.update	\N	\N	[]	1	2021-09-12 02:42:26.218+00	2021-09-12 02:42:26.24+00	{}
199	admin::users.create	\N	\N	[]	1	2021-09-12 02:42:26.219+00	2021-09-12 02:42:26.24+00	{}
204	admin::roles.read	\N	\N	[]	1	2021-09-12 02:42:26.276+00	2021-09-12 02:42:26.283+00	{}
206	admin::roles.delete	\N	\N	[]	1	2021-09-12 02:42:26.276+00	2021-09-12 02:42:26.283+00	{}
203	admin::roles.create	\N	\N	[]	1	2021-09-12 02:42:26.274+00	2021-09-12 02:42:26.285+00	{}
151	plugins::content-manager.explorer.read	application::save.save	\N	[]	1	2021-09-12 02:42:26.021+00	2021-09-12 02:42:26.044+00	{"fields": ["day", "student", "session", "workspace", "replay"]}
152	plugins::content-manager.explorer.read	application::school.school	\N	[]	1	2021-09-12 02:42:26.021+00	2021-09-12 02:42:26.044+00	{"fields": ["name", "county", "state", "classrooms", "mentors"]}
153	plugins::content-manager.explorer.read	plugins::users-permissions.user	\N	[]	1	2021-09-12 02:42:26.021+00	2021-09-12 02:42:26.044+00	{"fields": ["username", "email", "provider", "password", "resetPasswordToken", "confirmationToken", "confirmed", "blocked", "role"]}
159	plugins::content-manager.explorer.update	plugins::users-permissions.user	\N	[]	1	2021-09-12 02:42:26.081+00	2021-09-12 02:42:26.107+00	{"fields": ["username", "email", "provider", "password", "resetPasswordToken", "confirmationToken", "confirmed", "blocked", "role"]}
177	plugins::content-type-builder.read	\N	\N	[]	1	2021-09-12 02:42:26.147+00	2021-09-12 02:42:26.169+00	{}
181	plugins::content-manager.components.configure-layout	\N	\N	[]	1	2021-09-12 02:42:26.152+00	2021-09-12 02:42:26.175+00	{}
185	plugins::users-permissions.roles.delete	\N	\N	[]	1	2021-09-12 02:42:26.157+00	2021-09-12 02:42:26.181+00	{}
187	plugins::users-permissions.providers.update	\N	\N	[]	1	2021-09-12 02:42:26.209+00	2021-09-12 02:42:26.229+00	{}
189	plugins::users-permissions.email-templates.update	\N	\N	[]	1	2021-09-12 02:42:26.209+00	2021-09-12 02:42:26.229+00	{}
192	admin::marketplace.read	\N	\N	[]	1	2021-09-12 02:42:26.21+00	2021-09-12 02:42:26.235+00	{}
200	admin::users.read	\N	\N	[]	1	2021-09-12 02:42:26.219+00	2021-09-12 02:42:26.24+00	{}
202	admin::users.delete	\N	\N	[]	1	2021-09-12 02:42:26.273+00	2021-09-12 02:42:26.282+00	{}
205	admin::roles.update	\N	\N	[]	1	2021-09-12 02:42:26.276+00	2021-09-12 02:42:26.283+00	{}
4330	plugins::content-manager.explorer.delete	application::session.session	\N	[]	1	2022-02-21 03:06:22.663+00	2022-02-21 03:06:22.689+00	{}
1931	plugins::content-manager.explorer.update	application::block.block	\N	[]	1	2021-11-13 23:16:55.231+00	2021-11-13 23:16:55.261+00	{"fields": ["name", "description", "blocks_category", "image_url"]}
4294	plugins::content-manager.explorer.update	application::day.day	\N	[]	1	2022-02-21 02:03:21.989+00	2022-02-21 02:03:22.015+00	{"fields": ["learning_standard", "number", "template", "blocks", "description", "TekS", "link", "learning_components", "activity_template"]}
4157	plugins::content-manager.explorer.read	application::cc-workspace.cc-workspace	\N	[]	1	2022-02-15 20:43:42.156+00	2022-02-15 20:43:42.178+00	{"fields": ["name", "description", "template", "blocks", "classroom"]}
4161	plugins::content-manager.explorer.update	application::classroom.classroom	\N	[]	1	2022-02-15 20:43:42.157+00	2022-02-15 20:43:42.179+00	{"fields": ["name", "school", "sessions", "mentors", "students", "code", "grade", "selections", "cc_workspaces"]}
4024	plugins::content-manager.explorer.create	application::session.session	\N	[]	1	2022-02-15 19:57:30.609+00	2022-02-15 19:57:30.631+00	{"fields": ["classroom", "students", "submissions", "saves", "unit", "grade", "learning_standard"]}
4025	plugins::content-manager.explorer.read	application::session.session	\N	[]	1	2022-02-15 19:57:30.609+00	2022-02-15 19:57:30.631+00	{"fields": ["classroom", "students", "submissions", "saves", "unit", "grade", "learning_standard"]}
4026	plugins::content-manager.explorer.update	application::session.session	\N	[]	1	2022-02-15 19:57:30.609+00	2022-02-15 19:57:30.632+00	{"fields": ["classroom", "students", "submissions", "saves", "unit", "grade", "learning_standard"]}
4321	plugins::content-manager.explorer.delete	application::block.block	\N	[]	1	2022-02-21 03:06:22.661+00	2022-02-21 03:06:22.688+00	{}
4324	plugins::content-manager.explorer.delete	application::grade.grade	\N	[]	1	2022-02-21 03:06:22.661+00	2022-02-21 03:06:22.688+00	{}
4327	plugins::content-manager.explorer.delete	application::save.save	\N	[]	1	2022-02-21 03:06:22.662+00	2022-02-21 03:06:22.689+00	{}
4158	plugins::content-manager.explorer.create	application::cc-workspace.cc-workspace	\N	[]	1	2022-02-15 20:43:42.157+00	2022-02-15 20:43:42.178+00	{"fields": ["name", "description", "template", "blocks", "classroom"]}
4322	plugins::content-manager.explorer.delete	application::day.day	\N	[]	1	2022-02-21 03:06:22.661+00	2022-02-21 03:06:22.688+00	{}
4325	plugins::content-manager.explorer.delete	application::learning-components.learning-components	\N	[]	1	2022-02-21 03:06:22.662+00	2022-02-21 03:06:22.688+00	{}
4328	plugins::content-manager.explorer.delete	application::school.school	\N	[]	1	2022-02-21 03:06:22.662+00	2022-02-21 03:06:22.689+00	{}
4331	plugins::content-manager.explorer.delete	application::student.student	\N	[]	1	2022-02-21 03:06:22.663+00	2022-02-21 03:06:22.696+00	{}
4334	plugins::content-manager.explorer.delete	application::unit.unit	\N	[]	1	2022-02-21 03:06:22.731+00	2022-02-21 03:06:22.745+00	{}
4335	plugins::content-manager.explorer.delete	plugins::users-permissions.user	\N	[]	1	2022-02-21 03:06:22.732+00	2022-02-21 03:06:22.745+00	{}
4337	plugins::content-manager.explorer.publish	application::learning-component-types.learning-component-types	\N	[]	1	2022-02-21 03:06:22.732+00	2022-02-21 03:06:22.747+00	{}
4295	plugins::content-manager.explorer.read	application::day.day	\N	[]	1	2022-02-21 02:03:21.99+00	2022-02-21 02:03:22.015+00	{"fields": ["learning_standard", "number", "template", "blocks", "description", "TekS", "link", "learning_components", "activity_template"]}
4333	plugins::content-manager.explorer.delete	application::submission.submission	\N	[]	1	2022-02-21 03:06:22.731+00	2022-02-21 03:06:22.745+00	{}
4336	plugins::content-manager.explorer.publish	application::cc-workspace.cc-workspace	\N	[]	1	2022-02-21 03:06:22.732+00	2022-02-21 03:06:22.745+00	{}
4338	plugins::content-manager.explorer.publish	application::learning-components.learning-components	\N	[]	1	2022-02-21 03:06:22.732+00	2022-02-21 03:06:22.751+00	{}
4156	plugins::content-manager.explorer.create	application::classroom.classroom	\N	[]	1	2022-02-15 20:43:42.157+00	2022-02-15 20:43:42.178+00	{"fields": ["name", "school", "sessions", "mentors", "students", "code", "grade", "selections", "cc_workspaces"]}
4159	plugins::content-manager.explorer.read	application::classroom.classroom	\N	[]	1	2022-02-15 20:43:42.157+00	2022-02-15 20:43:42.179+00	{"fields": ["name", "school", "sessions", "mentors", "students", "code", "grade", "selections", "cc_workspaces"]}
4319	plugins::content-manager.explorer.delete	application::cc-workspace.cc-workspace	\N	[]	1	2022-02-21 03:06:22.66+00	2022-02-21 03:06:22.687+00	{}
4318	plugins::content-manager.explorer.delete	application::blocks-category.blocks-category	\N	[]	1	2022-02-21 03:06:22.661+00	2022-02-21 03:06:22.688+00	{}
4296	plugins::content-manager.explorer.create	application::day.day	\N	[]	1	2022-02-21 02:03:21.99+00	2022-02-21 02:03:22.015+00	{"fields": ["learning_standard", "number", "template", "blocks", "description", "TekS", "link", "learning_components", "activity_template"]}
4320	plugins::content-manager.explorer.delete	application::classroom.classroom	\N	[]	1	2022-02-21 03:06:22.661+00	2022-02-21 03:06:22.688+00	{}
4323	plugins::content-manager.explorer.delete	application::learning-component-types.learning-component-types	\N	[]	1	2022-02-21 03:06:22.662+00	2022-02-21 03:06:22.688+00	{}
4326	plugins::content-manager.explorer.delete	application::learning-standard.learning-standard	\N	[]	1	2022-02-21 03:06:22.662+00	2022-02-21 03:06:22.689+00	{}
4329	plugins::content-manager.explorer.delete	application::selection.selection	\N	[]	1	2022-02-21 03:06:22.662+00	2022-02-21 03:06:22.689+00	{}
4332	plugins::content-manager.explorer.delete	application::mentor.mentor	\N	[]	1	2022-02-21 03:06:22.671+00	2022-02-21 03:06:22.695+00	{}
\.


--
-- Data for Name: strapi_role; Type: TABLE DATA; Schema: public; Owner: postgres
--

COPY public.strapi_role (id, name, code, description, created_at, updated_at) FROM stdin;
1	Super Admin	strapi-super-admin	Super Admins can access and manage all features and settings.	2021-08-21 02:07:43.386+00	2021-08-21 02:07:43.386+00
2	Editor	strapi-editor	Editors can manage and publish contents including those of other users.	2021-08-21 02:07:43.414+00	2021-08-21 02:07:43.414+00
3	Author	strapi-author	Authors can manage and publish the content they created.	2021-08-21 02:07:43.427+00	2021-08-21 02:07:43.427+00
\.


--
-- Data for Name: strapi_users_roles; Type: TABLE DATA; Schema: public; Owner: postgres
--

COPY public.strapi_users_roles (id, user_id, role_id) FROM stdin;
1	1	1
\.


--
-- Data for Name: strapi_webhooks; Type: TABLE DATA; Schema: public; Owner: postgres
--

COPY public.strapi_webhooks (id, name, url, headers, events, enabled) FROM stdin;
\.


--
-- Data for Name: students; Type: TABLE DATA; Schema: public; Owner: postgres
--

COPY public.students (id, name, "character", classroom, enrolled, last_logged_in, created_at, updated_at, created_by, updated_by) FROM stdin;
21	Jane D.		4	t	\N	2021-08-01 18:43:48.078+00	2021-08-01 18:43:48.086+00	\N	\N
22	John D.		5	t	\N	2021-08-01 18:44:38.25+00	2021-08-01 18:44:38.26+00	\N	\N
23	Jane D.		5	t	\N	2021-08-01 18:45:14.827+00	2021-08-01 18:45:14.835+00	\N	\N
27	Jane D.		7	t	\N	2021-08-01 18:47:24.683+00	2021-08-01 18:47:24.695+00	\N	\N
29	John D.		6	t	\N	2021-08-01 18:47:50.091+00	2021-08-01 18:47:50.102+00	\N	\N
30	Jane D.		6	t	\N	2021-08-01 18:47:55.124+00	2021-08-01 18:47:55.136+00	\N	\N
25	Russell C.		5	t	2021-08-01 19:05:06.227+00	2021-08-01 18:46:44.567+00	2021-08-01 19:05:06.269+00	\N	\N
31	Russell C.		6	t	2021-08-01 19:06:52.473+00	2021-08-01 18:48:00.392+00	2021-08-01 19:06:52.513+00	\N	\N
28	Russell C.		7	t	2021-09-13 17:57:25.979+00	2021-08-01 18:47:30.307+00	2021-09-13 17:57:26.096+00	\N	\N
26	John D.		7	t	2021-10-18 18:01:59.344+00	2021-08-01 18:47:16.329+00	2021-10-18 18:01:59.446+00	\N	\N
10	Yerika J.		1	t	2021-05-30 01:18:26.562+00	2020-10-28 16:55:02.607+00	2022-02-01 04:18:51.907+00	\N	\N
7	Megha N.		1	t	2021-05-30 01:17:58.48+00	2020-09-02 14:44:05.064+00	2022-02-01 04:18:51.907+00	\N	\N
16	Michael P.		1	f	\N	2021-02-15 18:15:36.173+00	2022-02-01 04:18:51.907+00	\N	\N
4	Nick I.		1	t	2021-07-20 17:39:00.21+00	2020-09-02 14:41:47.109+00	2022-02-01 04:18:51.907+00	\N	\N
12	Anna L.		1	t	2021-05-30 01:18:26.566+00	2021-02-03 21:42:43.036+00	2022-02-01 04:18:51.907+00	\N	\N
8	Gus S.		1	t	2021-03-05 19:24:02.116+00	2020-10-26 14:40:47.084+00	2022-02-01 04:18:51.907+00	\N	\N
17	Fernando  S.		1	t	\N	2021-04-12 14:17:44.196+00	2022-02-01 04:18:51.907+00	\N	\N
13	Maria L.		1	t	2021-02-17 18:53:20.834+00	2021-02-08 16:49:00.214+00	2022-02-01 04:18:51.907+00	\N	\N
11	Frances Q.		1	t	2021-03-03 19:02:08.035+00	2020-11-18 17:42:26.354+00	2022-02-01 04:18:51.907+00	\N	\N
6	Pedro F.		1	t	2021-04-05 16:38:08.96+00	2020-09-02 14:42:38.217+00	2022-02-01 04:18:51.907+00	\N	\N
18	Doe J.		1	t	2021-07-21 10:03:53.508+00	2021-07-21 09:47:45.872+00	2022-02-01 04:18:51.907+00	\N	\N
5	Christina G.		1	t	2021-08-01 19:14:24.769+00	2020-09-02 14:42:03.129+00	2022-02-01 04:18:51.907+00	\N	\N
3	Dakota R.		1	t	2021-08-21 07:11:18.678+00	2020-07-24 16:38:45.333+00	2022-02-01 04:18:51.907+00	\N	\N
2	Adam T.		1	t	2022-02-15 20:03:05.201+00	2020-07-24 16:38:28.699+00	2022-02-15 20:03:05.229+00	\N	\N
24	Russell C.		4	t	2022-02-15 20:49:55.521+00	2021-08-01 18:46:21.607+00	2022-02-15 20:49:55.562+00	\N	\N
19	John D.		4	t	2022-02-17 19:08:55.465+00	2021-08-01 18:43:09.003+00	2022-02-17 19:08:55.5+00	\N	\N
\.


--
-- Data for Name: submissions; Type: TABLE DATA; Schema: public; Owner: postgres
--

COPY public.submissions (id, status, workspace, success, hex, stdout, stderr, board, sketch, sandbox, session, day, job_id, created_at, updated_at, created_by, updated_by) FROM stdin;
369	COMPLETED	<xml xmlns="http://www.w3.org/1999/xhtml"><block type="io_digitalwrite" id="oS{Glkr[})__UeBy8,A3" x="101" y="74"><field name="PIN">0</field><value name="STATE"><block type="io_highlow" id="lMgWf`Mx6|@.:1RDS``="><field name="STATE">HIGH</field></block></value><next><block type="time_delay" id="iVkbm?WIE?R0`F(l.x!`"><value name="DELAY_TIME_MILI"><block type="math_number" id="iYllgOCGYULC34H|)477"><field name="NUM">1000</field></block></value><next><block type="io_digitalwrite" id="I0h]p)%8mp)IFQuKLP,z"><field name="PIN">0</field><value name="STATE"><block type="io_highlow" id="V@QbeF7MDQ@`3?ooUd|S"><field name="STATE">HIGH</field></block></value><next><block type="time_delay" id="p;8XF%^t27|~(5z:Z%K!"><value name="DELAY_TIME_MILI"><block type="math_number" id="ZoB_BlJdoEu*AiH0lDC:"><field name="NUM">1000</field></block></value></block></next></block></next></block></next></block></xml>	t	OjEwMDAwMDAwMEM5NDVDMDAwQzk0NkUwMDBDOTQ2RTAwMEM5NDZFMDBDQQ0KOjEwMDAxMDAwMEM5NDZFMDAwQzk0NkUwMDBDOTQ2RTAwMEM5NDZFMDBBOA0KOjEwMDAyMDAwMEM5NDZFMDAwQzk0NkUwMDBDOTQ2RTAwMEM5NDZFMDA5OA0KOjEwMDAzMDAwMEM5NDZFMDAwQzk0NkUwMDBDOTQ2RTAwMEM5NDZFMDA4OA0KOjEwMDA0MDAwMEM5NDBGMDEwQzk0NkUwMDBDOTQ2RTAwMEM5NDZFMDBENg0KOjEwMDA1MDAwMEM5NDZFMDAwQzk0NkUwMDBDOTQ2RTAwMEM5NDZFMDA2OA0KOjEwMDA2MDAwMEM5NDZFMDAwQzk0NkUwMDAwMDAwMDAwMjQwMDI3MDAyOQ0KOjEwMDA3MDAwMkEwMDAwMDAwMDAwMjUwMDI4MDAyQjAwMDQwNDA0MDRDRQ0KOjEwMDA4MDAwMDQwNDA0MDQwMjAyMDIwMjAyMDIwMzAzMDMwMzAzMDM0Mg0KOjEwMDA5MDAwMDEwMjA0MDgxMDIwNDA4MDAxMDIwNDA4MTAyMDAxMDIxRg0KOjEwMDBBMDAwMDQwODEwMjAwMDAwMDAwODAwMDIwMTAwMDAwMzA0MDdGQg0KOjEwMDBCMDAwMDAwMDAwMDAwMDAwMDAwMDExMjQxRkJFQ0ZFRkQ4RTBCOA0KOjEwMDBDMDAwREVCRkNEQkYyMUUwQTBFMEIxRTAwMUMwMUQ5MkE5MzBBQw0KOjEwMDBEMDAwQjIwN0UxRjcwRTk0NTkwMTBDOTRDNjAxMEM5NDAwMDA4Qw0KOjEwMDBFMDAwRTRFQUYwRTA4NDkxRTBFOUYwRTA5NDkxRUNFN0YwRTBGQw0KOjEwMDBGMDAwRTQ5MUVFMjNCMUYxODgyMzM5RjE4MzMwOTFGMDM4RjRBMw0KOjEwMDEwMDAwODEzMEE5RjA4MjMwMDFGNTg0QjU4RjdEMTJDMDg3MzAyRg0KOjEwMDExMDAwOTFGMDg4MzBBMUYwODQzMEI5RjQ4MDkxODAwMDhGN0QxNw0KOjEwMDEyMDAwMDNDMDgwOTE4MDAwOEY3NzgwOTM4MDAwMERDMDg0QjVEQw0KOjEwMDEzMDAwOEY3Nzg0QkQwOUMwODA5MUIwMDA4Rjc3MDNDMDgwOTExNA0KOjEwMDE0MDAwQjAwMDhGN0Q4MDkzQjAwMEYwRTBFRTBGRkYxRkVFNThGRg0KOjEwMDE1MDAwRkY0RkE1OTFCNDkxOEZCN0Y4OTRFQzkxOUUyQjlDOTM4Rg0KOjEwMDE2MDAwOEZCRjA4OTUzRkI3Rjg5NDgwOTEwNTAxOTA5MTA2MDFFMw0KOjEwMDE3MDAwQTA5MTA3MDFCMDkxMDgwMTI2QjVBODlCMDVDMDJGM0ZBQg0KOjEwMDE4MDAwMTlGMDAxOTZBMTFEQjExRDNGQkZCQTJGQTkyRjk4MkZCRA0KOjEwMDE5MDAwODgyNzgyMEY5MTFEQTExREIxMURCQzAxQ0QwMTQyRTAzOA0KOjEwMDFBMDAwNjYwRjc3MUY4ODFGOTkxRjRBOTVEMUY3MDg5NThGOTI4MA0KOjEwMDFCMDAwOUY5MkFGOTJCRjkyQ0Y5MkRGOTJFRjkyRkY5MjBFOTRGNg0KOjEwMDFDMDAwQjIwMDRCMDE1QzAxODhFRUM4MkU4M0UwRDgyRUUxMkNGMg0KOjEwMDFEMDAwRjEyQzBFOTRCMjAwREMwMUNCMDE4ODE5OTkwOUFBMDkwRg0KOjEwMDFFMDAwQkIwOTg4M0U5MzQwQTEwNUIxMDU1OEYwMjFFMEMyMUEzMQ0KOjEwMDFGMDAwRDEwOEUxMDhGMTA4ODhFRTg4MEU4M0UwOTgxRUExMUM2Mg0KOjEwMDIwMDAwQjExQ0MxMTREMTA0RTEwNEYxMDQxOUY3RkY5MEVGOTA3Rg0KOjEwMDIxMDAwREY5MENGOTBCRjkwQUY5MDlGOTA4RjkwMDg5NTFGOTJFNg0KOjEwMDIyMDAwMEY5MjBGQjYwRjkyMTEyNDJGOTMzRjkzOEY5MzlGOTNBQQ0KOjEwMDIzMDAwQUY5M0JGOTM4MDkxMDEwMTkwOTEwMjAxQTA5MTAzMDFCRQ0KOjEwMDI0MDAwQjA5MTA0MDEzMDkxMDAwMTIzRTAyMzBGMkQzNzIwRjRGOQ0KOjEwMDI1MDAwMDE5NkExMURCMTFEMDVDMDI2RTgyMzBGMDI5NkExMUQyMA0KOjEwMDI2MDAwQjExRDIwOTMwMDAxODA5MzAxMDE5MDkzMDIwMUEwOTM5RQ0KOjEwMDI3MDAwMDMwMUIwOTMwNDAxODA5MTA1MDE5MDkxMDYwMUEwOTFDMg0KOjEwMDI4MDAwMDcwMUIwOTEwODAxMDE5NkExMURCMTFEODA5MzA1MDFFMA0KOjEwMDI5MDAwOTA5MzA2MDFBMDkzMDcwMUIwOTMwODAxQkY5MUFGOTExRA0KOjEwMDJBMDAwOUY5MThGOTEzRjkxMkY5MTBGOTAwRkJFMEY5MDFGOTBCNA0KOjEwMDJCMDAwMTg5NTc4OTQ4NEI1ODI2MDg0QkQ4NEI1ODE2MDg0QkRDRQ0KOjEwMDJDMDAwODVCNTgyNjA4NUJEODVCNTgxNjA4NUJEODA5MTZFMDBGNA0KOjEwMDJEMDAwODE2MDgwOTM2RTAwMTA5MjgxMDA4MDkxODEwMDgyNjAyNQ0KOjEwMDJFMDAwODA5MzgxMDA4MDkxODEwMDgxNjA4MDkzODEwMDgwOTE2Mg0KOjEwMDJGMDAwODAwMDgxNjA4MDkzODAwMDgwOTFCMTAwODQ2MDgwOTM1MQ0KOjEwMDMwMDAwQjEwMDgwOTFCMDAwODE2MDgwOTNCMDAwODA5MTdBMDA0Qw0KOjEwMDMxMDAwODQ2MDgwOTM3QTAwODA5MTdBMDA4MjYwODA5MzdBMDA3Mg0KOjEwMDMyMDAwODA5MTdBMDA4MTYwODA5MzdBMDA4MDkxN0EwMDgwNjg2MQ0KOjEwMDMzMDAwODA5MzdBMDAxMDkyQzEwMEUwRTlGMEUwMjQ5MUVDRTdBQw0KOjEwMDM0MDAwRjBFMDg0OTE4ODIzOTlGMDkwRTA4ODBGOTkxRkZDMDFEOA0KOjEwMDM1MDAwRTg1OUZGNEZBNTkxQjQ5MUZDMDFFRTU4RkY0Rjg1OTFFQw0KOjEwMDM2MDAwOTQ5MThGQjdGODk0RUM5MUUyMkJFQzkzOEZCRkMwRTA5Rg0KOjEwMDM3MDAwRDBFMDBFOTQ3MDAwMEU5NEQ3MDAwRTk0NzAwMDBFOTQ4RQ0KOjEwMDM4MDAwRDcwMDIwOTdCMUYzMEU5NDAwMDBGM0NGRjg5NEZGQ0Y3RA0KOjAwMDAwMDAxRkYNCg==	Sketch uses 912 bytes (2%) of program storage space. Maximum is 32256 bytes.\nGlobal variables use 9 bytes (0%) of dynamic memory, leaving 2039 bytes for local variables. Maximum is 2048 bytes.\n		arduino:avr:uno	void setup() {\n  pinMode(0, OUTPUT);\n}\n\nvoid loop() {\n  digitalWrite(0, HIGH);\n  delay(1000);\n  digitalWrite(0, HIGH);\n  delay(1000);\n\n}	t	\N	\N	6	2021-08-01 18:59:58.826+00	2021-08-01 19:00:00.044+00	\N	\N
375	COMPLETED	<xml xmlns="http://www.w3.org/1999/xhtml"><block type="serial_setup" id="==lnHTRR]JGkBK?G3AOP" x="64" y="15"><field name="SERIAL_ID">Serial</field><field name="SPEED">9600</field></block><block type="insert_comment" id="Yn*{ZymirKA)ae4R-C|q" x="79" y="132"><mutation items="2"></mutation><value name="ADD0"><block type="text" id="nK#9fq^CVa7I:/I];zX}"><field name="TEXT">What is Space?</field></block></value><value name="ADD1"><block type="text" id="gvGrrT/;`h66)oPZKH0("><field name="TEXT">Enter your throughs below.</field></block></value><next><block type="variables_set" id="O^st-FW@P,/J!,[woEF8"><field name="VAR">item</field><value name="VALUE"><block type="text" id="KWtg/,-sRF{Y(}-fkOy/"><field name="TEXT">I dont know!</field></block></value></block></next></block><block type="variables_set" id="x^3q5KAF|SM|nVOcyO!@" x="78" y="273"><field name="VAR">item</field><value name="VALUE"><block type="text_join" id="_/F=KUmsq[._y!8?Z2y#"><mutation items="2"></mutation><value name="ADD0"><block type="text" id="2qowzW*6d5zEA|7HR9Se"><field name="TEXT">My throughs on what is space is: </field></block></value><value name="ADD1"><block type="variables_get" id="Cul[O**vp@y44)5+LaF6"><field name="VAR">item</field></block></value></block></value><next><block type="serial_print" id="fZavHX^s_]jLT*E}x4.4"><field name="SERIAL_ID">Serial</field><field name="NEW_LINE">TRUE</field><value name="CONTENT"><block type="variables_get" id="pv+J1zT/e6QB1bWi}_KD"><field name="VAR">item</field></block></value></block></next></block></xml>	t	OjEwMDAwMDAwMEM5NDM2MDAwQzk0NUUwMDBDOTQ1RTAwMEM5NDVFMDAyMA0KOjEwMDAxMDAwMEM5NDVFMDAwQzk0NUUwMDBDOTQ1RTAwMEM5NDVFMDBFOA0KOjEwMDAyMDAwMEM5NDVFMDAwQzk0NUUwMDBDOTQ1RTAwMEM5NDVFMDBEOA0KOjEwMDAzMDAwMEM5NDVFMDAwQzk0NUUwMDBDOTQ1RTAwMEM5NDVFMDBDOA0KOjEwMDA0MDAwMEM5NEREMDEwQzk0NUUwMDBDOTQ0RDAyMEM5NDI3MDI3Qw0KOjEwMDA1MDAwMEM5NDVFMDAwQzk0NUUwMDBDOTQ1RTAwMEM5NDVFMDBBOA0KOjEwMDA2MDAwMEM5NDVFMDAwQzk0NUUwMDdGMDJCQTAzMTEyNDFGQkU0NA0KOjEwMDA3MDAwQ0ZFRkQ4RTBERUJGQ0RCRjIxRTBBQUU0QjFFMDAxQzAwMA0KOjEwMDA4MDAwMUQ5MkFBM0ZCMjA3RTFGNzExRTBBMEUwQjFFMEVDRTI3Nw0KOjEwMDA5MDAwRkNFMDAyQzAwNTkwMEQ5MkFBMzRCMTA3RDlGNzEwRTAzOA0KOjEwMDBBMDAwQzVFM0QwRTAwNEMwMjE5N0ZFMDEwRTk0RjcwM0M0MzNFQQ0KOjEwMDBCMDAwRDEwN0M5RjcwRTk0QkEwMjBDOTQwOTA2MEM5NDAwMDBGQg0KOjEwMDBDMDAwQ0Y5MkRGOTJFRjkyRkY5MjBGOTMxRjkzQ0Y5M0RGOTMyNA0KOjEwMDBEMDAwNkMwMTdBMDE4QjAxQzBFMEQwRTBDRTE1REYwNTg5RjAxQw0KOjEwMDBFMDAwRDgwMTZEOTE4RDAxRDYwMUVEOTFGQzkxMDE5MEYwODFDNw0KOjEwMDBGMDAwRTAyREM2MDEwOTk1ODkyQjExRjQ3RTAxMDJDMDIxOTZERA0KOjEwMDEwMDAwRUNDRkM3MDFERjkxQ0Y5MTFGOTEwRjkxRkY5MEVGOTAzRQ0KOjEwMDExMDAwREY5MENGOTAwODk1MDg5NTgwRTA5MEUwMDg5NUZDMDE2RA0KOjEwMDEyMDAwNTM4RDQ0OEQyNTJGMzBFMDg0MkY5MEUwODIxQjkzMEI1Qw0KOjEwMDEzMDAwNTQxNzEwRjBDRjk2MDg5NTAxOTcwODk1RkMwMTkxOEQwMg0KOjEwMDE0MDAwODI4RDk4MTc2MUYwODI4RERGMDFBODBGQjExRDVEOTYzOQ0KOjEwMDE1MDAwOEM5MTkyOEQ5RjVGOUY3MzkyOEY5MEUwMDg5NThGRUZBNw0KOjEwMDE2MDAwOUZFRjA4OTVGQzAxOTE4RDgyOEQ5ODE3MzFGMDgyOEQ1Qg0KOjEwMDE3MDAwRTgwRkYxMUQ4NThEOTBFMDA4OTU4RkVGOUZFRjA4OTVCMg0KOjEwMDE4MDAwRkMwMTkxOEQyMjhEODkyRjkwRTA4MDVDOUY0RjgyMUIxNg0KOjEwMDE5MDAwOTEwOThGNzM5OTI3MDg5NTgzRTU5MUUwMEU5NEMwMDAyQg0KOjEwMDFBMDAwMjFFMDg5MkIwOUY0MjBFMDgyMkYwODk1RkMwMTg0OEQ0MQ0KOjEwMDFCMDAwREYwMUE4MEZCMTFEQTM1QUJGNEYyQzkxODQ4RDkwRTA5MQ0KOjEwMDFDMDAwMDE5NjhGNzM5OTI3ODQ4RkE2ODlCNzg5MkM5M0EwODk2Qw0KOjEwMDFEMDAwQjE4OThDOTE4MDY0OEM5MzkzOEQ4NDhEOTgxMzA2QzAyMw0KOjEwMDFFMDAwMDI4OEYzODlFMDJEODA4MThGN0Q4MDgzMDg5NUVGOTJDRQ0KOjEwMDFGMDAwRkY5MjBGOTMxRjkzQ0Y5M0RGOTNFQzAxODFFMDg4OEZFMQ0KOjEwMDIwMDAwOUI4RDhDOEQ5ODEzMDVDMEU4ODlGOTg5ODA4MTg1RkRDNw0KOjEwMDIxMDAwMjRDMEY2MkUwQjhEMTBFMDBGNUYxRjRGMEY3MzExMjdCOA0KOjEwMDIyMDAwRTAyRThDOERFODEyMENDMDBGQjYwN0ZDRkFDRkU4ODlERg0KOjEwMDIzMDAwRjk4OTgwODE4NUZGRjVDRkNFMDEwRTk0RDYwMEYxQ0ZFQw0KOjEwMDI0MDAwOEI4REZFMDFFODBGRjExREUzNUFGRjRGRjA4MjBCOEZGQg0KOjEwMDI1MDAwRUE4OUZCODk4MDgxODA2MjA3QzBFRTg5RkY4OTYwODMxQg0KOjEwMDI2MDAwRTg4OUY5ODk4MDgxODA2NDgwODM4MUUwOTBFMERGOTE3Mg0KOjEwMDI3MDAwQ0Y5MTFGOTEwRjkxRkY5MEVGOTAwODk1Q0Y5M0RGOTM0Rg0KOjEwMDI4MDAwRUMwMTg4OEQ4ODIzQzlGMEVBODlGQjg5ODA4MTg1RkQ4RQ0KOjEwMDI5MDAwMDVDMEE4ODlCOTg5OEM5MTg2RkQwRkMwMEZCNjA3RkNFRg0KOjEwMDJBMDAwRjVDRjgwODE4NUZGRjJDRkE4ODlCOTg5OEM5MTg1RkYzMA0KOjEwMDJCMDAwRURDRkNFMDEwRTk0RDYwMEU3Q0ZERjkxQ0Y5MTA4OTUxOA0KOjEwMDJDMDAwODBFMDkwRTA4OTJCMjlGMDBFOTRDQzAwODExMTBDOTRGMQ0KOjEwMDJEMDAwMDAwMDA4OTVDRjkzREY5M0VDMDE4ODgxOTk4MTAwOTcwNg0KOjEwMDJFMDAwMTFGMDBFOTQ5MjA0MTk4MjE4ODIxRDgyMUM4MjFCODJDNg0KOjEwMDJGMDAwMUE4MkRGOTFDRjkxMDg5NTBFOTRGNDA1MEY5MzFGOTMwNg0KOjEwMDMwMDAwQ0Y5M0RGOTNFQzAxODg4MTk5ODEwMDk3MjlGMDJBODFBRQ0KOjEwMDMxMDAwM0I4MTI2MTczNzA3ODhGNDhCMDE2RjVGN0Y0RjBFOTQ2MA0KOjEwMDMyMDAwMkEwNTAwOTc2MUYwOTk4Mzg4ODMxQjgzMEE4MzJDODFCNw0KOjEwMDMzMDAwM0Q4MTIzMkIxMUY0RkMwMTEwODI4MUUwMDFDMDgwRTA5Qg0KOjEwMDM0MDAwREY5MUNGOTExRjkxMEY5MTA4OTVFRjkyRkY5MjBGOTMzQw0KOjEwMDM1MDAwMUY5M0NGOTNERjkzRUMwMTdCMDE4QTAxQkEwMTBFOTRDNg0KOjEwMDM2MDAwN0UwMTgxMTEwNEMwQ0UwMTBFOTQ2QTAxMDdDMDFEODM3NQ0KOjEwMDM3MDAwMEM4M0I3MDE4ODgxOTk4MTBFOTQwMjA2Q0UwMURGOTEyQQ0KOjEwMDM4MDAwQ0Y5MTFGOTEwRjkxRkY5MEVGOTAwODk1Q0Y5M0RGOTMzRQ0KOjEwMDM5MDAwRUMwMUZCMDE4NjE3OTcwNzYxRjA2MDgxNzE4MTYxMTU5Rg0KOjEwMDNBMDAwNzEwNTI5RjA0NDgxNTU4MTBFOTRBNTAxMDJDMDBFOTQ3Nw0KOjEwMDNCMDAwNkEwMUNFMDFERjkxQ0Y5MTA4OTUxRjkyMEY5MjBGQjY3Rg0KOjEwMDNDMDAwMEY5MjExMjQyRjkzM0Y5MzhGOTM5RjkzQUY5M0JGOTNEQg0KOjEwMDNEMDAwODA5MTRGMDE5MDkxNTAwMUEwOTE1MTAxQjA5MTUyMDEzMw0KOjEwMDNFMDAwMzA5MTRFMDEyM0UwMjMwRjJEMzcyMEY0MDE5NkExMURGQg0KOjEwMDNGMDAwQjExRDA1QzAyNkU4MjMwRjAyOTZBMTFEQjExRDIwOTM1Mw0KOjEwMDQwMDAwNEUwMTgwOTM0RjAxOTA5MzUwMDFBMDkzNTEwMUIwOTNGRQ0KOjEwMDQxMDAwNTIwMTgwOTE0QTAxOTA5MTRCMDFBMDkxNEMwMUIwOTEwMQ0KOjEwMDQyMDAwNEQwMTAxOTZBMTFEQjExRDgwOTM0QTAxOTA5MzRCMDE4RQ0KOjEwMDQzMDAwQTA5MzRDMDFCMDkzNEQwMUJGOTFBRjkxOUY5MThGOTFDQg0KOjEwMDQ0MDAwM0Y5MTJGOTEwRjkwMEZCRTBGOTAxRjkwMTg5NTFGOTIwNA0KOjEwMDQ1MDAwMEY5MjBGQjYwRjkyMTEyNDJGOTMzRjkzNEY5MzVGOTNGOA0KOjEwMDQ2MDAwNkY5MzdGOTM4RjkzOUY5M0FGOTNCRjkzRUY5M0ZGOTM3Qw0KOjEwMDQ3MDAwODNFNTkxRTAwRTk0RDYwMEZGOTFFRjkxQkY5MUFGOTE4Qg0KOjEwMDQ4MDAwOUY5MThGOTE3RjkxNkY5MTVGOTE0RjkxM0Y5MTJGOTFBQw0KOjEwMDQ5MDAwMEY5MDBGQkUwRjkwMUY5MDE4OTUxRjkyMEY5MjBGQjZERQ0KOjEwMDRBMDAwMEY5MjExMjQyRjkzOEY5MzlGOTNFRjkzRkY5M0UwOTFEQg0KOjEwMDRCMDAwNjMwMUYwOTE2NDAxODA4MUUwOTE2OTAxRjA5MTZBMDEyQQ0KOjEwMDRDMDAwODJGRDEyQzA5MDgxODA5MTZDMDE4RjVGOEY3MzIwOTFBQg0KOjEwMDREMDAwNkQwMTgyMTc1MUYwRTA5MTZDMDFGMEUwRUQ1QUZFNEY5Mg0KOjEwMDRFMDAwOTU4RjgwOTM2QzAxMDFDMDgwODFGRjkxRUY5MTlGOTE2Ng0KOjEwMDRGMDAwOEY5MTJGOTEwRjkwMEZCRTBGOTAxRjkwMTg5NUUzRTVFRA0KOjEwMDUwMDAwRjFFMDEzODIxMjgyODhFRTkzRTBBMEUwQjBFMDg0ODNGMQ0KOjEwMDUxMDAwOTU4M0E2ODNCNzgzOEFFMDkxRTA5MTgzODA4Mzg1RUNGRA0KOjEwMDUyMDAwOTBFMDk1ODc4NDg3ODRFQzkwRTA5Nzg3ODY4NzgwRUNCRA0KOjEwMDUzMDAwOTBFMDkxOEI4MDhCODFFQzkwRTA5MzhCODI4QjgyRUNBRQ0KOjEwMDU0MDAwOTBFMDk1OEI4NDhCODZFQzkwRTA5NzhCODY4QjExOEU1OA0KOjEwMDU1MDAwMTI4RTEzOEUxNDhFRTBFRkYxRTAxMTgyMTA4MjEzODI1RQ0KOjEwMDU2MDAwMTI4MjE1ODIxNDgyNDBFMDUwRTA2OUU0NzFFMENGMDEwQw0KOjEwMDU3MDAwMEM5NEE1MDFDRjkzREY5M0NEQjdERUI3NjI5NzBGQjY4QQ0KOjEwMDU4MDAwRjg5NERFQkYwRkJFQ0RCRjc4OTQ4NEI1ODI2MDg0QkQ4MQ0KOjEwMDU5MDAwODRCNTgxNjA4NEJEODVCNTgyNjA4NUJEODVCNTgxNjA4Nw0KOjEwMDVBMDAwODVCRDgwOTE2RTAwODE2MDgwOTM2RTAwMTA5MjgxMDAwNQ0KOjEwMDVCMDAwODA5MTgxMDA4MjYwODA5MzgxMDA4MDkxODEwMDgxNjBDMA0KOjEwMDVDMDAwODA5MzgxMDA4MDkxODAwMDgxNjA4MDkzODAwMDgwOTE4MQ0KOjEwMDVEMDAwQjEwMDg0NjA4MDkzQjEwMDgwOTFCMDAwODE2MDgwOTMwRA0KOjEwMDVFMDAwQjAwMDgwOTE3QTAwODQ2MDgwOTM3QTAwODA5MTdBMDBENA0KOjEwMDVGMDAwODI2MDgwOTM3QTAwODA5MTdBMDA4MTYwODA5MzdBMDA5Mw0KOjEwMDYwMDAwODA5MTdBMDA4MDY4ODA5MzdBMDAxMDkyQzEwMEUwOTExNg0KOjEwMDYxMDAwNjMwMUYwOTE2NDAxODJFMDgwODNFMDkxNUYwMUYwOTFEOQ0KOjEwMDYyMDAwNjAwMTEwODJFMDkxNjEwMUYwOTE2MjAxOEZFQzgwODNBMg0KOjEwMDYzMDAwMTA5MjZCMDFFMDkxNjcwMUYwOTE2ODAxODZFMDgwODM4MA0KOjEwMDY0MDAwRTA5MTY1MDFGMDkxNjYwMTgwODE4MDYxODA4M0UwOTE5NQ0KOjEwMDY1MDAwNjUwMUYwOTE2NjAxODA4MTg4NjA4MDgzRTA5MTY1MDE4OQ0KOjEwMDY2MDAwRjA5MTY2MDE4MDgxODA2ODgwODNFMDkxNjUwMUYwOTE1RQ0KOjEwMDY3MDAwNjYwMTgwODE4RjdEODA4MzRDRTA1MEUwNjhFMTcxRTAwRA0KOjEwMDY4MDAwODBFRjkxRTAwRTk0QTUwMTFBODIxOTgyMUM4MjFCODJEMA0KOjEwMDY5MDAwMUU4MjFEODI2MEVGNzFFMENFMDEwMTk2MEU5NEM2MDFBQw0KOjEwMDZBMDAwMUU4NjFEODYxODhBMUY4NjFBOEExOThBNDFFMjUwRTAyMg0KOjEwMDZCMDAwNjVFMjcxRTBDRTAxMEQ5NjBFOTRBNTAxMTg4NjFGODJBOQ0KOjEwMDZDMDAwMUE4NjE5ODYxQzg2MUI4NkJFMDE2MzVGN0Y0RkNFMDE4QQ0KOjEwMDZEMDAwMDc5NjBFOTRDNjAxOEQ4MTlFODFFOTgwRkE4MDBCODU3NA0KOjEwMDZFMDAwMUM4NUUxMTRGMTA0MDlGNDQwQzAwMDk3QTFGMDA4MEY0Mw0KOjEwMDZGMDAwMTkxRkI4MDFDRTAxMDc5NjBFOTQ3RTAxODgyM0E5RjEzNw0KOjEwMDcwMDAwMkY4MTM4ODU4Qjg1OUM4NUI3MDE4MjBGOTMxRjBFOTRBRQ0KOjEwMDcxMDAwMDIwNjFDODcwQjg3QkUwMTY5NUY3RjRGODBFRjkxRTA2Nw0KOjEwMDcyMDAwMEU5NEM2MDE4RjgxOTg4NTBFOTQ5MjA0OEQ4NTlFODVDNg0KOjEwMDczMDAwMEU5NDkyMDQ4OTgxOUE4MTBFOTQ5MjA0NDA5MUY0MDE1RQ0KOjEwMDc0MDAwNTA5MUY1MDE2MDkxRjAwMTcwOTFGMTAxODNFNTkxRTAyNA0KOjEwMDc1MDAwMEU5NDYwMDA0MkUwNTBFMDY3RTQ3MUUwODNFNTkxRTBEMA0KOjEwMDc2MDAwMEU5NDYwMDAwRTk0NjAwMTg3Q0ZDRTAxMDc5NjBFOTQyMA0KOjEwMDc3MDAwNkEwMUQxQ0Y4MDkxRjAwMTkwOTFGMTAxMEM5NDkyMDQyMw0KOjEwMDc4MDAwMkY5MjNGOTI0RjkyNUY5MjZGOTI3RjkyOEY5MjlGOTJBMQ0KOjEwMDc5MDAwQUY5MkJGOTJDRjkyREY5MkVGOTJGRjkyMEY5MzFGOTM4Rg0KOjEwMDdBMDAwQ0Y5M0RGOTNDREI3REVCN0NBMUJEQjBCMEZCNkY4OTQ0MA0KOjEwMDdCMDAwREVCRjBGQkVDREJGMDk5NDJBODgzOTg4NDg4ODVGODQ4MA0KOjEwMDdDMDAwNkU4NDdEODQ4Qzg0OUI4NEFBODRCOTg0Qzg4NERGODBGMQ0KOjEwMDdEMDAwRUU4MEZEODAwQzgxMUI4MUFBODFCOTgxQ0UwRkQxMURENQ0KOjEwMDdFMDAwMEZCNkY4OTRERUJGMEZCRUNEQkZFRDAxMDg5NUVFMEYzQQ0KOjEwMDdGMDAwRkYxRjA1OTBGNDkxRTAyRDA5OTRDRjkzREY5MzgyMzA5MQ0KOjEwMDgwMDAwOTEwNTEwRjQ4MkUwOTBFMEUwOTFGODAxRjA5MUY5MDE5Nw0KOjEwMDgxMDAwMjBFMDMwRTBDMEUwRDBFMDMwOTcxMUYxNDA4MTUxODExQw0KOjEwMDgyMDAwNDgxNzU5MDdDMEYwNDgxNzU5MDc2MUY0ODI4MTkzODEyRQ0KOjEwMDgzMDAwMjA5NzE5RjA5QjgzOEE4MzJCQzA5MDkzRjkwMTgwOTNCMg0KOjEwMDg0MDAwRjgwMTI2QzAyMTE1MzEwNTE5RjA0MjE3NTMwNzE4RjQ5NQ0KOjEwMDg1MDAwOUEwMUJFMDFERjAxRUYwMTAyODBGMzgxRTAyRERDQ0ZDMA0KOjEwMDg2MDAwMjExNTMxMDUwOUYxMjgxQjM5MEIyNDMwMzEwNTkwRjQ4RA0KOjEwMDg3MDAwMTI5NjhEOTE5QzkxMTM5NzYxMTU3MTA1MjFGMEZCMDFFMg0KOjEwMDg4MDAwOTM4MzgyODMwNEMwOTA5M0Y5MDE4MDkzRjgwMUZEMDE2Mg0KOjEwMDg5MDAwMzI5NjQ0QzBGRDAxRTIwRkYzMUY4MTkzOTE5MzIyNTBFMQ0KOjEwMDhBMDAwMzEwOTJEOTMzQzkzM0FDMDIwOTFGNjAxMzA5MUY3MDEyNA0KOjEwMDhCMDAwMjMyQjQxRjQyMDkxMDIwMTMwOTEwMzAxMzA5M0Y3MDE4MQ0KOjEwMDhDMDAwMjA5M0Y2MDEyMDkxMDAwMTMwOTEwMTAxMjExNTMxMDU5RA0KOjEwMDhEMDAwNDFGNDJEQjczRUI3NDA5MTA0MDE1MDkxMDUwMTI0MUIwRQ0KOjEwMDhFMDAwMzUwQkUwOTFGNjAxRjA5MUY3MDFFMjE3RjMwN0EwRjQ2MA0KOjEwMDhGMDAwMkUxQjNGMEIyODE3MzkwNzc4RjBBQzAxNEU1RjVGNEY3Ng0KOjEwMDkwMDAwMjQxNzM1MDc0OEYwNEUwRjVGMUY1MDkzRjcwMTQwOTNBRg0KOjEwMDkxMDAwRjYwMTgxOTM5MTkzMDJDMEUwRTBGMEUwQ0YwMURGOTExNg0KOjEwMDkyMDAwQ0Y5MTA4OTUwRjkzMUY5M0NGOTNERjkzMDA5NzA5RjQwRQ0KOjEwMDkzMDAwOENDMEZDMDEzMjk3MTM4MjEyODIwMDkxRjgwMTEwOTE1MQ0KOjEwMDk0MDAwRjkwMTAxMTUxMTA1ODFGNDIwODEzMTgxODIwRjkzMUY3Ng0KOjEwMDk1MDAwMjA5MUY2MDEzMDkxRjcwMTI4MTczOTA3NzlGNUYwOTNDNg0KOjEwMDk2MDAwRjcwMUUwOTNGNjAxNzFDMEQ4MDE0MEUwNTBFMEFFMTcwNg0KOjEwMDk3MDAwQkYwNzUwRjQxMjk2MkQ5MTNDOTExMzk3QUQwMTIxMTVBQw0KOjEwMDk4MDAwMzEwNTA5RjFEOTAxRjNDRjlEMDFEQTAxMzM4MzIyODNDNw0KOjEwMDk5MDAwNjA4MTcxODE4NjBGOTcxRjgyMTc5MzA3NjlGNEVDMDFCQw0KOjEwMDlBMDAwMjg4MTM5ODEyNjBGMzcxRjJFNUYzRjRGMzE4MzIwODNFNw0KOjEwMDlCMDAwOEE4MTlCODE5MzgzODI4MzQ1MkIyOUY0RjA5M0Y5MDFFQg0KOjEwMDlDMDAwRTA5M0Y4MDE0MkMwMTM5NkZDOTNFRTkzMTI5N0VEMDE2OQ0KOjEwMDlEMDAwNDk5MTU5OTE5RTAxMjQwRjM1MUZFMjE3RjMwNzcxRjRENQ0KOjEwMDlFMDAwODA4MTkxODE4NDBGOTUxRjAyOTYxMTk2OUM5MzhFOTMxRQ0KOjEwMDlGMDAwODI4MTkzODExMzk2OUM5MzhFOTMxMjk3RTBFMEYwRTBBRQ0KOjEwMEEwMDAwRDgwMTEyOTY4RDkxOUM5MTEzOTcwMDk3MTlGMEY4MDFENw0KOjEwMEExMDAwOEMwMUY2Q0Y4RDkxOUM5MTk4MDEyRTVGM0Y0RjgyMEZGNA0KOjEwMEEyMDAwOTMxRjIwOTFGNjAxMzA5MUY3MDEyODE3MzkwNzY5RjRENw0KOjEwMEEzMDAwMzA5NzI5RjQxMDkyRjkwMTEwOTJGODAxMDJDMDEzODI0NA0KOjEwMEE0MDAwMTI4MjEwOTNGNzAxMDA5M0Y2MDFERjkxQ0Y5MTFGOTE2RA0KOjEwMEE1MDAwMEY5MTA4OTVBMEUwQjBFMEUwRTNGNUUwMEM5NEM0MDM0QQ0KOjEwMEE2MDAwRUMwMTAwOTcyMUY0Q0IwMTBFOTRGRDAzQjhDMEZDMDEwQQ0KOjEwMEE3MDAwRTYwRkY3MUY5QzAxMjI1MDMxMDlFMjE3RjMwNzA4RjQzMw0KOjEwMEE4MDAwQUNDMEQ5MDEwRDkxMUM5MTExOTcwNjE3MTcwN0IwRjA1Mg0KOjEwMEE5MDAwMDUzMDExMDUwOEY0OUZDMEM4MDEwNDk3ODYxNzk3MDcxMQ0KOjEwMEFBMDAwMDhGNDk5QzAwMjUwMTEwOTA2MUIxNzBCMDE5MzExOTMwQQ0KOjEwMEFCMDAwNkQ5MzdDOTNDRjAxMEU5NDkyMDQ4REMwNUIwMUEwMUFCQw0KOjEwMEFDMDAwQjEwQTRDMDE4MDBFOTExRUEwOTFGODAxQjA5MUY5MDE3Qw0KOjEwMEFEMDAwNDBFMDUwRTBFMTJDRjEyQzEwOTcwOUY0NEFDMEE4MTUzMQ0KOjEwMEFFMDAwQjkwNUQxRjU2RDkwN0M5MDExOTc2MzAxODJFMEM4MEUzNQ0KOjEwMEFGMDAwRDExQ0NBMTREQjA0ODBGMUEzMDE0QTE5NUIwOTZBMDEwNQ0KOjEwMEIwMDAwODJFMEM4MEVEMTFDMTI5NkJDOTAxMjk3MTM5NkFDOTEzRA0KOjEwMEIxMDAwQjVFMENCMTZEMTA0NDBGMEIyODJBMzgzNTE4MzQwODM2OQ0KOjEwMEIyMDAwRDkwMTZEOTM3QzkzMEFDMDBFNUYxRjRGQzMwMTgwMEZFNA0KOjEwMEIzMDAwOTExRkY5MDE5MTgzODA4M0VCMkRGQTJGRTExNEYxMDRDOQ0KOjEwMEI0MDAwMzFGMEQ3MDExMzk2RkM5M0VFOTMxMjk3NDRDMEYwOTNDMw0KOjEwMEI1MDAwRjkwMUUwOTNGODAxM0ZDMDhEOTE5QzkxMTE5NzQ4MTdERQ0KOjEwMEI2MDAwNTkwNzA4RjRBQzAxN0QwMTEyOTYwRDkwQkM5MUEwMkQ5Rg0KOjEwMEI3MDAwQjNDRjgwOTFGNjAxOTA5MUY3MDE4ODE1OTkwNUUxRjRDMg0KOjEwMEI4MDAwNDYxNzU3MDdDOEY0ODA5MTAwMDE5MDkxMDEwMTAwOTcyMg0KOjEwMEI5MDAwNDFGNDhEQjc5RUI3NDA5MTA0MDE1MDkxMDUwMTg0MUIyQg0KOjEwMEJBMDAwOTUwQkU4MTdGOTA3QzhGNEYwOTNGNzAxRTA5M0Y2MDEwNQ0KOjEwMEJCMDAwRjkwMTcxODM2MDgzMEZDMENCMDEwRTk0RkQwMzdDMDFBQQ0KOjEwMEJDMDAwMDA5NzU5RjBBODAxQkUwMTBFOTRGOTA1Q0UwMTBFOTRDQw0KOjEwMEJEMDAwOTIwNEM3MDEwNEMwQ0UwMTAyQzA4MEUwOTBFMENEQjcwRQ0KOjEwMEJFMDAwREVCN0VFRTAwQzk0RTAwMzgxRTA5MEUwRjg5NDBDOTQyMg0KOjEwMEJGMDAwMDkwNkZCMDFEQzAxMDJDMDAxOTAwRDkyNDE1MDUwNDBGQQ0KOjEwMEMwMDAwRDhGNzA4OTVGQjAxREMwMTAxOTAwRDkyMDAyMEUxRjc3Nw0KOjEwMEMxMDAwMDg5NTEwRTBDNUUzRDBFMDA0QzBGRTAxMEU5NEY3MDM5MA0KOjBDMEMyMDAwMjE5NkM2MzNEMTA3QzlGN0Y4OTRGRkNGMjYNCjoxMDBDMkMwMDAwMDBGQTAxODAwMDAwMDAwMDAwRjcwMDYwMDA4RjAwNTcNCjoxMDBDM0MwMDNFMDFDMDAwOUUwMEIyMDA0OTIwNjQ2RjZFNzQyMDZCQjANCjoxMDBDNEMwMDZFNkY3NzIxMDA0RDc5MjA3NDY4NzI2Rjc1Njc2ODczQzkNCjoxMDBDNUMwMDIwNkY2RTIwNzc2ODYxNzQyMDY5NzMyMDczNzA2MTYzRjQNCjowQTBDNkMwMDY1MjA2OTczM0EyMDAwMEQwQTAwQUMNCjowMDAwMDAwMUZGDQo=	Sketch uses 3190 bytes (9%) of program storage space. Maximum is 32256 bytes.\nGlobal variables use 250 bytes (12%) of dynamic memory, leaving 1798 bytes for local variables. Maximum is 2048 bytes.\n		arduino:avr:uno	String item;\n\nvoid setup() {\n  Serial.begin(9600);\n}\n\nvoid loop() {\n  // What is Space?\n  // Enter your throughs below.\n  item = "I dont know!";\n\n  item = String("My throughs on what is space is: ") + String(item);\n  Serial.println(item);\n\n}	t	\N	\N	12	2021-08-01 19:11:54.869+00	2021-08-01 19:11:56.155+00	\N	\N
370	COMPLETED	<xml xmlns="http://www.w3.org/1999/xhtml"><block type="io_digitalwrite" id="oS{Glkr[})__UeBy8,A3" x="101" y="74"><field name="PIN">0</field><value name="STATE"><block type="io_highlow" id="lMgWf`Mx6|@.:1RDS``="><field name="STATE">HIGH</field></block></value><next><block type="time_delay" id="iVkbm?WIE?R0`F(l.x!`"><value name="DELAY_TIME_MILI"><block type="math_number" id="iYllgOCGYULC34H|)477"><field name="NUM">1000</field></block></value><next><block type="io_digitalwrite" id="I0h]p)%8mp)IFQuKLP,z"><field name="PIN">0</field><value name="STATE"><block type="io_highlow" id="V@QbeF7MDQ@`3?ooUd|S"><field name="STATE">HIGH</field></block></value><next><block type="time_delay" id="p;8XF%^t27|~(5z:Z%K!"><value name="DELAY_TIME_MILI"><block type="math_number" id="ZoB_BlJdoEu*AiH0lDC:"><field name="NUM">1000</field></block></value></block></next></block></next></block></next></block></xml>	t	OjEwMDAwMDAwMEM5NDVDMDAwQzk0NkUwMDBDOTQ2RTAwMEM5NDZFMDBDQQ0KOjEwMDAxMDAwMEM5NDZFMDAwQzk0NkUwMDBDOTQ2RTAwMEM5NDZFMDBBOA0KOjEwMDAyMDAwMEM5NDZFMDAwQzk0NkUwMDBDOTQ2RTAwMEM5NDZFMDA5OA0KOjEwMDAzMDAwMEM5NDZFMDAwQzk0NkUwMDBDOTQ2RTAwMEM5NDZFMDA4OA0KOjEwMDA0MDAwMEM5NDBGMDEwQzk0NkUwMDBDOTQ2RTAwMEM5NDZFMDBENg0KOjEwMDA1MDAwMEM5NDZFMDAwQzk0NkUwMDBDOTQ2RTAwMEM5NDZFMDA2OA0KOjEwMDA2MDAwMEM5NDZFMDAwQzk0NkUwMDAwMDAwMDAwMjQwMDI3MDAyOQ0KOjEwMDA3MDAwMkEwMDAwMDAwMDAwMjUwMDI4MDAyQjAwMDQwNDA0MDRDRQ0KOjEwMDA4MDAwMDQwNDA0MDQwMjAyMDIwMjAyMDIwMzAzMDMwMzAzMDM0Mg0KOjEwMDA5MDAwMDEwMjA0MDgxMDIwNDA4MDAxMDIwNDA4MTAyMDAxMDIxRg0KOjEwMDBBMDAwMDQwODEwMjAwMDAwMDAwODAwMDIwMTAwMDAwMzA0MDdGQg0KOjEwMDBCMDAwMDAwMDAwMDAwMDAwMDAwMDExMjQxRkJFQ0ZFRkQ4RTBCOA0KOjEwMDBDMDAwREVCRkNEQkYyMUUwQTBFMEIxRTAwMUMwMUQ5MkE5MzBBQw0KOjEwMDBEMDAwQjIwN0UxRjcwRTk0NTkwMTBDOTRDNjAxMEM5NDAwMDA4Qw0KOjEwMDBFMDAwRTRFQUYwRTA4NDkxRTBFOUYwRTA5NDkxRUNFN0YwRTBGQw0KOjEwMDBGMDAwRTQ5MUVFMjNCMUYxODgyMzM5RjE4MzMwOTFGMDM4RjRBMw0KOjEwMDEwMDAwODEzMEE5RjA4MjMwMDFGNTg0QjU4RjdEMTJDMDg3MzAyRg0KOjEwMDExMDAwOTFGMDg4MzBBMUYwODQzMEI5RjQ4MDkxODAwMDhGN0QxNw0KOjEwMDEyMDAwMDNDMDgwOTE4MDAwOEY3NzgwOTM4MDAwMERDMDg0QjVEQw0KOjEwMDEzMDAwOEY3Nzg0QkQwOUMwODA5MUIwMDA4Rjc3MDNDMDgwOTExNA0KOjEwMDE0MDAwQjAwMDhGN0Q4MDkzQjAwMEYwRTBFRTBGRkYxRkVFNThGRg0KOjEwMDE1MDAwRkY0RkE1OTFCNDkxOEZCN0Y4OTRFQzkxOUUyQjlDOTM4Rg0KOjEwMDE2MDAwOEZCRjA4OTUzRkI3Rjg5NDgwOTEwNTAxOTA5MTA2MDFFMw0KOjEwMDE3MDAwQTA5MTA3MDFCMDkxMDgwMTI2QjVBODlCMDVDMDJGM0ZBQg0KOjEwMDE4MDAwMTlGMDAxOTZBMTFEQjExRDNGQkZCQTJGQTkyRjk4MkZCRA0KOjEwMDE5MDAwODgyNzgyMEY5MTFEQTExREIxMURCQzAxQ0QwMTQyRTAzOA0KOjEwMDFBMDAwNjYwRjc3MUY4ODFGOTkxRjRBOTVEMUY3MDg5NThGOTI4MA0KOjEwMDFCMDAwOUY5MkFGOTJCRjkyQ0Y5MkRGOTJFRjkyRkY5MjBFOTRGNg0KOjEwMDFDMDAwQjIwMDRCMDE1QzAxODhFRUM4MkU4M0UwRDgyRUUxMkNGMg0KOjEwMDFEMDAwRjEyQzBFOTRCMjAwREMwMUNCMDE4ODE5OTkwOUFBMDkwRg0KOjEwMDFFMDAwQkIwOTg4M0U5MzQwQTEwNUIxMDU1OEYwMjFFMEMyMUEzMQ0KOjEwMDFGMDAwRDEwOEUxMDhGMTA4ODhFRTg4MEU4M0UwOTgxRUExMUM2Mg0KOjEwMDIwMDAwQjExQ0MxMTREMTA0RTEwNEYxMDQxOUY3RkY5MEVGOTA3Rg0KOjEwMDIxMDAwREY5MENGOTBCRjkwQUY5MDlGOTA4RjkwMDg5NTFGOTJFNg0KOjEwMDIyMDAwMEY5MjBGQjYwRjkyMTEyNDJGOTMzRjkzOEY5MzlGOTNBQQ0KOjEwMDIzMDAwQUY5M0JGOTM4MDkxMDEwMTkwOTEwMjAxQTA5MTAzMDFCRQ0KOjEwMDI0MDAwQjA5MTA0MDEzMDkxMDAwMTIzRTAyMzBGMkQzNzIwRjRGOQ0KOjEwMDI1MDAwMDE5NkExMURCMTFEMDVDMDI2RTgyMzBGMDI5NkExMUQyMA0KOjEwMDI2MDAwQjExRDIwOTMwMDAxODA5MzAxMDE5MDkzMDIwMUEwOTM5RQ0KOjEwMDI3MDAwMDMwMUIwOTMwNDAxODA5MTA1MDE5MDkxMDYwMUEwOTFDMg0KOjEwMDI4MDAwMDcwMUIwOTEwODAxMDE5NkExMURCMTFEODA5MzA1MDFFMA0KOjEwMDI5MDAwOTA5MzA2MDFBMDkzMDcwMUIwOTMwODAxQkY5MUFGOTExRA0KOjEwMDJBMDAwOUY5MThGOTEzRjkxMkY5MTBGOTAwRkJFMEY5MDFGOTBCNA0KOjEwMDJCMDAwMTg5NTc4OTQ4NEI1ODI2MDg0QkQ4NEI1ODE2MDg0QkRDRQ0KOjEwMDJDMDAwODVCNTgyNjA4NUJEODVCNTgxNjA4NUJEODA5MTZFMDBGNA0KOjEwMDJEMDAwODE2MDgwOTM2RTAwMTA5MjgxMDA4MDkxODEwMDgyNjAyNQ0KOjEwMDJFMDAwODA5MzgxMDA4MDkxODEwMDgxNjA4MDkzODEwMDgwOTE2Mg0KOjEwMDJGMDAwODAwMDgxNjA4MDkzODAwMDgwOTFCMTAwODQ2MDgwOTM1MQ0KOjEwMDMwMDAwQjEwMDgwOTFCMDAwODE2MDgwOTNCMDAwODA5MTdBMDA0Qw0KOjEwMDMxMDAwODQ2MDgwOTM3QTAwODA5MTdBMDA4MjYwODA5MzdBMDA3Mg0KOjEwMDMyMDAwODA5MTdBMDA4MTYwODA5MzdBMDA4MDkxN0EwMDgwNjg2MQ0KOjEwMDMzMDAwODA5MzdBMDAxMDkyQzEwMEUwRTlGMEUwMjQ5MUVDRTdBQw0KOjEwMDM0MDAwRjBFMDg0OTE4ODIzOTlGMDkwRTA4ODBGOTkxRkZDMDFEOA0KOjEwMDM1MDAwRTg1OUZGNEZBNTkxQjQ5MUZDMDFFRTU4RkY0Rjg1OTFFQw0KOjEwMDM2MDAwOTQ5MThGQjdGODk0RUM5MUUyMkJFQzkzOEZCRkMwRTA5Rg0KOjEwMDM3MDAwRDBFMDBFOTQ3MDAwMEU5NEQ3MDAwRTk0NzAwMDBFOTQ4RQ0KOjEwMDM4MDAwRDcwMDIwOTdCMUYzMEU5NDAwMDBGM0NGRjg5NEZGQ0Y3RA0KOjAwMDAwMDAxRkYNCg==	Sketch uses 912 bytes (2%) of program storage space. Maximum is 32256 bytes.\nGlobal variables use 9 bytes (0%) of dynamic memory, leaving 2039 bytes for local variables. Maximum is 2048 bytes.\n		arduino:avr:uno	void setup() {\n  pinMode(0, OUTPUT);\n}\n\nvoid loop() {\n  digitalWrite(0, HIGH);\n  delay(1000);\n  digitalWrite(0, HIGH);\n  delay(1000);\n\n}	f	1691	879	7	2021-08-01 19:00:39.107+00	2022-02-15 20:06:21.375+00	\N	\N
371	COMPLETED	<xml xmlns="http://www.w3.org/1999/xhtml"><block type="io_digitalwrite" id="oS{Glkr[})__UeBy8,A3" x="101" y="74"><field name="PIN">0</field><value name="STATE"><block type="io_highlow" id="lMgWf`Mx6|@.:1RDS``="><field name="STATE">HIGH</field></block></value><next><block type="time_delay" id="iVkbm?WIE?R0`F(l.x!`"><value name="DELAY_TIME_MILI"><block type="math_number" id="iYllgOCGYULC34H|)477"><field name="NUM">1000</field></block></value><next><block type="io_digitalwrite" id="I0h]p)%8mp)IFQuKLP,z"><field name="PIN">0</field><value name="STATE"><block type="io_highlow" id="V@QbeF7MDQ@`3?ooUd|S"><field name="STATE">HIGH</field></block></value><next><block type="time_delay" id="p;8XF%^t27|~(5z:Z%K!"><value name="DELAY_TIME_MILI"><block type="math_number" id="ZoB_BlJdoEu*AiH0lDC:"><field name="NUM">1000</field></block></value></block></next></block></next></block></next></block></xml>	t	OjEwMDAwMDAwMEM5NDVDMDAwQzk0NkUwMDBDOTQ2RTAwMEM5NDZFMDBDQQ0KOjEwMDAxMDAwMEM5NDZFMDAwQzk0NkUwMDBDOTQ2RTAwMEM5NDZFMDBBOA0KOjEwMDAyMDAwMEM5NDZFMDAwQzk0NkUwMDBDOTQ2RTAwMEM5NDZFMDA5OA0KOjEwMDAzMDAwMEM5NDZFMDAwQzk0NkUwMDBDOTQ2RTAwMEM5NDZFMDA4OA0KOjEwMDA0MDAwMEM5NDBGMDEwQzk0NkUwMDBDOTQ2RTAwMEM5NDZFMDBENg0KOjEwMDA1MDAwMEM5NDZFMDAwQzk0NkUwMDBDOTQ2RTAwMEM5NDZFMDA2OA0KOjEwMDA2MDAwMEM5NDZFMDAwQzk0NkUwMDAwMDAwMDAwMjQwMDI3MDAyOQ0KOjEwMDA3MDAwMkEwMDAwMDAwMDAwMjUwMDI4MDAyQjAwMDQwNDA0MDRDRQ0KOjEwMDA4MDAwMDQwNDA0MDQwMjAyMDIwMjAyMDIwMzAzMDMwMzAzMDM0Mg0KOjEwMDA5MDAwMDEwMjA0MDgxMDIwNDA4MDAxMDIwNDA4MTAyMDAxMDIxRg0KOjEwMDBBMDAwMDQwODEwMjAwMDAwMDAwODAwMDIwMTAwMDAwMzA0MDdGQg0KOjEwMDBCMDAwMDAwMDAwMDAwMDAwMDAwMDExMjQxRkJFQ0ZFRkQ4RTBCOA0KOjEwMDBDMDAwREVCRkNEQkYyMUUwQTBFMEIxRTAwMUMwMUQ5MkE5MzBBQw0KOjEwMDBEMDAwQjIwN0UxRjcwRTk0NTkwMTBDOTRDNjAxMEM5NDAwMDA4Qw0KOjEwMDBFMDAwRTRFQUYwRTA4NDkxRTBFOUYwRTA5NDkxRUNFN0YwRTBGQw0KOjEwMDBGMDAwRTQ5MUVFMjNCMUYxODgyMzM5RjE4MzMwOTFGMDM4RjRBMw0KOjEwMDEwMDAwODEzMEE5RjA4MjMwMDFGNTg0QjU4RjdEMTJDMDg3MzAyRg0KOjEwMDExMDAwOTFGMDg4MzBBMUYwODQzMEI5RjQ4MDkxODAwMDhGN0QxNw0KOjEwMDEyMDAwMDNDMDgwOTE4MDAwOEY3NzgwOTM4MDAwMERDMDg0QjVEQw0KOjEwMDEzMDAwOEY3Nzg0QkQwOUMwODA5MUIwMDA4Rjc3MDNDMDgwOTExNA0KOjEwMDE0MDAwQjAwMDhGN0Q4MDkzQjAwMEYwRTBFRTBGRkYxRkVFNThGRg0KOjEwMDE1MDAwRkY0RkE1OTFCNDkxOEZCN0Y4OTRFQzkxOUUyQjlDOTM4Rg0KOjEwMDE2MDAwOEZCRjA4OTUzRkI3Rjg5NDgwOTEwNTAxOTA5MTA2MDFFMw0KOjEwMDE3MDAwQTA5MTA3MDFCMDkxMDgwMTI2QjVBODlCMDVDMDJGM0ZBQg0KOjEwMDE4MDAwMTlGMDAxOTZBMTFEQjExRDNGQkZCQTJGQTkyRjk4MkZCRA0KOjEwMDE5MDAwODgyNzgyMEY5MTFEQTExREIxMURCQzAxQ0QwMTQyRTAzOA0KOjEwMDFBMDAwNjYwRjc3MUY4ODFGOTkxRjRBOTVEMUY3MDg5NThGOTI4MA0KOjEwMDFCMDAwOUY5MkFGOTJCRjkyQ0Y5MkRGOTJFRjkyRkY5MjBFOTRGNg0KOjEwMDFDMDAwQjIwMDRCMDE1QzAxODhFRUM4MkU4M0UwRDgyRUUxMkNGMg0KOjEwMDFEMDAwRjEyQzBFOTRCMjAwREMwMUNCMDE4ODE5OTkwOUFBMDkwRg0KOjEwMDFFMDAwQkIwOTg4M0U5MzQwQTEwNUIxMDU1OEYwMjFFMEMyMUEzMQ0KOjEwMDFGMDAwRDEwOEUxMDhGMTA4ODhFRTg4MEU4M0UwOTgxRUExMUM2Mg0KOjEwMDIwMDAwQjExQ0MxMTREMTA0RTEwNEYxMDQxOUY3RkY5MEVGOTA3Rg0KOjEwMDIxMDAwREY5MENGOTBCRjkwQUY5MDlGOTA4RjkwMDg5NTFGOTJFNg0KOjEwMDIyMDAwMEY5MjBGQjYwRjkyMTEyNDJGOTMzRjkzOEY5MzlGOTNBQQ0KOjEwMDIzMDAwQUY5M0JGOTM4MDkxMDEwMTkwOTEwMjAxQTA5MTAzMDFCRQ0KOjEwMDI0MDAwQjA5MTA0MDEzMDkxMDAwMTIzRTAyMzBGMkQzNzIwRjRGOQ0KOjEwMDI1MDAwMDE5NkExMURCMTFEMDVDMDI2RTgyMzBGMDI5NkExMUQyMA0KOjEwMDI2MDAwQjExRDIwOTMwMDAxODA5MzAxMDE5MDkzMDIwMUEwOTM5RQ0KOjEwMDI3MDAwMDMwMUIwOTMwNDAxODA5MTA1MDE5MDkxMDYwMUEwOTFDMg0KOjEwMDI4MDAwMDcwMUIwOTEwODAxMDE5NkExMURCMTFEODA5MzA1MDFFMA0KOjEwMDI5MDAwOTA5MzA2MDFBMDkzMDcwMUIwOTMwODAxQkY5MUFGOTExRA0KOjEwMDJBMDAwOUY5MThGOTEzRjkxMkY5MTBGOTAwRkJFMEY5MDFGOTBCNA0KOjEwMDJCMDAwMTg5NTc4OTQ4NEI1ODI2MDg0QkQ4NEI1ODE2MDg0QkRDRQ0KOjEwMDJDMDAwODVCNTgyNjA4NUJEODVCNTgxNjA4NUJEODA5MTZFMDBGNA0KOjEwMDJEMDAwODE2MDgwOTM2RTAwMTA5MjgxMDA4MDkxODEwMDgyNjAyNQ0KOjEwMDJFMDAwODA5MzgxMDA4MDkxODEwMDgxNjA4MDkzODEwMDgwOTE2Mg0KOjEwMDJGMDAwODAwMDgxNjA4MDkzODAwMDgwOTFCMTAwODQ2MDgwOTM1MQ0KOjEwMDMwMDAwQjEwMDgwOTFCMDAwODE2MDgwOTNCMDAwODA5MTdBMDA0Qw0KOjEwMDMxMDAwODQ2MDgwOTM3QTAwODA5MTdBMDA4MjYwODA5MzdBMDA3Mg0KOjEwMDMyMDAwODA5MTdBMDA4MTYwODA5MzdBMDA4MDkxN0EwMDgwNjg2MQ0KOjEwMDMzMDAwODA5MzdBMDAxMDkyQzEwMEUwRTlGMEUwMjQ5MUVDRTdBQw0KOjEwMDM0MDAwRjBFMDg0OTE4ODIzOTlGMDkwRTA4ODBGOTkxRkZDMDFEOA0KOjEwMDM1MDAwRTg1OUZGNEZBNTkxQjQ5MUZDMDFFRTU4RkY0Rjg1OTFFQw0KOjEwMDM2MDAwOTQ5MThGQjdGODk0RUM5MUUyMkJFQzkzOEZCRkMwRTA5Rg0KOjEwMDM3MDAwRDBFMDBFOTQ3MDAwMEU5NEQ3MDAwRTk0NzAwMDBFOTQ4RQ0KOjEwMDM4MDAwRDcwMDIwOTdCMUYzMEU5NDAwMDBGM0NGRjg5NEZGQ0Y3RA0KOjAwMDAwMDAxRkYNCg==	Sketch uses 912 bytes (2%) of program storage space. Maximum is 32256 bytes.\nGlobal variables use 9 bytes (0%) of dynamic memory, leaving 2039 bytes for local variables. Maximum is 2048 bytes.\n		arduino:avr:uno	void setup() {\n  pinMode(0, OUTPUT);\n}\n\nvoid loop() {\n  digitalWrite(0, HIGH);\n  delay(1000);\n  digitalWrite(0, HIGH);\n  delay(1000);\n\n}	f	1692	879	8	2021-08-01 19:02:43.973+00	2022-02-15 20:06:51.835+00	\N	\N
376	COMPLETED	<xml xmlns="http://www.w3.org/1999/xhtml"><block type="serial_setup" id="==lnHTRR]JGkBK?G3AOP" x="64" y="15"><field name="SERIAL_ID">Serial</field><field name="SPEED">9600</field></block><block type="insert_comment" id="Yn*{ZymirKA)ae4R-C|q" x="79" y="132"><mutation items="2"></mutation><value name="ADD0"><block type="text" id="nK#9fq^CVa7I:/I];zX}"><field name="TEXT">What is Space?</field></block></value><value name="ADD1"><block type="text" id="gvGrrT/;`h66)oPZKH0("><field name="TEXT">Enter your throughs below.</field></block></value><next><block type="variables_set" id="O^st-FW@P,/J!,[woEF8"><field name="VAR">item</field><value name="VALUE"><block type="text" id="KWtg/,-sRF{Y(}-fkOy/"><field name="TEXT"></field></block></value></block></next></block><block type="variables_set" id="x^3q5KAF|SM|nVOcyO!@" x="78" y="273"><field name="VAR">item</field><value name="VALUE"><block type="text_join" id="_/F=KUmsq[._y!8?Z2y#"><mutation items="2"></mutation><value name="ADD0"><block type="text" id="2qowzW*6d5zEA|7HR9Se"><field name="TEXT">My throughs on what is space is: </field></block></value><value name="ADD1"><block type="variables_get" id="Cul[O**vp@y44)5+LaF6"><field name="VAR">item</field></block></value></block></value><next><block type="serial_print" id="fZavHX^s_]jLT*E}x4.4"><field name="SERIAL_ID">Serial</field><field name="NEW_LINE">TRUE</field><value name="CONTENT"><block type="variables_get" id="pv+J1zT/e6QB1bWi}_KD"><field name="VAR">item</field></block></value></block></next></block></xml>	t	OjEwMDAwMDAwMEM5NDM2MDAwQzk0NUUwMDBDOTQ1RTAwMEM5NDVFMDAyMA0KOjEwMDAxMDAwMEM5NDVFMDAwQzk0NUUwMDBDOTQ1RTAwMEM5NDVFMDBFOA0KOjEwMDAyMDAwMEM5NDVFMDAwQzk0NUUwMDBDOTQ1RTAwMEM5NDVFMDBEOA0KOjEwMDAzMDAwMEM5NDVFMDAwQzk0NUUwMDBDOTQ1RTAwMEM5NDVFMDBDOA0KOjEwMDA0MDAwMEM5NEREMDEwQzk0NUUwMDBDOTQ0RDAyMEM5NDI3MDI3Qw0KOjEwMDA1MDAwMEM5NDVFMDAwQzk0NUUwMDBDOTQ1RTAwMEM5NDVFMDBBOA0KOjEwMDA2MDAwMEM5NDVFMDAwQzk0NUUwMDdGMDJCQTAzMTEyNDFGQkU0NA0KOjEwMDA3MDAwQ0ZFRkQ4RTBERUJGQ0RCRjIxRTBBRUUzQjFFMDAxQzBGRA0KOjEwMDA4MDAwMUQ5MkFFM0VCMjA3RTFGNzExRTBBMEUwQjFFMEVDRTI3NA0KOjEwMDA5MDAwRkNFMDAyQzAwNTkwMEQ5MkFFMzNCMTA3RDlGNzEwRTAzNQ0KOjEwMDBBMDAwQzVFM0QwRTAwNEMwMjE5N0ZFMDEwRTk0RjcwM0M0MzNFQQ0KOjEwMDBCMDAwRDEwN0M5RjcwRTk0QkEwMjBDOTQwOTA2MEM5NDAwMDBGQg0KOjEwMDBDMDAwQ0Y5MkRGOTJFRjkyRkY5MjBGOTMxRjkzQ0Y5M0RGOTMyNA0KOjEwMDBEMDAwNkMwMTdBMDE4QjAxQzBFMEQwRTBDRTE1REYwNTg5RjAxQw0KOjEwMDBFMDAwRDgwMTZEOTE4RDAxRDYwMUVEOTFGQzkxMDE5MEYwODFDNw0KOjEwMDBGMDAwRTAyREM2MDEwOTk1ODkyQjExRjQ3RTAxMDJDMDIxOTZERA0KOjEwMDEwMDAwRUNDRkM3MDFERjkxQ0Y5MTFGOTEwRjkxRkY5MEVGOTAzRQ0KOjEwMDExMDAwREY5MENGOTAwODk1MDg5NTgwRTA5MEUwMDg5NUZDMDE2RA0KOjEwMDEyMDAwNTM4RDQ0OEQyNTJGMzBFMDg0MkY5MEUwODIxQjkzMEI1Qw0KOjEwMDEzMDAwNTQxNzEwRjBDRjk2MDg5NTAxOTcwODk1RkMwMTkxOEQwMg0KOjEwMDE0MDAwODI4RDk4MTc2MUYwODI4RERGMDFBODBGQjExRDVEOTYzOQ0KOjEwMDE1MDAwOEM5MTkyOEQ5RjVGOUY3MzkyOEY5MEUwMDg5NThGRUZBNw0KOjEwMDE2MDAwOUZFRjA4OTVGQzAxOTE4RDgyOEQ5ODE3MzFGMDgyOEQ1Qg0KOjEwMDE3MDAwRTgwRkYxMUQ4NThEOTBFMDA4OTU4RkVGOUZFRjA4OTVCMg0KOjEwMDE4MDAwRkMwMTkxOEQyMjhEODkyRjkwRTA4MDVDOUY0RjgyMUIxNg0KOjEwMDE5MDAwOTEwOThGNzM5OTI3MDg5NTg3RTQ5MUUwMEU5NEMwMDAyOA0KOjEwMDFBMDAwMjFFMDg5MkIwOUY0MjBFMDgyMkYwODk1RkMwMTg0OEQ0MQ0KOjEwMDFCMDAwREYwMUE4MEZCMTFEQTM1QUJGNEYyQzkxODQ4RDkwRTA5MQ0KOjEwMDFDMDAwMDE5NjhGNzM5OTI3ODQ4RkE2ODlCNzg5MkM5M0EwODk2Qw0KOjEwMDFEMDAwQjE4OThDOTE4MDY0OEM5MzkzOEQ4NDhEOTgxMzA2QzAyMw0KOjEwMDFFMDAwMDI4OEYzODlFMDJEODA4MThGN0Q4MDgzMDg5NUVGOTJDRQ0KOjEwMDFGMDAwRkY5MjBGOTMxRjkzQ0Y5M0RGOTNFQzAxODFFMDg4OEZFMQ0KOjEwMDIwMDAwOUI4RDhDOEQ5ODEzMDVDMEU4ODlGOTg5ODA4MTg1RkRDNw0KOjEwMDIxMDAwMjRDMEY2MkUwQjhEMTBFMDBGNUYxRjRGMEY3MzExMjdCOA0KOjEwMDIyMDAwRTAyRThDOERFODEyMENDMDBGQjYwN0ZDRkFDRkU4ODlERg0KOjEwMDIzMDAwRjk4OTgwODE4NUZGRjVDRkNFMDEwRTk0RDYwMEYxQ0ZFQw0KOjEwMDI0MDAwOEI4REZFMDFFODBGRjExREUzNUFGRjRGRjA4MjBCOEZGQg0KOjEwMDI1MDAwRUE4OUZCODk4MDgxODA2MjA3QzBFRTg5RkY4OTYwODMxQg0KOjEwMDI2MDAwRTg4OUY5ODk4MDgxODA2NDgwODM4MUUwOTBFMERGOTE3Mg0KOjEwMDI3MDAwQ0Y5MTFGOTEwRjkxRkY5MEVGOTAwODk1Q0Y5M0RGOTM0Rg0KOjEwMDI4MDAwRUMwMTg4OEQ4ODIzQzlGMEVBODlGQjg5ODA4MTg1RkQ4RQ0KOjEwMDI5MDAwMDVDMEE4ODlCOTg5OEM5MTg2RkQwRkMwMEZCNjA3RkNFRg0KOjEwMDJBMDAwRjVDRjgwODE4NUZGRjJDRkE4ODlCOTg5OEM5MTg1RkYzMA0KOjEwMDJCMDAwRURDRkNFMDEwRTk0RDYwMEU3Q0ZERjkxQ0Y5MTA4OTUxOA0KOjEwMDJDMDAwODBFMDkwRTA4OTJCMjlGMDBFOTRDQzAwODExMTBDOTRGMQ0KOjEwMDJEMDAwMDAwMDA4OTVDRjkzREY5M0VDMDE4ODgxOTk4MTAwOTcwNg0KOjEwMDJFMDAwMTFGMDBFOTQ5MjA0MTk4MjE4ODIxRDgyMUM4MjFCODJDNg0KOjEwMDJGMDAwMUE4MkRGOTFDRjkxMDg5NTBFOTRGNDA1MEY5MzFGOTMwNg0KOjEwMDMwMDAwQ0Y5M0RGOTNFQzAxODg4MTk5ODEwMDk3MjlGMDJBODFBRQ0KOjEwMDMxMDAwM0I4MTI2MTczNzA3ODhGNDhCMDE2RjVGN0Y0RjBFOTQ2MA0KOjEwMDMyMDAwMkEwNTAwOTc2MUYwOTk4Mzg4ODMxQjgzMEE4MzJDODFCNw0KOjEwMDMzMDAwM0Q4MTIzMkIxMUY0RkMwMTEwODI4MUUwMDFDMDgwRTA5Qg0KOjEwMDM0MDAwREY5MUNGOTExRjkxMEY5MTA4OTVFRjkyRkY5MjBGOTMzQw0KOjEwMDM1MDAwMUY5M0NGOTNERjkzRUMwMTdCMDE4QTAxQkEwMTBFOTRDNg0KOjEwMDM2MDAwN0UwMTgxMTEwNEMwQ0UwMTBFOTQ2QTAxMDdDMDFEODM3NQ0KOjEwMDM3MDAwMEM4M0I3MDE4ODgxOTk4MTBFOTQwMjA2Q0UwMURGOTEyQQ0KOjEwMDM4MDAwQ0Y5MTFGOTEwRjkxRkY5MEVGOTAwODk1Q0Y5M0RGOTMzRQ0KOjEwMDM5MDAwRUMwMUZCMDE4NjE3OTcwNzYxRjA2MDgxNzE4MTYxMTU5Rg0KOjEwMDNBMDAwNzEwNTI5RjA0NDgxNTU4MTBFOTRBNTAxMDJDMDBFOTQ3Nw0KOjEwMDNCMDAwNkEwMUNFMDFERjkxQ0Y5MTA4OTUxRjkyMEY5MjBGQjY3Rg0KOjEwMDNDMDAwMEY5MjExMjQyRjkzM0Y5MzhGOTM5RjkzQUY5M0JGOTNEQg0KOjEwMDNEMDAwODA5MTQzMDE5MDkxNDQwMUEwOTE0NTAxQjA5MTQ2MDE2Mw0KOjEwMDNFMDAwMzA5MTQyMDEyM0UwMjMwRjJEMzcyMEY0MDE5NkExMUQwNw0KOjEwMDNGMDAwQjExRDA1QzAyNkU4MjMwRjAyOTZBMTFEQjExRDIwOTM1Mw0KOjEwMDQwMDAwNDIwMTgwOTM0MzAxOTA5MzQ0MDFBMDkzNDUwMUIwOTMyRQ0KOjEwMDQxMDAwNDYwMTgwOTEzRTAxOTA5MTNGMDFBMDkxNDAwMUIwOTEzMQ0KOjEwMDQyMDAwNDEwMTAxOTZBMTFEQjExRDgwOTMzRTAxOTA5MzNGMDFCMg0KOjEwMDQzMDAwQTA5MzQwMDFCMDkzNDEwMUJGOTFBRjkxOUY5MThGOTFFMw0KOjEwMDQ0MDAwM0Y5MTJGOTEwRjkwMEZCRTBGOTAxRjkwMTg5NTFGOTIwNA0KOjEwMDQ1MDAwMEY5MjBGQjYwRjkyMTEyNDJGOTMzRjkzNEY5MzVGOTNGOA0KOjEwMDQ2MDAwNkY5MzdGOTM4RjkzOUY5M0FGOTNCRjkzRUY5M0ZGOTM3Qw0KOjEwMDQ3MDAwODdFNDkxRTAwRTk0RDYwMEZGOTFFRjkxQkY5MUFGOTE4OA0KOjEwMDQ4MDAwOUY5MThGOTE3RjkxNkY5MTVGOTE0RjkxM0Y5MTJGOTFBQw0KOjEwMDQ5MDAwMEY5MDBGQkUwRjkwMUY5MDE4OTUxRjkyMEY5MjBGQjZERQ0KOjEwMDRBMDAwMEY5MjExMjQyRjkzOEY5MzlGOTNFRjkzRkY5M0UwOTFEQg0KOjEwMDRCMDAwNTcwMUYwOTE1ODAxODA4MUUwOTE1RDAxRjA5MTVFMDE1QQ0KOjEwMDRDMDAwODJGRDEyQzA5MDgxODA5MTYwMDE4RjVGOEY3MzIwOTFCNw0KOjEwMDREMDAwNjEwMTgyMTc1MUYwRTA5MTYwMDFGMEUwRTk1QkZFNEZBRA0KOjEwMDRFMDAwOTU4RjgwOTM2MDAxMDFDMDgwODFGRjkxRUY5MTlGOTE3Mg0KOjEwMDRGMDAwOEY5MTJGOTEwRjkwMEZCRTBGOTAxRjkwMTg5NUU3RTRFQQ0KOjEwMDUwMDAwRjFFMDEzODIxMjgyODhFRTkzRTBBMEUwQjBFMDg0ODNGMQ0KOjEwMDUxMDAwOTU4M0E2ODNCNzgzOEFFMDkxRTA5MTgzODA4Mzg1RUNGRA0KOjEwMDUyMDAwOTBFMDk1ODc4NDg3ODRFQzkwRTA5Nzg3ODY4NzgwRUNCRA0KOjEwMDUzMDAwOTBFMDkxOEI4MDhCODFFQzkwRTA5MzhCODI4QjgyRUNBRQ0KOjEwMDU0MDAwOTBFMDk1OEI4NDhCODZFQzkwRTA5NzhCODY4QjExOEU1OA0KOjEwMDU1MDAwMTI4RTEzOEUxNDhFRTRFRUYxRTAxMTgyMTA4MjEzODI1Qg0KOjEwMDU2MDAwMTI4MjE1ODIxNDgyNDBFMDUwRTA2Q0UzNzFFMENGMDEwQQ0KOjEwMDU3MDAwMEM5NEE1MDFDRjkzREY5M0NEQjdERUI3NjI5NzBGQjY4QQ0KOjEwMDU4MDAwRjg5NERFQkYwRkJFQ0RCRjc4OTQ4NEI1ODI2MDg0QkQ4MQ0KOjEwMDU5MDAwODRCNTgxNjA4NEJEODVCNTgyNjA4NUJEODVCNTgxNjA4Nw0KOjEwMDVBMDAwODVCRDgwOTE2RTAwODE2MDgwOTM2RTAwMTA5MjgxMDAwNQ0KOjEwMDVCMDAwODA5MTgxMDA4MjYwODA5MzgxMDA4MDkxODEwMDgxNjBDMA0KOjEwMDVDMDAwODA5MzgxMDA4MDkxODAwMDgxNjA4MDkzODAwMDgwOTE4MQ0KOjEwMDVEMDAwQjEwMDg0NjA4MDkzQjEwMDgwOTFCMDAwODE2MDgwOTMwRA0KOjEwMDVFMDAwQjAwMDgwOTE3QTAwODQ2MDgwOTM3QTAwODA5MTdBMDBENA0KOjEwMDVGMDAwODI2MDgwOTM3QTAwODA5MTdBMDA4MTYwODA5MzdBMDA5Mw0KOjEwMDYwMDAwODA5MTdBMDA4MDY4ODA5MzdBMDAxMDkyQzEwMEUwOTExNg0KOjEwMDYxMDAwNTcwMUYwOTE1ODAxODJFMDgwODNFMDkxNTMwMUYwOTFGRA0KOjEwMDYyMDAwNTQwMTEwODJFMDkxNTUwMUYwOTE1NjAxOEZFQzgwODNDNg0KOjEwMDYzMDAwMTA5MjVGMDFFMDkxNUIwMUYwOTE1QzAxODZFMDgwODNBNA0KOjEwMDY0MDAwRTA5MTU5MDFGMDkxNUEwMTgwODE4MDYxODA4M0UwOTFBRA0KOjEwMDY1MDAwNTkwMUYwOTE1QTAxODA4MTg4NjA4MDgzRTA5MTU5MDFBRA0KOjEwMDY2MDAwRjA5MTVBMDE4MDgxODA2ODgwODNFMDkxNTkwMUYwOTE3Ng0KOjEwMDY3MDAwNUEwMTgwODE4RjdEODA4MzQwRTA1MEUwNkNFMzcxRTAxRg0KOjEwMDY4MDAwODRFRTkxRTAwRTk0QTUwMTFBODIxOTgyMUM4MjFCODJDRA0KOjEwMDY5MDAwMUU4MjFEODI2NEVFNzFFMENFMDEwMTk2MEU5NEM2MDFBOQ0KOjEwMDZBMDAwMUU4NjFEODYxODhBMUY4NjFBOEExOThBNDFFMjUwRTAyMg0KOjEwMDZCMDAwNjhFMTcxRTBDRTAxMEQ5NjBFOTRBNTAxMTg4NjFGODJBNw0KOjEwMDZDMDAwMUE4NjE5ODYxQzg2MUI4NkJFMDE2MzVGN0Y0RkNFMDE4QQ0KOjEwMDZEMDAwMDc5NjBFOTRDNjAxOEQ4MTlFODFFOTgwRkE4MDBCODU3NA0KOjEwMDZFMDAwMUM4NUUxMTRGMTA0MDlGNDQwQzAwMDk3QTFGMDA4MEY0Mw0KOjEwMDZGMDAwMTkxRkI4MDFDRTAxMDc5NjBFOTQ3RTAxODgyM0E5RjEzNw0KOjEwMDcwMDAwMkY4MTM4ODU4Qjg1OUM4NUI3MDE4MjBGOTMxRjBFOTRBRQ0KOjEwMDcxMDAwMDIwNjFDODcwQjg3QkUwMTY5NUY3RjRGODRFRTkxRTA2NA0KOjEwMDcyMDAwMEU5NEM2MDE4RjgxOTg4NTBFOTQ5MjA0OEQ4NTlFODVDNg0KOjEwMDczMDAwMEU5NDkyMDQ4OTgxOUE4MTBFOTQ5MjA0NDA5MUU4MDE2QQ0KOjEwMDc0MDAwNTA5MUU5MDE2MDkxRTQwMTcwOTFFNTAxODdFNDkxRTA0NQ0KOjEwMDc1MDAwMEU5NDYwMDA0MkUwNTBFMDZBRTM3MUUwODdFNDkxRTBDQg0KOjEwMDc2MDAwMEU5NDYwMDAwRTk0NjAwMTg3Q0ZDRTAxMDc5NjBFOTQyMA0KOjEwMDc3MDAwNkEwMUQxQ0Y4MDkxRTQwMTkwOTFFNTAxMEM5NDkyMDQzQg0KOjEwMDc4MDAwMkY5MjNGOTI0RjkyNUY5MjZGOTI3RjkyOEY5MjlGOTJBMQ0KOjEwMDc5MDAwQUY5MkJGOTJDRjkyREY5MkVGOTJGRjkyMEY5MzFGOTM4Rg0KOjEwMDdBMDAwQ0Y5M0RGOTNDREI3REVCN0NBMUJEQjBCMEZCNkY4OTQ0MA0KOjEwMDdCMDAwREVCRjBGQkVDREJGMDk5NDJBODgzOTg4NDg4ODVGODQ4MA0KOjEwMDdDMDAwNkU4NDdEODQ4Qzg0OUI4NEFBODRCOTg0Qzg4NERGODBGMQ0KOjEwMDdEMDAwRUU4MEZEODAwQzgxMUI4MUFBODFCOTgxQ0UwRkQxMURENQ0KOjEwMDdFMDAwMEZCNkY4OTRERUJGMEZCRUNEQkZFRDAxMDg5NUVFMEYzQQ0KOjEwMDdGMDAwRkYxRjA1OTBGNDkxRTAyRDA5OTRDRjkzREY5MzgyMzA5MQ0KOjEwMDgwMDAwOTEwNTEwRjQ4MkUwOTBFMEUwOTFFQzAxRjA5MUVEMDFBRg0KOjEwMDgxMDAwMjBFMDMwRTBDMEUwRDBFMDMwOTcxMUYxNDA4MTUxODExQw0KOjEwMDgyMDAwNDgxNzU5MDdDMEYwNDgxNzU5MDc2MUY0ODI4MTkzODEyRQ0KOjEwMDgzMDAwMjA5NzE5RjA5QjgzOEE4MzJCQzA5MDkzRUQwMTgwOTNCRQ0KOjEwMDg0MDAwRUMwMTI2QzAyMTE1MzEwNTE5RjA0MjE3NTMwNzE4RjRBMQ0KOjEwMDg1MDAwOUEwMUJFMDFERjAxRUYwMTAyODBGMzgxRTAyRERDQ0ZDMA0KOjEwMDg2MDAwMjExNTMxMDUwOUYxMjgxQjM5MEIyNDMwMzEwNTkwRjQ4RA0KOjEwMDg3MDAwMTI5NjhEOTE5QzkxMTM5NzYxMTU3MTA1MjFGMEZCMDFFMg0KOjEwMDg4MDAwOTM4MzgyODMwNEMwOTA5M0VEMDE4MDkzRUMwMUZEMDE3QQ0KOjEwMDg5MDAwMzI5NjQ0QzBGRDAxRTIwRkYzMUY4MTkzOTE5MzIyNTBFMQ0KOjEwMDhBMDAwMzEwOTJEOTMzQzkzM0FDMDIwOTFFQTAxMzA5MUVCMDEzQw0KOjEwMDhCMDAwMjMyQjQxRjQyMDkxMDIwMTMwOTEwMzAxMzA5M0VCMDE4RA0KOjEwMDhDMDAwMjA5M0VBMDEyMDkxMDAwMTMwOTEwMTAxMjExNTMxMDVBOQ0KOjEwMDhEMDAwNDFGNDJEQjczRUI3NDA5MTA0MDE1MDkxMDUwMTI0MUIwRQ0KOjEwMDhFMDAwMzUwQkUwOTFFQTAxRjA5MUVCMDFFMjE3RjMwN0EwRjQ3OA0KOjEwMDhGMDAwMkUxQjNGMEIyODE3MzkwNzc4RjBBQzAxNEU1RjVGNEY3Ng0KOjEwMDkwMDAwMjQxNzM1MDc0OEYwNEUwRjVGMUY1MDkzRUIwMTQwOTNCQg0KOjEwMDkxMDAwRUEwMTgxOTM5MTkzMDJDMEUwRTBGMEUwQ0YwMURGOTEyMg0KOjEwMDkyMDAwQ0Y5MTA4OTUwRjkzMUY5M0NGOTNERjkzMDA5NzA5RjQwRQ0KOjEwMDkzMDAwOENDMEZDMDEzMjk3MTM4MjEyODIwMDkxRUMwMTEwOTE1RA0KOjEwMDk0MDAwRUQwMTAxMTUxMTA1ODFGNDIwODEzMTgxODIwRjkzMUY4Mg0KOjEwMDk1MDAwMjA5MUVBMDEzMDkxRUIwMTI4MTczOTA3NzlGNUYwOTNERQ0KOjEwMDk2MDAwRUIwMUUwOTNFQTAxNzFDMEQ4MDE0MEUwNTBFMEFFMTcxRQ0KOjEwMDk3MDAwQkYwNzUwRjQxMjk2MkQ5MTNDOTExMzk3QUQwMTIxMTVBQw0KOjEwMDk4MDAwMzEwNTA5RjFEOTAxRjNDRjlEMDFEQTAxMzM4MzIyODNDNw0KOjEwMDk5MDAwNjA4MTcxODE4NjBGOTcxRjgyMTc5MzA3NjlGNEVDMDFCQw0KOjEwMDlBMDAwMjg4MTM5ODEyNjBGMzcxRjJFNUYzRjRGMzE4MzIwODNFNw0KOjEwMDlCMDAwOEE4MTlCODE5MzgzODI4MzQ1MkIyOUY0RjA5M0VEMDFGNw0KOjEwMDlDMDAwRTA5M0VDMDE0MkMwMTM5NkZDOTNFRTkzMTI5N0VEMDE3NQ0KOjEwMDlEMDAwNDk5MTU5OTE5RTAxMjQwRjM1MUZFMjE3RjMwNzcxRjRENQ0KOjEwMDlFMDAwODA4MTkxODE4NDBGOTUxRjAyOTYxMTk2OUM5MzhFOTMxRQ0KOjEwMDlGMDAwODI4MTkzODExMzk2OUM5MzhFOTMxMjk3RTBFMEYwRTBBRQ0KOjEwMEEwMDAwRDgwMTEyOTY4RDkxOUM5MTEzOTcwMDk3MTlGMEY4MDFENw0KOjEwMEExMDAwOEMwMUY2Q0Y4RDkxOUM5MTk4MDEyRTVGM0Y0RjgyMEZGNA0KOjEwMEEyMDAwOTMxRjIwOTFFQTAxMzA5MUVCMDEyODE3MzkwNzY5RjRFRg0KOjEwMEEzMDAwMzA5NzI5RjQxMDkyRUQwMTEwOTJFQzAxMDJDMDEzODI1Qw0KOjEwMEE0MDAwMTI4MjEwOTNFQjAxMDA5M0VBMDFERjkxQ0Y5MTFGOTE4NQ0KOjEwMEE1MDAwMEY5MTA4OTVBMEUwQjBFMEUwRTNGNUUwMEM5NEM0MDM0QQ0KOjEwMEE2MDAwRUMwMTAwOTcyMUY0Q0IwMTBFOTRGRDAzQjhDMEZDMDEwQQ0KOjEwMEE3MDAwRTYwRkY3MUY5QzAxMjI1MDMxMDlFMjE3RjMwNzA4RjQzMw0KOjEwMEE4MDAwQUNDMEQ5MDEwRDkxMUM5MTExOTcwNjE3MTcwN0IwRjA1Mg0KOjEwMEE5MDAwMDUzMDExMDUwOEY0OUZDMEM4MDEwNDk3ODYxNzk3MDcxMQ0KOjEwMEFBMDAwMDhGNDk5QzAwMjUwMTEwOTA2MUIxNzBCMDE5MzExOTMwQQ0KOjEwMEFCMDAwNkQ5MzdDOTNDRjAxMEU5NDkyMDQ4REMwNUIwMUEwMUFCQw0KOjEwMEFDMDAwQjEwQTRDMDE4MDBFOTExRUEwOTFFQzAxQjA5MUVEMDE5NA0KOjEwMEFEMDAwNDBFMDUwRTBFMTJDRjEyQzEwOTcwOUY0NEFDMEE4MTUzMQ0KOjEwMEFFMDAwQjkwNUQxRjU2RDkwN0M5MDExOTc2MzAxODJFMEM4MEUzNQ0KOjEwMEFGMDAwRDExQ0NBMTREQjA0ODBGMUEzMDE0QTE5NUIwOTZBMDEwNQ0KOjEwMEIwMDAwODJFMEM4MEVEMTFDMTI5NkJDOTAxMjk3MTM5NkFDOTEzRA0KOjEwMEIxMDAwQjVFMENCMTZEMTA0NDBGMEIyODJBMzgzNTE4MzQwODM2OQ0KOjEwMEIyMDAwRDkwMTZEOTM3QzkzMEFDMDBFNUYxRjRGQzMwMTgwMEZFNA0KOjEwMEIzMDAwOTExRkY5MDE5MTgzODA4M0VCMkRGQTJGRTExNEYxMDRDOQ0KOjEwMEI0MDAwMzFGMEQ3MDExMzk2RkM5M0VFOTMxMjk3NDRDMEYwOTNDMw0KOjEwMEI1MDAwRUQwMUUwOTNFQzAxM0ZDMDhEOTE5QzkxMTE5NzQ4MTdGNg0KOjEwMEI2MDAwNTkwNzA4RjRBQzAxN0QwMTEyOTYwRDkwQkM5MUEwMkQ5Rg0KOjEwMEI3MDAwQjNDRjgwOTFFQTAxOTA5MUVCMDE4ODE1OTkwNUUxRjREQQ0KOjEwMEI4MDAwNDYxNzU3MDdDOEY0ODA5MTAwMDE5MDkxMDEwMTAwOTcyMg0KOjEwMEI5MDAwNDFGNDhEQjc5RUI3NDA5MTA0MDE1MDkxMDUwMTg0MUIyQg0KOjEwMEJBMDAwOTUwQkU4MTdGOTA3QzhGNEYwOTNFQjAxRTA5M0VBMDExRA0KOjEwMEJCMDAwRjkwMTcxODM2MDgzMEZDMENCMDEwRTk0RkQwMzdDMDFBQQ0KOjEwMEJDMDAwMDA5NzU5RjBBODAxQkUwMTBFOTRGOTA1Q0UwMTBFOTRDQw0KOjEwMEJEMDAwOTIwNEM3MDEwNEMwQ0UwMTAyQzA4MEUwOTBFMENEQjcwRQ0KOjEwMEJFMDAwREVCN0VFRTAwQzk0RTAwMzgxRTA5MEUwRjg5NDBDOTQyMg0KOjEwMEJGMDAwMDkwNkZCMDFEQzAxMDJDMDAxOTAwRDkyNDE1MDUwNDBGQQ0KOjEwMEMwMDAwRDhGNzA4OTVGQjAxREMwMTAxOTAwRDkyMDAyMEUxRjc3Nw0KOjEwMEMxMDAwMDg5NTEwRTBDNUUzRDBFMDA0QzBGRTAxMEU5NEY3MDM5MA0KOjBDMEMyMDAwMjE5NkM2MzNEMTA3QzlGN0Y4OTRGRkNGMjYNCjoxMDBDMkMwMDAwMDBFRTAxODAwMDAwMDAwMDAwRjcwMDYwMDA4RjAwNjMNCjoxMDBDM0MwMDNFMDFDMDAwOUUwMEIyMDA0RDc5MjA3NDY4NzI2Rjc1NDENCjoxMDBDNEMwMDY3Njg3MzIwNkY2RTIwNzc2ODYxNzQyMDY5NzMyMDczRjYNCjowRTBDNUMwMDcwNjE2MzY1MjA2OTczM0EyMDAwMEQwQTAwMDA4NA0KOjAwMDAwMDAxRkYNCg==	Sketch uses 3178 bytes (9%) of program storage space. Maximum is 32256 bytes.\nGlobal variables use 238 bytes (11%) of dynamic memory, leaving 1810 bytes for local variables. Maximum is 2048 bytes.\n		arduino:avr:uno	String item;\n\nvoid setup() {\n  Serial.begin(9600);\n}\n\nvoid loop() {\n  // What is Space?\n  // Enter your throughs below.\n  item = "";\n\n  item = String("My throughs on what is space is: ") + String(item);\n  Serial.println(item);\n\n}	t	\N	\N	13	2021-08-01 19:12:45.773+00	2021-08-01 19:12:47.086+00	\N	\N
377	COMPLETED	<xml xmlns="http://www.w3.org/1999/xhtml"><block type="serial_setup" id="==lnHTRR]JGkBK?G3AOP" x="64" y="15"><field name="SERIAL_ID">Serial</field><field name="SPEED">9600</field></block><block type="insert_comment" id="Yn*{ZymirKA)ae4R-C|q" x="79" y="132"><mutation items="2"></mutation><value name="ADD0"><block type="text" id="nK#9fq^CVa7I:/I];zX}"><field name="TEXT">What is Space?</field></block></value><value name="ADD1"><block type="text" id="gvGrrT/;`h66)oPZKH0("><field name="TEXT">Enter your throughs below.</field></block></value><next><block type="variables_set" id="O^st-FW@P,/J!,[woEF8"><field name="VAR">item</field><value name="VALUE"><block type="text" id="KWtg/,-sRF{Y(}-fkOy/"><field name="TEXT">I don't know!</field></block></value></block></next></block><block type="variables_set" id="x^3q5KAF|SM|nVOcyO!@" x="78" y="273"><field name="VAR">item</field><value name="VALUE"><block type="text_join" id="_/F=KUmsq[._y!8?Z2y#"><mutation items="2"></mutation><value name="ADD0"><block type="text" id="2qowzW*6d5zEA|7HR9Se"><field name="TEXT">My throughs on what is space is: </field></block></value><value name="ADD1"><block type="variables_get" id="Cul[O**vp@y44)5+LaF6"><field name="VAR">item</field></block></value></block></value><next><block type="serial_print" id="fZavHX^s_]jLT*E}x4.4"><field name="SERIAL_ID">Serial</field><field name="NEW_LINE">TRUE</field><value name="CONTENT"><block type="variables_get" id="pv+J1zT/e6QB1bWi}_KD"><field name="VAR">item</field></block></value></block></next></block></xml>	t	OjEwMDAwMDAwMEM5NDM2MDAwQzk0NUUwMDBDOTQ1RTAwMEM5NDVFMDAyMA0KOjEwMDAxMDAwMEM5NDVFMDAwQzk0NUUwMDBDOTQ1RTAwMEM5NDVFMDBFOA0KOjEwMDAyMDAwMEM5NDVFMDAwQzk0NUUwMDBDOTQ1RTAwMEM5NDVFMDBEOA0KOjEwMDAzMDAwMEM5NDVFMDAwQzk0NUUwMDBDOTQ1RTAwMEM5NDVFMDBDOA0KOjEwMDA0MDAwMEM5NEREMDEwQzk0NUUwMDBDOTQ0RDAyMEM5NDI3MDI3Qw0KOjEwMDA1MDAwMEM5NDVFMDAwQzk0NUUwMDBDOTQ1RTAwMEM5NDVFMDBBOA0KOjEwMDA2MDAwMEM5NDVFMDAwQzk0NUUwMDdGMDJCQTAzMTEyNDFGQkU0NA0KOjEwMDA3MDAwQ0ZFRkQ4RTBERUJGQ0RCRjIxRTBBQ0U0QjFFMDAxQzBGRQ0KOjEwMDA4MDAwMUQ5MkFDM0ZCMjA3RTFGNzExRTBBMEUwQjFFMEVDRTI3NQ0KOjEwMDA5MDAwRkNFMDAyQzAwNTkwMEQ5MkFDMzRCMTA3RDlGNzEwRTAzNg0KOjEwMDBBMDAwQzVFM0QwRTAwNEMwMjE5N0ZFMDEwRTk0RjcwM0M0MzNFQQ0KOjEwMDBCMDAwRDEwN0M5RjcwRTk0QkEwMjBDOTQwOTA2MEM5NDAwMDBGQg0KOjEwMDBDMDAwQ0Y5MkRGOTJFRjkyRkY5MjBGOTMxRjkzQ0Y5M0RGOTMyNA0KOjEwMDBEMDAwNkMwMTdBMDE4QjAxQzBFMEQwRTBDRTE1REYwNTg5RjAxQw0KOjEwMDBFMDAwRDgwMTZEOTE4RDAxRDYwMUVEOTFGQzkxMDE5MEYwODFDNw0KOjEwMDBGMDAwRTAyREM2MDEwOTk1ODkyQjExRjQ3RTAxMDJDMDIxOTZERA0KOjEwMDEwMDAwRUNDRkM3MDFERjkxQ0Y5MTFGOTEwRjkxRkY5MEVGOTAzRQ0KOjEwMDExMDAwREY5MENGOTAwODk1MDg5NTgwRTA5MEUwMDg5NUZDMDE2RA0KOjEwMDEyMDAwNTM4RDQ0OEQyNTJGMzBFMDg0MkY5MEUwODIxQjkzMEI1Qw0KOjEwMDEzMDAwNTQxNzEwRjBDRjk2MDg5NTAxOTcwODk1RkMwMTkxOEQwMg0KOjEwMDE0MDAwODI4RDk4MTc2MUYwODI4RERGMDFBODBGQjExRDVEOTYzOQ0KOjEwMDE1MDAwOEM5MTkyOEQ5RjVGOUY3MzkyOEY5MEUwMDg5NThGRUZBNw0KOjEwMDE2MDAwOUZFRjA4OTVGQzAxOTE4RDgyOEQ5ODE3MzFGMDgyOEQ1Qg0KOjEwMDE3MDAwRTgwRkYxMUQ4NThEOTBFMDA4OTU4RkVGOUZFRjA4OTVCMg0KOjEwMDE4MDAwRkMwMTkxOEQyMjhEODkyRjkwRTA4MDVDOUY0RjgyMUIxNg0KOjEwMDE5MDAwOTEwOThGNzM5OTI3MDg5NTg1RTU5MUUwMEU5NEMwMDAyOQ0KOjEwMDFBMDAwMjFFMDg5MkIwOUY0MjBFMDgyMkYwODk1RkMwMTg0OEQ0MQ0KOjEwMDFCMDAwREYwMUE4MEZCMTFEQTM1QUJGNEYyQzkxODQ4RDkwRTA5MQ0KOjEwMDFDMDAwMDE5NjhGNzM5OTI3ODQ4RkE2ODlCNzg5MkM5M0EwODk2Qw0KOjEwMDFEMDAwQjE4OThDOTE4MDY0OEM5MzkzOEQ4NDhEOTgxMzA2QzAyMw0KOjEwMDFFMDAwMDI4OEYzODlFMDJEODA4MThGN0Q4MDgzMDg5NUVGOTJDRQ0KOjEwMDFGMDAwRkY5MjBGOTMxRjkzQ0Y5M0RGOTNFQzAxODFFMDg4OEZFMQ0KOjEwMDIwMDAwOUI4RDhDOEQ5ODEzMDVDMEU4ODlGOTg5ODA4MTg1RkRDNw0KOjEwMDIxMDAwMjRDMEY2MkUwQjhEMTBFMDBGNUYxRjRGMEY3MzExMjdCOA0KOjEwMDIyMDAwRTAyRThDOERFODEyMENDMDBGQjYwN0ZDRkFDRkU4ODlERg0KOjEwMDIzMDAwRjk4OTgwODE4NUZGRjVDRkNFMDEwRTk0RDYwMEYxQ0ZFQw0KOjEwMDI0MDAwOEI4REZFMDFFODBGRjExREUzNUFGRjRGRjA4MjBCOEZGQg0KOjEwMDI1MDAwRUE4OUZCODk4MDgxODA2MjA3QzBFRTg5RkY4OTYwODMxQg0KOjEwMDI2MDAwRTg4OUY5ODk4MDgxODA2NDgwODM4MUUwOTBFMERGOTE3Mg0KOjEwMDI3MDAwQ0Y5MTFGOTEwRjkxRkY5MEVGOTAwODk1Q0Y5M0RGOTM0Rg0KOjEwMDI4MDAwRUMwMTg4OEQ4ODIzQzlGMEVBODlGQjg5ODA4MTg1RkQ4RQ0KOjEwMDI5MDAwMDVDMEE4ODlCOTg5OEM5MTg2RkQwRkMwMEZCNjA3RkNFRg0KOjEwMDJBMDAwRjVDRjgwODE4NUZGRjJDRkE4ODlCOTg5OEM5MTg1RkYzMA0KOjEwMDJCMDAwRURDRkNFMDEwRTk0RDYwMEU3Q0ZERjkxQ0Y5MTA4OTUxOA0KOjEwMDJDMDAwODBFMDkwRTA4OTJCMjlGMDBFOTRDQzAwODExMTBDOTRGMQ0KOjEwMDJEMDAwMDAwMDA4OTVDRjkzREY5M0VDMDE4ODgxOTk4MTAwOTcwNg0KOjEwMDJFMDAwMTFGMDBFOTQ5MjA0MTk4MjE4ODIxRDgyMUM4MjFCODJDNg0KOjEwMDJGMDAwMUE4MkRGOTFDRjkxMDg5NTBFOTRGNDA1MEY5MzFGOTMwNg0KOjEwMDMwMDAwQ0Y5M0RGOTNFQzAxODg4MTk5ODEwMDk3MjlGMDJBODFBRQ0KOjEwMDMxMDAwM0I4MTI2MTczNzA3ODhGNDhCMDE2RjVGN0Y0RjBFOTQ2MA0KOjEwMDMyMDAwMkEwNTAwOTc2MUYwOTk4Mzg4ODMxQjgzMEE4MzJDODFCNw0KOjEwMDMzMDAwM0Q4MTIzMkIxMUY0RkMwMTEwODI4MUUwMDFDMDgwRTA5Qg0KOjEwMDM0MDAwREY5MUNGOTExRjkxMEY5MTA4OTVFRjkyRkY5MjBGOTMzQw0KOjEwMDM1MDAwMUY5M0NGOTNERjkzRUMwMTdCMDE4QTAxQkEwMTBFOTRDNg0KOjEwMDM2MDAwN0UwMTgxMTEwNEMwQ0UwMTBFOTQ2QTAxMDdDMDFEODM3NQ0KOjEwMDM3MDAwMEM4M0I3MDE4ODgxOTk4MTBFOTQwMjA2Q0UwMURGOTEyQQ0KOjEwMDM4MDAwQ0Y5MTFGOTEwRjkxRkY5MEVGOTAwODk1Q0Y5M0RGOTMzRQ0KOjEwMDM5MDAwRUMwMUZCMDE4NjE3OTcwNzYxRjA2MDgxNzE4MTYxMTU5Rg0KOjEwMDNBMDAwNzEwNTI5RjA0NDgxNTU4MTBFOTRBNTAxMDJDMDBFOTQ3Nw0KOjEwMDNCMDAwNkEwMUNFMDFERjkxQ0Y5MTA4OTUxRjkyMEY5MjBGQjY3Rg0KOjEwMDNDMDAwMEY5MjExMjQyRjkzM0Y5MzhGOTM5RjkzQUY5M0JGOTNEQg0KOjEwMDNEMDAwODA5MTUxMDE5MDkxNTIwMUEwOTE1MzAxQjA5MTU0MDEyQg0KOjEwMDNFMDAwMzA5MTUwMDEyM0UwMjMwRjJEMzcyMEY0MDE5NkExMURGOQ0KOjEwMDNGMDAwQjExRDA1QzAyNkU4MjMwRjAyOTZBMTFEQjExRDIwOTM1Mw0KOjEwMDQwMDAwNTAwMTgwOTM1MTAxOTA5MzUyMDFBMDkzNTMwMUIwOTNGNg0KOjEwMDQxMDAwNTQwMTgwOTE0QzAxOTA5MTREMDFBMDkxNEUwMUIwOTFGOQ0KOjEwMDQyMDAwNEYwMTAxOTZBMTFEQjExRDgwOTM0QzAxOTA5MzREMDE4OA0KOjEwMDQzMDAwQTA5MzRFMDFCMDkzNEYwMUJGOTFBRjkxOUY5MThGOTFDNw0KOjEwMDQ0MDAwM0Y5MTJGOTEwRjkwMEZCRTBGOTAxRjkwMTg5NTFGOTIwNA0KOjEwMDQ1MDAwMEY5MjBGQjYwRjkyMTEyNDJGOTMzRjkzNEY5MzVGOTNGOA0KOjEwMDQ2MDAwNkY5MzdGOTM4RjkzOUY5M0FGOTNCRjkzRUY5M0ZGOTM3Qw0KOjEwMDQ3MDAwODVFNTkxRTAwRTk0RDYwMEZGOTFFRjkxQkY5MUFGOTE4OQ0KOjEwMDQ4MDAwOUY5MThGOTE3RjkxNkY5MTVGOTE0RjkxM0Y5MTJGOTFBQw0KOjEwMDQ5MDAwMEY5MDBGQkUwRjkwMUY5MDE4OTUxRjkyMEY5MjBGQjZERQ0KOjEwMDRBMDAwMEY5MjExMjQyRjkzOEY5MzlGOTNFRjkzRkY5M0UwOTFEQg0KOjEwMDRCMDAwNjUwMUYwOTE2NjAxODA4MUUwOTE2QjAxRjA5MTZDMDEyMg0KOjEwMDRDMDAwODJGRDEyQzA5MDgxODA5MTZFMDE4RjVGOEY3MzIwOTFBOQ0KOjEwMDREMDAwNkYwMTgyMTc1MUYwRTA5MTZFMDFGMEUwRUI1QUZFNEY5MA0KOjEwMDRFMDAwOTU4RjgwOTM2RTAxMDFDMDgwODFGRjkxRUY5MTlGOTE2NA0KOjEwMDRGMDAwOEY5MTJGOTEwRjkwMEZCRTBGOTAxRjkwMTg5NUU1RTVFQg0KOjEwMDUwMDAwRjFFMDEzODIxMjgyODhFRTkzRTBBMEUwQjBFMDg0ODNGMQ0KOjEwMDUxMDAwOTU4M0E2ODNCNzgzOEFFMDkxRTA5MTgzODA4Mzg1RUNGRA0KOjEwMDUyMDAwOTBFMDk1ODc4NDg3ODRFQzkwRTA5Nzg3ODY4NzgwRUNCRA0KOjEwMDUzMDAwOTBFMDkxOEI4MDhCODFFQzkwRTA5MzhCODI4QjgyRUNBRQ0KOjEwMDU0MDAwOTBFMDk1OEI4NDhCODZFQzkwRTA5NzhCODY4QjExOEU1OA0KOjEwMDU1MDAwMTI4RTEzOEUxNDhFRTJFRkYxRTAxMTgyMTA4MjEzODI1Qw0KOjEwMDU2MDAwMTI4MjE1ODIxNDgyNDBFMDUwRTA2QUU0NzFFMENGMDEwQg0KOjEwMDU3MDAwMEM5NEE1MDFDRjkzREY5M0NEQjdERUI3NjI5NzBGQjY4QQ0KOjEwMDU4MDAwRjg5NERFQkYwRkJFQ0RCRjc4OTQ4NEI1ODI2MDg0QkQ4MQ0KOjEwMDU5MDAwODRCNTgxNjA4NEJEODVCNTgyNjA4NUJEODVCNTgxNjA4Nw0KOjEwMDVBMDAwODVCRDgwOTE2RTAwODE2MDgwOTM2RTAwMTA5MjgxMDAwNQ0KOjEwMDVCMDAwODA5MTgxMDA4MjYwODA5MzgxMDA4MDkxODEwMDgxNjBDMA0KOjEwMDVDMDAwODA5MzgxMDA4MDkxODAwMDgxNjA4MDkzODAwMDgwOTE4MQ0KOjEwMDVEMDAwQjEwMDg0NjA4MDkzQjEwMDgwOTFCMDAwODE2MDgwOTMwRA0KOjEwMDVFMDAwQjAwMDgwOTE3QTAwODQ2MDgwOTM3QTAwODA5MTdBMDBENA0KOjEwMDVGMDAwODI2MDgwOTM3QTAwODA5MTdBMDA4MTYwODA5MzdBMDA5Mw0KOjEwMDYwMDAwODA5MTdBMDA4MDY4ODA5MzdBMDAxMDkyQzEwMEUwOTExNg0KOjEwMDYxMDAwNjUwMUYwOTE2NjAxODJFMDgwODNFMDkxNjEwMUYwOTFEMw0KOjEwMDYyMDAwNjIwMTEwODJFMDkxNjMwMUYwOTE2NDAxOEZFQzgwODM5Qw0KOjEwMDYzMDAwMTA5MjZEMDFFMDkxNjkwMUYwOTE2QTAxODZFMDgwODM3QQ0KOjEwMDY0MDAwRTA5MTY3MDFGMDkxNjgwMTgwODE4MDYxODA4M0UwOTE5MQ0KOjEwMDY1MDAwNjcwMUYwOTE2ODAxODA4MTg4NjA4MDgzRTA5MTY3MDE4Mw0KOjEwMDY2MDAwRjA5MTY4MDE4MDgxODA2ODgwODNFMDkxNjcwMUYwOTE1QQ0KOjEwMDY3MDAwNjgwMTgwODE4RjdEODA4MzRERTA1MEUwNjhFMTcxRTAwQQ0KOjEwMDY4MDAwODJFRjkxRTAwRTk0QTUwMTFBODIxOTgyMUM4MjFCODJDRQ0KOjEwMDY5MDAwMUU4MjFEODI2MkVGNzFFMENFMDEwMTk2MEU5NEM2MDFBQQ0KOjEwMDZBMDAwMUU4NjFEODYxODhBMUY4NjFBOEExOThBNDFFMjUwRTAyMg0KOjEwMDZCMDAwNjZFMjcxRTBDRTAxMEQ5NjBFOTRBNTAxMTg4NjFGODJBOA0KOjEwMDZDMDAwMUE4NjE5ODYxQzg2MUI4NkJFMDE2MzVGN0Y0RkNFMDE4QQ0KOjEwMDZEMDAwMDc5NjBFOTRDNjAxOEQ4MTlFODFFOTgwRkE4MDBCODU3NA0KOjEwMDZFMDAwMUM4NUUxMTRGMTA0MDlGNDQwQzAwMDk3QTFGMDA4MEY0Mw0KOjEwMDZGMDAwMTkxRkI4MDFDRTAxMDc5NjBFOTQ3RTAxODgyM0E5RjEzNw0KOjEwMDcwMDAwMkY4MTM4ODU4Qjg1OUM4NUI3MDE4MjBGOTMxRjBFOTRBRQ0KOjEwMDcxMDAwMDIwNjFDODcwQjg3QkUwMTY5NUY3RjRGODJFRjkxRTA2NQ0KOjEwMDcyMDAwMEU5NEM2MDE4RjgxOTg4NTBFOTQ5MjA0OEQ4NTlFODVDNg0KOjEwMDczMDAwMEU5NDkyMDQ4OTgxOUE4MTBFOTQ5MjA0NDA5MUY2MDE1Qw0KOjEwMDc0MDAwNTA5MUY3MDE2MDkxRjIwMTcwOTFGMzAxODVFNTkxRTAxQw0KOjEwMDc1MDAwMEU5NDYwMDA0MkUwNTBFMDY4RTQ3MUUwODVFNTkxRTBDRA0KOjEwMDc2MDAwMEU5NDYwMDAwRTk0NjAwMTg3Q0ZDRTAxMDc5NjBFOTQyMA0KOjEwMDc3MDAwNkEwMUQxQ0Y4MDkxRjIwMTkwOTFGMzAxMEM5NDkyMDQxRg0KOjEwMDc4MDAwMkY5MjNGOTI0RjkyNUY5MjZGOTI3RjkyOEY5MjlGOTJBMQ0KOjEwMDc5MDAwQUY5MkJGOTJDRjkyREY5MkVGOTJGRjkyMEY5MzFGOTM4Rg0KOjEwMDdBMDAwQ0Y5M0RGOTNDREI3REVCN0NBMUJEQjBCMEZCNkY4OTQ0MA0KOjEwMDdCMDAwREVCRjBGQkVDREJGMDk5NDJBODgzOTg4NDg4ODVGODQ4MA0KOjEwMDdDMDAwNkU4NDdEODQ4Qzg0OUI4NEFBODRCOTg0Qzg4NERGODBGMQ0KOjEwMDdEMDAwRUU4MEZEODAwQzgxMUI4MUFBODFCOTgxQ0UwRkQxMURENQ0KOjEwMDdFMDAwMEZCNkY4OTRERUJGMEZCRUNEQkZFRDAxMDg5NUVFMEYzQQ0KOjEwMDdGMDAwRkYxRjA1OTBGNDkxRTAyRDA5OTRDRjkzREY5MzgyMzA5MQ0KOjEwMDgwMDAwOTEwNTEwRjQ4MkUwOTBFMEUwOTFGQTAxRjA5MUZCMDE5Mw0KOjEwMDgxMDAwMjBFMDMwRTBDMEUwRDBFMDMwOTcxMUYxNDA4MTUxODExQw0KOjEwMDgyMDAwNDgxNzU5MDdDMEYwNDgxNzU5MDc2MUY0ODI4MTkzODEyRQ0KOjEwMDgzMDAwMjA5NzE5RjA5QjgzOEE4MzJCQzA5MDkzRkIwMTgwOTNCMA0KOjEwMDg0MDAwRkEwMTI2QzAyMTE1MzEwNTE5RjA0MjE3NTMwNzE4RjQ5Mw0KOjEwMDg1MDAwOUEwMUJFMDFERjAxRUYwMTAyODBGMzgxRTAyRERDQ0ZDMA0KOjEwMDg2MDAwMjExNTMxMDUwOUYxMjgxQjM5MEIyNDMwMzEwNTkwRjQ4RA0KOjEwMDg3MDAwMTI5NjhEOTE5QzkxMTM5NzYxMTU3MTA1MjFGMEZCMDFFMg0KOjEwMDg4MDAwOTM4MzgyODMwNEMwOTA5M0ZCMDE4MDkzRkEwMUZEMDE1RQ0KOjEwMDg5MDAwMzI5NjQ0QzBGRDAxRTIwRkYzMUY4MTkzOTE5MzIyNTBFMQ0KOjEwMDhBMDAwMzEwOTJEOTMzQzkzM0FDMDIwOTFGODAxMzA5MUY5MDEyMA0KOjEwMDhCMDAwMjMyQjQxRjQyMDkxMDIwMTMwOTEwMzAxMzA5M0Y5MDE3Rg0KOjEwMDhDMDAwMjA5M0Y4MDEyMDkxMDAwMTMwOTEwMTAxMjExNTMxMDU5Qg0KOjEwMDhEMDAwNDFGNDJEQjczRUI3NDA5MTA0MDE1MDkxMDUwMTI0MUIwRQ0KOjEwMDhFMDAwMzUwQkUwOTFGODAxRjA5MUY5MDFFMjE3RjMwN0EwRjQ1Qw0KOjEwMDhGMDAwMkUxQjNGMEIyODE3MzkwNzc4RjBBQzAxNEU1RjVGNEY3Ng0KOjEwMDkwMDAwMjQxNzM1MDc0OEYwNEUwRjVGMUY1MDkzRjkwMTQwOTNBRA0KOjEwMDkxMDAwRjgwMTgxOTM5MTkzMDJDMEUwRTBGMEUwQ0YwMURGOTExNA0KOjEwMDkyMDAwQ0Y5MTA4OTUwRjkzMUY5M0NGOTNERjkzMDA5NzA5RjQwRQ0KOjEwMDkzMDAwOENDMEZDMDEzMjk3MTM4MjEyODIwMDkxRkEwMTEwOTE0Rg0KOjEwMDk0MDAwRkIwMTAxMTUxMTA1ODFGNDIwODEzMTgxODIwRjkzMUY3NA0KOjEwMDk1MDAwMjA5MUY4MDEzMDkxRjkwMTI4MTczOTA3NzlGNUYwOTNDMg0KOjEwMDk2MDAwRjkwMUUwOTNGODAxNzFDMEQ4MDE0MEUwNTBFMEFFMTcwMg0KOjEwMDk3MDAwQkYwNzUwRjQxMjk2MkQ5MTNDOTExMzk3QUQwMTIxMTVBQw0KOjEwMDk4MDAwMzEwNTA5RjFEOTAxRjNDRjlEMDFEQTAxMzM4MzIyODNDNw0KOjEwMDk5MDAwNjA4MTcxODE4NjBGOTcxRjgyMTc5MzA3NjlGNEVDMDFCQw0KOjEwMDlBMDAwMjg4MTM5ODEyNjBGMzcxRjJFNUYzRjRGMzE4MzIwODNFNw0KOjEwMDlCMDAwOEE4MTlCODE5MzgzODI4MzQ1MkIyOUY0RjA5M0ZCMDFFOQ0KOjEwMDlDMDAwRTA5M0ZBMDE0MkMwMTM5NkZDOTNFRTkzMTI5N0VEMDE2Nw0KOjEwMDlEMDAwNDk5MTU5OTE5RTAxMjQwRjM1MUZFMjE3RjMwNzcxRjRENQ0KOjEwMDlFMDAwODA4MTkxODE4NDBGOTUxRjAyOTYxMTk2OUM5MzhFOTMxRQ0KOjEwMDlGMDAwODI4MTkzODExMzk2OUM5MzhFOTMxMjk3RTBFMEYwRTBBRQ0KOjEwMEEwMDAwRDgwMTEyOTY4RDkxOUM5MTEzOTcwMDk3MTlGMEY4MDFENw0KOjEwMEExMDAwOEMwMUY2Q0Y4RDkxOUM5MTk4MDEyRTVGM0Y0RjgyMEZGNA0KOjEwMEEyMDAwOTMxRjIwOTFGODAxMzA5MUY5MDEyODE3MzkwNzY5RjREMw0KOjEwMEEzMDAwMzA5NzI5RjQxMDkyRkIwMTEwOTJGQTAxMDJDMDEzODI0MA0KOjEwMEE0MDAwMTI4MjEwOTNGOTAxMDA5M0Y4MDFERjkxQ0Y5MTFGOTE2OQ0KOjEwMEE1MDAwMEY5MTA4OTVBMEUwQjBFMEUwRTNGNUUwMEM5NEM0MDM0QQ0KOjEwMEE2MDAwRUMwMTAwOTcyMUY0Q0IwMTBFOTRGRDAzQjhDMEZDMDEwQQ0KOjEwMEE3MDAwRTYwRkY3MUY5QzAxMjI1MDMxMDlFMjE3RjMwNzA4RjQzMw0KOjEwMEE4MDAwQUNDMEQ5MDEwRDkxMUM5MTExOTcwNjE3MTcwN0IwRjA1Mg0KOjEwMEE5MDAwMDUzMDExMDUwOEY0OUZDMEM4MDEwNDk3ODYxNzk3MDcxMQ0KOjEwMEFBMDAwMDhGNDk5QzAwMjUwMTEwOTA2MUIxNzBCMDE5MzExOTMwQQ0KOjEwMEFCMDAwNkQ5MzdDOTNDRjAxMEU5NDkyMDQ4REMwNUIwMUEwMUFCQw0KOjEwMEFDMDAwQjEwQTRDMDE4MDBFOTExRUEwOTFGQTAxQjA5MUZCMDE3OA0KOjEwMEFEMDAwNDBFMDUwRTBFMTJDRjEyQzEwOTcwOUY0NEFDMEE4MTUzMQ0KOjEwMEFFMDAwQjkwNUQxRjU2RDkwN0M5MDExOTc2MzAxODJFMEM4MEUzNQ0KOjEwMEFGMDAwRDExQ0NBMTREQjA0ODBGMUEzMDE0QTE5NUIwOTZBMDEwNQ0KOjEwMEIwMDAwODJFMEM4MEVEMTFDMTI5NkJDOTAxMjk3MTM5NkFDOTEzRA0KOjEwMEIxMDAwQjVFMENCMTZEMTA0NDBGMEIyODJBMzgzNTE4MzQwODM2OQ0KOjEwMEIyMDAwRDkwMTZEOTM3QzkzMEFDMDBFNUYxRjRGQzMwMTgwMEZFNA0KOjEwMEIzMDAwOTExRkY5MDE5MTgzODA4M0VCMkRGQTJGRTExNEYxMDRDOQ0KOjEwMEI0MDAwMzFGMEQ3MDExMzk2RkM5M0VFOTMxMjk3NDRDMEYwOTNDMw0KOjEwMEI1MDAwRkIwMUUwOTNGQTAxM0ZDMDhEOTE5QzkxMTE5NzQ4MTdEQQ0KOjEwMEI2MDAwNTkwNzA4RjRBQzAxN0QwMTEyOTYwRDkwQkM5MUEwMkQ5Rg0KOjEwMEI3MDAwQjNDRjgwOTFGODAxOTA5MUY5MDE4ODE1OTkwNUUxRjRCRQ0KOjEwMEI4MDAwNDYxNzU3MDdDOEY0ODA5MTAwMDE5MDkxMDEwMTAwOTcyMg0KOjEwMEI5MDAwNDFGNDhEQjc5RUI3NDA5MTA0MDE1MDkxMDUwMTg0MUIyQg0KOjEwMEJBMDAwOTUwQkU4MTdGOTA3QzhGNEYwOTNGOTAxRTA5M0Y4MDEwMQ0KOjEwMEJCMDAwRjkwMTcxODM2MDgzMEZDMENCMDEwRTk0RkQwMzdDMDFBQQ0KOjEwMEJDMDAwMDA5NzU5RjBBODAxQkUwMTBFOTRGOTA1Q0UwMTBFOTRDQw0KOjEwMEJEMDAwOTIwNEM3MDEwNEMwQ0UwMTAyQzA4MEUwOTBFMENEQjcwRQ0KOjEwMEJFMDAwREVCN0VFRTAwQzk0RTAwMzgxRTA5MEUwRjg5NDBDOTQyMg0KOjEwMEJGMDAwMDkwNkZCMDFEQzAxMDJDMDAxOTAwRDkyNDE1MDUwNDBGQQ0KOjEwMEMwMDAwRDhGNzA4OTVGQjAxREMwMTAxOTAwRDkyMDAyMEUxRjc3Nw0KOjEwMEMxMDAwMDg5NTEwRTBDNUUzRDBFMDA0QzBGRTAxMEU5NEY3MDM5MA0KOjBDMEMyMDAwMjE5NkM2MzNEMTA3QzlGN0Y4OTRGRkNGMjYNCjoxMDBDMkMwMDAwMDBGQzAxODAwMDAwMDAwMDAwRjcwMDYwMDA4RjAwNTUNCjoxMDBDM0MwMDNFMDFDMDAwOUUwMEIyMDA0OTIwNjQ2RjZFMjc3NDIwRjQNCjoxMDBDNEMwMDZCNkU2Rjc3MjEwMDRENzkyMDc0Njg3MjZGNzU2NzY4RDENCjoxMDBDNUMwMDczMjA2RjZFMjA3NzY4NjE3NDIwNjk3MzIwNzM3MDYxRTQNCjowQzBDNkMwMDYzNjUyMDY5NzMzQTIwMDAwRDBBMDAwMDQ3DQo6MDAwMDAwMDFGRg0K	Sketch uses 3192 bytes (9%) of program storage space. Maximum is 32256 bytes.\nGlobal variables use 252 bytes (12%) of dynamic memory, leaving 1796 bytes for local variables. Maximum is 2048 bytes.\n		arduino:avr:uno	String item;\n\nvoid setup() {\n  Serial.begin(9600);\n}\n\nvoid loop() {\n  // What is Space?\n  // Enter your throughs below.\n  item = "I don\\'t know!";\n\n  item = String("My throughs on what is space is: ") + String(item);\n  Serial.println(item);\n\n}	t	\N	\N	14	2021-08-01 19:13:08.585+00	2021-08-01 19:13:09.852+00	\N	\N
378	COMPLETED	<xml xmlns="http://www.w3.org/1999/xhtml"><block type="serial_setup" id="==lnHTRR]JGkBK?G3AOP" x="64" y="15"><field name="SERIAL_ID">Serial</field><field name="SPEED">9600</field></block><block type="insert_comment" id="Yn*{ZymirKA)ae4R-C|q" x="79" y="132"><mutation items="2"></mutation><value name="ADD0"><block type="text" id="nK#9fq^CVa7I:/I];zX}"><field name="TEXT">What is Space?</field></block></value><value name="ADD1"><block type="text" id="gvGrrT/;`h66)oPZKH0("><field name="TEXT">Enter your throughs below.</field></block></value><next><block type="variables_set" id="O^st-FW@P,/J!,[woEF8"><field name="VAR">item</field><value name="VALUE"><block type="text" id="KWtg/,-sRF{Y(}-fkOy/"><field name="TEXT">No Idea!</field></block></value></block></next></block><block type="variables_set" id="x^3q5KAF|SM|nVOcyO!@" x="78" y="273"><field name="VAR">item</field><value name="VALUE"><block type="text_join" id="_/F=KUmsq[._y!8?Z2y#"><mutation items="2"></mutation><value name="ADD0"><block type="text" id="2qowzW*6d5zEA|7HR9Se"><field name="TEXT">My throughs on what is space is: </field></block></value><value name="ADD1"><block type="variables_get" id="Cul[O**vp@y44)5+LaF6"><field name="VAR">item</field></block></value></block></value><next><block type="serial_print" id="fZavHX^s_]jLT*E}x4.4"><field name="SERIAL_ID">Serial</field><field name="NEW_LINE">TRUE</field><value name="CONTENT"><block type="variables_get" id="pv+J1zT/e6QB1bWi}_KD"><field name="VAR">item</field></block></value></block></next></block></xml>	t	OjEwMDAwMDAwMEM5NDM2MDAwQzk0NUUwMDBDOTQ1RTAwMEM5NDVFMDAyMA0KOjEwMDAxMDAwMEM5NDVFMDAwQzk0NUUwMDBDOTQ1RTAwMEM5NDVFMDBFOA0KOjEwMDAyMDAwMEM5NDVFMDAwQzk0NUUwMDBDOTQ1RTAwMEM5NDVFMDBEOA0KOjEwMDAzMDAwMEM5NDVFMDAwQzk0NUUwMDBDOTQ1RTAwMEM5NDVFMDBDOA0KOjEwMDA0MDAwMEM5NEREMDEwQzk0NUUwMDBDOTQ0RDAyMEM5NDI3MDI3Qw0KOjEwMDA1MDAwMEM5NDVFMDAwQzk0NUUwMDBDOTQ1RTAwMEM5NDVFMDBBOA0KOjEwMDA2MDAwMEM5NDVFMDAwQzk0NUUwMDdGMDJCQTAzMTEyNDFGQkU0NA0KOjEwMDA3MDAwQ0ZFRkQ4RTBERUJGQ0RCRjIxRTBBNkU0QjFFMDAxQzAwNA0KOjEwMDA4MDAwMUQ5MkE2M0ZCMjA3RTFGNzExRTBBMEUwQjFFMEVDRTI3Qg0KOjEwMDA5MDAwRkNFMDAyQzAwNTkwMEQ5MkE2MzRCMTA3RDlGNzEwRTAzQw0KOjEwMDBBMDAwQzVFM0QwRTAwNEMwMjE5N0ZFMDEwRTk0RjcwM0M0MzNFQQ0KOjEwMDBCMDAwRDEwN0M5RjcwRTk0QkEwMjBDOTQwOTA2MEM5NDAwMDBGQg0KOjEwMDBDMDAwQ0Y5MkRGOTJFRjkyRkY5MjBGOTMxRjkzQ0Y5M0RGOTMyNA0KOjEwMDBEMDAwNkMwMTdBMDE4QjAxQzBFMEQwRTBDRTE1REYwNTg5RjAxQw0KOjEwMDBFMDAwRDgwMTZEOTE4RDAxRDYwMUVEOTFGQzkxMDE5MEYwODFDNw0KOjEwMDBGMDAwRTAyREM2MDEwOTk1ODkyQjExRjQ3RTAxMDJDMDIxOTZERA0KOjEwMDEwMDAwRUNDRkM3MDFERjkxQ0Y5MTFGOTEwRjkxRkY5MEVGOTAzRQ0KOjEwMDExMDAwREY5MENGOTAwODk1MDg5NTgwRTA5MEUwMDg5NUZDMDE2RA0KOjEwMDEyMDAwNTM4RDQ0OEQyNTJGMzBFMDg0MkY5MEUwODIxQjkzMEI1Qw0KOjEwMDEzMDAwNTQxNzEwRjBDRjk2MDg5NTAxOTcwODk1RkMwMTkxOEQwMg0KOjEwMDE0MDAwODI4RDk4MTc2MUYwODI4RERGMDFBODBGQjExRDVEOTYzOQ0KOjEwMDE1MDAwOEM5MTkyOEQ5RjVGOUY3MzkyOEY5MEUwMDg5NThGRUZBNw0KOjEwMDE2MDAwOUZFRjA4OTVGQzAxOTE4RDgyOEQ5ODE3MzFGMDgyOEQ1Qg0KOjEwMDE3MDAwRTgwRkYxMUQ4NThEOTBFMDA4OTU4RkVGOUZFRjA4OTVCMg0KOjEwMDE4MDAwRkMwMTkxOEQyMjhEODkyRjkwRTA4MDVDOUY0RjgyMUIxNg0KOjEwMDE5MDAwOTEwOThGNzM5OTI3MDg5NThGRTQ5MUUwMEU5NEMwMDAyMA0KOjEwMDFBMDAwMjFFMDg5MkIwOUY0MjBFMDgyMkYwODk1RkMwMTg0OEQ0MQ0KOjEwMDFCMDAwREYwMUE4MEZCMTFEQTM1QUJGNEYyQzkxODQ4RDkwRTA5MQ0KOjEwMDFDMDAwMDE5NjhGNzM5OTI3ODQ4RkE2ODlCNzg5MkM5M0EwODk2Qw0KOjEwMDFEMDAwQjE4OThDOTE4MDY0OEM5MzkzOEQ4NDhEOTgxMzA2QzAyMw0KOjEwMDFFMDAwMDI4OEYzODlFMDJEODA4MThGN0Q4MDgzMDg5NUVGOTJDRQ0KOjEwMDFGMDAwRkY5MjBGOTMxRjkzQ0Y5M0RGOTNFQzAxODFFMDg4OEZFMQ0KOjEwMDIwMDAwOUI4RDhDOEQ5ODEzMDVDMEU4ODlGOTg5ODA4MTg1RkRDNw0KOjEwMDIxMDAwMjRDMEY2MkUwQjhEMTBFMDBGNUYxRjRGMEY3MzExMjdCOA0KOjEwMDIyMDAwRTAyRThDOERFODEyMENDMDBGQjYwN0ZDRkFDRkU4ODlERg0KOjEwMDIzMDAwRjk4OTgwODE4NUZGRjVDRkNFMDEwRTk0RDYwMEYxQ0ZFQw0KOjEwMDI0MDAwOEI4REZFMDFFODBGRjExREUzNUFGRjRGRjA4MjBCOEZGQg0KOjEwMDI1MDAwRUE4OUZCODk4MDgxODA2MjA3QzBFRTg5RkY4OTYwODMxQg0KOjEwMDI2MDAwRTg4OUY5ODk4MDgxODA2NDgwODM4MUUwOTBFMERGOTE3Mg0KOjEwMDI3MDAwQ0Y5MTFGOTEwRjkxRkY5MEVGOTAwODk1Q0Y5M0RGOTM0Rg0KOjEwMDI4MDAwRUMwMTg4OEQ4ODIzQzlGMEVBODlGQjg5ODA4MTg1RkQ4RQ0KOjEwMDI5MDAwMDVDMEE4ODlCOTg5OEM5MTg2RkQwRkMwMEZCNjA3RkNFRg0KOjEwMDJBMDAwRjVDRjgwODE4NUZGRjJDRkE4ODlCOTg5OEM5MTg1RkYzMA0KOjEwMDJCMDAwRURDRkNFMDEwRTk0RDYwMEU3Q0ZERjkxQ0Y5MTA4OTUxOA0KOjEwMDJDMDAwODBFMDkwRTA4OTJCMjlGMDBFOTRDQzAwODExMTBDOTRGMQ0KOjEwMDJEMDAwMDAwMDA4OTVDRjkzREY5M0VDMDE4ODgxOTk4MTAwOTcwNg0KOjEwMDJFMDAwMTFGMDBFOTQ5MjA0MTk4MjE4ODIxRDgyMUM4MjFCODJDNg0KOjEwMDJGMDAwMUE4MkRGOTFDRjkxMDg5NTBFOTRGNDA1MEY5MzFGOTMwNg0KOjEwMDMwMDAwQ0Y5M0RGOTNFQzAxODg4MTk5ODEwMDk3MjlGMDJBODFBRQ0KOjEwMDMxMDAwM0I4MTI2MTczNzA3ODhGNDhCMDE2RjVGN0Y0RjBFOTQ2MA0KOjEwMDMyMDAwMkEwNTAwOTc2MUYwOTk4Mzg4ODMxQjgzMEE4MzJDODFCNw0KOjEwMDMzMDAwM0Q4MTIzMkIxMUY0RkMwMTEwODI4MUUwMDFDMDgwRTA5Qg0KOjEwMDM0MDAwREY5MUNGOTExRjkxMEY5MTA4OTVFRjkyRkY5MjBGOTMzQw0KOjEwMDM1MDAwMUY5M0NGOTNERjkzRUMwMTdCMDE4QTAxQkEwMTBFOTRDNg0KOjEwMDM2MDAwN0UwMTgxMTEwNEMwQ0UwMTBFOTQ2QTAxMDdDMDFEODM3NQ0KOjEwMDM3MDAwMEM4M0I3MDE4ODgxOTk4MTBFOTQwMjA2Q0UwMURGOTEyQQ0KOjEwMDM4MDAwQ0Y5MTFGOTEwRjkxRkY5MEVGOTAwODk1Q0Y5M0RGOTMzRQ0KOjEwMDM5MDAwRUMwMUZCMDE4NjE3OTcwNzYxRjA2MDgxNzE4MTYxMTU5Rg0KOjEwMDNBMDAwNzEwNTI5RjA0NDgxNTU4MTBFOTRBNTAxMDJDMDBFOTQ3Nw0KOjEwMDNCMDAwNkEwMUNFMDFERjkxQ0Y5MTA4OTUxRjkyMEY5MjBGQjY3Rg0KOjEwMDNDMDAwMEY5MjExMjQyRjkzM0Y5MzhGOTM5RjkzQUY5M0JGOTNEQg0KOjEwMDNEMDAwODA5MTRCMDE5MDkxNEMwMUEwOTE0RDAxQjA5MTRFMDE0Mw0KOjEwMDNFMDAwMzA5MTRBMDEyM0UwMjMwRjJEMzcyMEY0MDE5NkExMURGRg0KOjEwMDNGMDAwQjExRDA1QzAyNkU4MjMwRjAyOTZBMTFEQjExRDIwOTM1Mw0KOjEwMDQwMDAwNEEwMTgwOTM0QjAxOTA5MzRDMDFBMDkzNEQwMUIwOTMwRQ0KOjEwMDQxMDAwNEUwMTgwOTE0NjAxOTA5MTQ3MDFBMDkxNDgwMUIwOTExMQ0KOjEwMDQyMDAwNDkwMTAxOTZBMTFEQjExRDgwOTM0NjAxOTA5MzQ3MDE5QQ0KOjEwMDQzMDAwQTA5MzQ4MDFCMDkzNDkwMUJGOTFBRjkxOUY5MThGOTFEMw0KOjEwMDQ0MDAwM0Y5MTJGOTEwRjkwMEZCRTBGOTAxRjkwMTg5NTFGOTIwNA0KOjEwMDQ1MDAwMEY5MjBGQjYwRjkyMTEyNDJGOTMzRjkzNEY5MzVGOTNGOA0KOjEwMDQ2MDAwNkY5MzdGOTM4RjkzOUY5M0FGOTNCRjkzRUY5M0ZGOTM3Qw0KOjEwMDQ3MDAwOEZFNDkxRTAwRTk0RDYwMEZGOTFFRjkxQkY5MUFGOTE4MA0KOjEwMDQ4MDAwOUY5MThGOTE3RjkxNkY5MTVGOTE0RjkxM0Y5MTJGOTFBQw0KOjEwMDQ5MDAwMEY5MDBGQkUwRjkwMUY5MDE4OTUxRjkyMEY5MjBGQjZERQ0KOjEwMDRBMDAwMEY5MjExMjQyRjkzOEY5MzlGOTNFRjkzRkY5M0UwOTFEQg0KOjEwMDRCMDAwNUYwMUYwOTE2MDAxODA4MUUwOTE2NTAxRjA5MTY2MDEzQQ0KOjEwMDRDMDAwODJGRDEyQzA5MDgxODA5MTY4MDE4RjVGOEY3MzIwOTFBRg0KOjEwMDREMDAwNjkwMTgyMTc1MUYwRTA5MTY4MDFGMEUwRTE1QkZFNEZBNQ0KOjEwMDRFMDAwOTU4RjgwOTM2ODAxMDFDMDgwODFGRjkxRUY5MTlGOTE2QQ0KOjEwMDRGMDAwOEY5MTJGOTEwRjkwMEZCRTBGOTAxRjkwMTg5NUVGRTRFMg0KOjEwMDUwMDAwRjFFMDEzODIxMjgyODhFRTkzRTBBMEUwQjBFMDg0ODNGMQ0KOjEwMDUxMDAwOTU4M0E2ODNCNzgzOEFFMDkxRTA5MTgzODA4Mzg1RUNGRA0KOjEwMDUyMDAwOTBFMDk1ODc4NDg3ODRFQzkwRTA5Nzg3ODY4NzgwRUNCRA0KOjEwMDUzMDAwOTBFMDkxOEI4MDhCODFFQzkwRTA5MzhCODI4QjgyRUNBRQ0KOjEwMDU0MDAwOTBFMDk1OEI4NDhCODZFQzkwRTA5NzhCODY4QjExOEU1OA0KOjEwMDU1MDAwMTI4RTEzOEUxNDhFRUNFRUYxRTAxMTgyMTA4MjEzODI1Mw0KOjEwMDU2MDAwMTI4MjE1ODIxNDgyNDBFMDUwRTA2NUU0NzFFMENGMDExMA0KOjEwMDU3MDAwMEM5NEE1MDFDRjkzREY5M0NEQjdERUI3NjI5NzBGQjY4QQ0KOjEwMDU4MDAwRjg5NERFQkYwRkJFQ0RCRjc4OTQ4NEI1ODI2MDg0QkQ4MQ0KOjEwMDU5MDAwODRCNTgxNjA4NEJEODVCNTgyNjA4NUJEODVCNTgxNjA4Nw0KOjEwMDVBMDAwODVCRDgwOTE2RTAwODE2MDgwOTM2RTAwMTA5MjgxMDAwNQ0KOjEwMDVCMDAwODA5MTgxMDA4MjYwODA5MzgxMDA4MDkxODEwMDgxNjBDMA0KOjEwMDVDMDAwODA5MzgxMDA4MDkxODAwMDgxNjA4MDkzODAwMDgwOTE4MQ0KOjEwMDVEMDAwQjEwMDg0NjA4MDkzQjEwMDgwOTFCMDAwODE2MDgwOTMwRA0KOjEwMDVFMDAwQjAwMDgwOTE3QTAwODQ2MDgwOTM3QTAwODA5MTdBMDBENA0KOjEwMDVGMDAwODI2MDgwOTM3QTAwODA5MTdBMDA4MTYwODA5MzdBMDA5Mw0KOjEwMDYwMDAwODA5MTdBMDA4MDY4ODA5MzdBMDAxMDkyQzEwMEUwOTExNg0KOjEwMDYxMDAwNUYwMUYwOTE2MDAxODJFMDgwODNFMDkxNUIwMUYwOTFFNQ0KOjEwMDYyMDAwNUMwMTEwODJFMDkxNUQwMUYwOTE1RTAxOEZFQzgwODNBRQ0KOjEwMDYzMDAwMTA5MjY3MDFFMDkxNjMwMUYwOTE2NDAxODZFMDgwODM4Qw0KOjEwMDY0MDAwRTA5MTYxMDFGMDkxNjIwMTgwODE4MDYxODA4M0UwOTE5RA0KOjEwMDY1MDAwNjEwMUYwOTE2MjAxODA4MTg4NjA4MDgzRTA5MTYxMDE5NQ0KOjEwMDY2MDAwRjA5MTYyMDE4MDgxODA2ODgwODNFMDkxNjEwMUYwOTE2Ng0KOjEwMDY3MDAwNjIwMTgwODE4RjdEODA4MzQ4RTA1MEUwNjhFMTcxRTAxNQ0KOjEwMDY4MDAwOENFRTkxRTAwRTk0QTUwMTFBODIxOTgyMUM4MjFCODJDNQ0KOjEwMDY5MDAwMUU4MjFEODI2Q0VFNzFFMENFMDEwMTk2MEU5NEM2MDFBMQ0KOjEwMDZBMDAwMUU4NjFEODYxODhBMUY4NjFBOEExOThBNDFFMjUwRTAyMg0KOjEwMDZCMDAwNjFFMjcxRTBDRTAxMEQ5NjBFOTRBNTAxMTg4NjFGODJBRA0KOjEwMDZDMDAwMUE4NjE5ODYxQzg2MUI4NkJFMDE2MzVGN0Y0RkNFMDE4QQ0KOjEwMDZEMDAwMDc5NjBFOTRDNjAxOEQ4MTlFODFFOTgwRkE4MDBCODU3NA0KOjEwMDZFMDAwMUM4NUUxMTRGMTA0MDlGNDQwQzAwMDk3QTFGMDA4MEY0Mw0KOjEwMDZGMDAwMTkxRkI4MDFDRTAxMDc5NjBFOTQ3RTAxODgyM0E5RjEzNw0KOjEwMDcwMDAwMkY4MTM4ODU4Qjg1OUM4NUI3MDE4MjBGOTMxRjBFOTRBRQ0KOjEwMDcxMDAwMDIwNjFDODcwQjg3QkUwMTY5NUY3RjRGOENFRTkxRTA1Qw0KOjEwMDcyMDAwMEU5NEM2MDE4RjgxOTg4NTBFOTQ5MjA0OEQ4NTlFODVDNg0KOjEwMDczMDAwMEU5NDkyMDQ4OTgxOUE4MTBFOTQ5MjA0NDA5MUYwMDE2Mg0KOjEwMDc0MDAwNTA5MUYxMDE2MDkxRUMwMTcwOTFFRDAxOEZFNDkxRTAyNQ0KOjEwMDc1MDAwMEU5NDYwMDA0MkUwNTBFMDYzRTQ3MUUwOEZFNDkxRTBDOQ0KOjEwMDc2MDAwMEU5NDYwMDAwRTk0NjAwMTg3Q0ZDRTAxMDc5NjBFOTQyMA0KOjEwMDc3MDAwNkEwMUQxQ0Y4MDkxRUMwMTkwOTFFRDAxMEM5NDkyMDQyQg0KOjEwMDc4MDAwMkY5MjNGOTI0RjkyNUY5MjZGOTI3RjkyOEY5MjlGOTJBMQ0KOjEwMDc5MDAwQUY5MkJGOTJDRjkyREY5MkVGOTJGRjkyMEY5MzFGOTM4Rg0KOjEwMDdBMDAwQ0Y5M0RGOTNDREI3REVCN0NBMUJEQjBCMEZCNkY4OTQ0MA0KOjEwMDdCMDAwREVCRjBGQkVDREJGMDk5NDJBODgzOTg4NDg4ODVGODQ4MA0KOjEwMDdDMDAwNkU4NDdEODQ4Qzg0OUI4NEFBODRCOTg0Qzg4NERGODBGMQ0KOjEwMDdEMDAwRUU4MEZEODAwQzgxMUI4MUFBODFCOTgxQ0UwRkQxMURENQ0KOjEwMDdFMDAwMEZCNkY4OTRERUJGMEZCRUNEQkZFRDAxMDg5NUVFMEYzQQ0KOjEwMDdGMDAwRkYxRjA1OTBGNDkxRTAyRDA5OTRDRjkzREY5MzgyMzA5MQ0KOjEwMDgwMDAwOTEwNTEwRjQ4MkUwOTBFMEUwOTFGNDAxRjA5MUY1MDE5Rg0KOjEwMDgxMDAwMjBFMDMwRTBDMEUwRDBFMDMwOTcxMUYxNDA4MTUxODExQw0KOjEwMDgyMDAwNDgxNzU5MDdDMEYwNDgxNzU5MDc2MUY0ODI4MTkzODEyRQ0KOjEwMDgzMDAwMjA5NzE5RjA5QjgzOEE4MzJCQzA5MDkzRjUwMTgwOTNCNg0KOjEwMDg0MDAwRjQwMTI2QzAyMTE1MzEwNTE5RjA0MjE3NTMwNzE4RjQ5OQ0KOjEwMDg1MDAwOUEwMUJFMDFERjAxRUYwMTAyODBGMzgxRTAyRERDQ0ZDMA0KOjEwMDg2MDAwMjExNTMxMDUwOUYxMjgxQjM5MEIyNDMwMzEwNTkwRjQ4RA0KOjEwMDg3MDAwMTI5NjhEOTE5QzkxMTM5NzYxMTU3MTA1MjFGMEZCMDFFMg0KOjEwMDg4MDAwOTM4MzgyODMwNEMwOTA5M0Y1MDE4MDkzRjQwMUZEMDE2QQ0KOjEwMDg5MDAwMzI5NjQ0QzBGRDAxRTIwRkYzMUY4MTkzOTE5MzIyNTBFMQ0KOjEwMDhBMDAwMzEwOTJEOTMzQzkzM0FDMDIwOTFGMjAxMzA5MUYzMDEyQw0KOjEwMDhCMDAwMjMyQjQxRjQyMDkxMDIwMTMwOTEwMzAxMzA5M0YzMDE4NQ0KOjEwMDhDMDAwMjA5M0YyMDEyMDkxMDAwMTMwOTEwMTAxMjExNTMxMDVBMQ0KOjEwMDhEMDAwNDFGNDJEQjczRUI3NDA5MTA0MDE1MDkxMDUwMTI0MUIwRQ0KOjEwMDhFMDAwMzUwQkUwOTFGMjAxRjA5MUYzMDFFMjE3RjMwN0EwRjQ2OA0KOjEwMDhGMDAwMkUxQjNGMEIyODE3MzkwNzc4RjBBQzAxNEU1RjVGNEY3Ng0KOjEwMDkwMDAwMjQxNzM1MDc0OEYwNEUwRjVGMUY1MDkzRjMwMTQwOTNCMw0KOjEwMDkxMDAwRjIwMTgxOTM5MTkzMDJDMEUwRTBGMEUwQ0YwMURGOTExQQ0KOjEwMDkyMDAwQ0Y5MTA4OTUwRjkzMUY5M0NGOTNERjkzMDA5NzA5RjQwRQ0KOjEwMDkzMDAwOENDMEZDMDEzMjk3MTM4MjEyODIwMDkxRjQwMTEwOTE1NQ0KOjEwMDk0MDAwRjUwMTAxMTUxMTA1ODFGNDIwODEzMTgxODIwRjkzMUY3QQ0KOjEwMDk1MDAwMjA5MUYyMDEzMDkxRjMwMTI4MTczOTA3NzlGNUYwOTNDRQ0KOjEwMDk2MDAwRjMwMUUwOTNGMjAxNzFDMEQ4MDE0MEUwNTBFMEFFMTcwRQ0KOjEwMDk3MDAwQkYwNzUwRjQxMjk2MkQ5MTNDOTExMzk3QUQwMTIxMTVBQw0KOjEwMDk4MDAwMzEwNTA5RjFEOTAxRjNDRjlEMDFEQTAxMzM4MzIyODNDNw0KOjEwMDk5MDAwNjA4MTcxODE4NjBGOTcxRjgyMTc5MzA3NjlGNEVDMDFCQw0KOjEwMDlBMDAwMjg4MTM5ODEyNjBGMzcxRjJFNUYzRjRGMzE4MzIwODNFNw0KOjEwMDlCMDAwOEE4MTlCODE5MzgzODI4MzQ1MkIyOUY0RjA5M0Y1MDFFRg0KOjEwMDlDMDAwRTA5M0Y0MDE0MkMwMTM5NkZDOTNFRTkzMTI5N0VEMDE2RA0KOjEwMDlEMDAwNDk5MTU5OTE5RTAxMjQwRjM1MUZFMjE3RjMwNzcxRjRENQ0KOjEwMDlFMDAwODA4MTkxODE4NDBGOTUxRjAyOTYxMTk2OUM5MzhFOTMxRQ0KOjEwMDlGMDAwODI4MTkzODExMzk2OUM5MzhFOTMxMjk3RTBFMEYwRTBBRQ0KOjEwMEEwMDAwRDgwMTEyOTY4RDkxOUM5MTEzOTcwMDk3MTlGMEY4MDFENw0KOjEwMEExMDAwOEMwMUY2Q0Y4RDkxOUM5MTk4MDEyRTVGM0Y0RjgyMEZGNA0KOjEwMEEyMDAwOTMxRjIwOTFGMjAxMzA5MUYzMDEyODE3MzkwNzY5RjRERg0KOjEwMEEzMDAwMzA5NzI5RjQxMDkyRjUwMTEwOTJGNDAxMDJDMDEzODI0Qw0KOjEwMEE0MDAwMTI4MjEwOTNGMzAxMDA5M0YyMDFERjkxQ0Y5MTFGOTE3NQ0KOjEwMEE1MDAwMEY5MTA4OTVBMEUwQjBFMEUwRTNGNUUwMEM5NEM0MDM0QQ0KOjEwMEE2MDAwRUMwMTAwOTcyMUY0Q0IwMTBFOTRGRDAzQjhDMEZDMDEwQQ0KOjEwMEE3MDAwRTYwRkY3MUY5QzAxMjI1MDMxMDlFMjE3RjMwNzA4RjQzMw0KOjEwMEE4MDAwQUNDMEQ5MDEwRDkxMUM5MTExOTcwNjE3MTcwN0IwRjA1Mg0KOjEwMEE5MDAwMDUzMDExMDUwOEY0OUZDMEM4MDEwNDk3ODYxNzk3MDcxMQ0KOjEwMEFBMDAwMDhGNDk5QzAwMjUwMTEwOTA2MUIxNzBCMDE5MzExOTMwQQ0KOjEwMEFCMDAwNkQ5MzdDOTNDRjAxMEU5NDkyMDQ4REMwNUIwMUEwMUFCQw0KOjEwMEFDMDAwQjEwQTRDMDE4MDBFOTExRUEwOTFGNDAxQjA5MUY1MDE4NA0KOjEwMEFEMDAwNDBFMDUwRTBFMTJDRjEyQzEwOTcwOUY0NEFDMEE4MTUzMQ0KOjEwMEFFMDAwQjkwNUQxRjU2RDkwN0M5MDExOTc2MzAxODJFMEM4MEUzNQ0KOjEwMEFGMDAwRDExQ0NBMTREQjA0ODBGMUEzMDE0QTE5NUIwOTZBMDEwNQ0KOjEwMEIwMDAwODJFMEM4MEVEMTFDMTI5NkJDOTAxMjk3MTM5NkFDOTEzRA0KOjEwMEIxMDAwQjVFMENCMTZEMTA0NDBGMEIyODJBMzgzNTE4MzQwODM2OQ0KOjEwMEIyMDAwRDkwMTZEOTM3QzkzMEFDMDBFNUYxRjRGQzMwMTgwMEZFNA0KOjEwMEIzMDAwOTExRkY5MDE5MTgzODA4M0VCMkRGQTJGRTExNEYxMDRDOQ0KOjEwMEI0MDAwMzFGMEQ3MDExMzk2RkM5M0VFOTMxMjk3NDRDMEYwOTNDMw0KOjEwMEI1MDAwRjUwMUUwOTNGNDAxM0ZDMDhEOTE5QzkxMTE5NzQ4MTdFNg0KOjEwMEI2MDAwNTkwNzA4RjRBQzAxN0QwMTEyOTYwRDkwQkM5MUEwMkQ5Rg0KOjEwMEI3MDAwQjNDRjgwOTFGMjAxOTA5MUYzMDE4ODE1OTkwNUUxRjRDQQ0KOjEwMEI4MDAwNDYxNzU3MDdDOEY0ODA5MTAwMDE5MDkxMDEwMTAwOTcyMg0KOjEwMEI5MDAwNDFGNDhEQjc5RUI3NDA5MTA0MDE1MDkxMDUwMTg0MUIyQg0KOjEwMEJBMDAwOTUwQkU4MTdGOTA3QzhGNEYwOTNGMzAxRTA5M0YyMDEwRA0KOjEwMEJCMDAwRjkwMTcxODM2MDgzMEZDMENCMDEwRTk0RkQwMzdDMDFBQQ0KOjEwMEJDMDAwMDA5NzU5RjBBODAxQkUwMTBFOTRGOTA1Q0UwMTBFOTRDQw0KOjEwMEJEMDAwOTIwNEM3MDEwNEMwQ0UwMTAyQzA4MEUwOTBFMENEQjcwRQ0KOjEwMEJFMDAwREVCN0VFRTAwQzk0RTAwMzgxRTA5MEUwRjg5NDBDOTQyMg0KOjEwMEJGMDAwMDkwNkZCMDFEQzAxMDJDMDAxOTAwRDkyNDE1MDUwNDBGQQ0KOjEwMEMwMDAwRDhGNzA4OTVGQjAxREMwMTAxOTAwRDkyMDAyMEUxRjc3Nw0KOjEwMEMxMDAwMDg5NTEwRTBDNUUzRDBFMDA0QzBGRTAxMEU5NEY3MDM5MA0KOjBDMEMyMDAwMjE5NkM2MzNEMTA3QzlGN0Y4OTRGRkNGMjYNCjoxMDBDMkMwMDAwMDBGNjAxODAwMDAwMDAwMDAwRjcwMDYwMDA4RjAwNUINCjoxMDBDM0MwMDNFMDFDMDAwOUUwMEIyMDA0RTZGMjA0OTY0NjU2MTIxRTgNCjoxMDBDNEMwMDAwNEQ3OTIwNzQ2ODcyNkY3NTY3Njg3MzIwNkY2RTIwMjENCjoxMDBDNUMwMDc3Njg2MTc0MjA2OTczMjA3MzcwNjE2MzY1MjA2OTczQjANCjowNjBDNkMwMDNBMjAwMDBEMEEwMDExDQo6MDAwMDAwMDFGRg0K	Sketch uses 3186 bytes (9%) of program storage space. Maximum is 32256 bytes.\nGlobal variables use 246 bytes (12%) of dynamic memory, leaving 1802 bytes for local variables. Maximum is 2048 bytes.\n		arduino:avr:uno	String item;\n\nvoid setup() {\n  Serial.begin(9600);\n}\n\nvoid loop() {\n  // What is Space?\n  // Enter your throughs below.\n  item = "No Idea!";\n\n  item = String("My throughs on what is space is: ") + String(item);\n  Serial.println(item);\n\n}	f	1698	886	15	2021-08-01 19:13:58.355+00	2021-08-01 19:13:59.669+00	\N	\N
379	COMPLETED	<xml xmlns="http://www.w3.org/1999/xhtml"><block type="serial_setup" id="==lnHTRR]JGkBK?G3AOP" x="64" y="15"><field name="SERIAL_ID">Serial</field><field name="SPEED">9600</field></block><block type="insert_comment" id="Yn*{ZymirKA)ae4R-C|q" x="79" y="132"><mutation items="2"></mutation><value name="ADD0"><block type="text" id="nK#9fq^CVa7I:/I];zX}"><field name="TEXT">What is Space?</field></block></value><value name="ADD1"><block type="text" id="gvGrrT/;`h66)oPZKH0("><field name="TEXT">Enter your throughs below.</field></block></value><next><block type="variables_set" id="O^st-FW@P,/J!,[woEF8"><field name="VAR">item</field><value name="VALUE"><block type="text" id="KWtg/,-sRF{Y(}-fkOy/"><field name="TEXT">whattttt?</field></block></value></block></next></block><block type="variables_set" id="x^3q5KAF|SM|nVOcyO!@" x="78" y="273"><field name="VAR">item</field><value name="VALUE"><block type="text_join" id="_/F=KUmsq[._y!8?Z2y#"><mutation items="2"></mutation><value name="ADD0"><block type="text" id="2qowzW*6d5zEA|7HR9Se"><field name="TEXT">My throughs on what is space is: </field></block></value><value name="ADD1"><block type="variables_get" id="Cul[O**vp@y44)5+LaF6"><field name="VAR">item</field></block></value></block></value><next><block type="serial_print" id="fZavHX^s_]jLT*E}x4.4"><field name="SERIAL_ID">Serial</field><field name="NEW_LINE">TRUE</field><value name="CONTENT"><block type="variables_get" id="pv+J1zT/e6QB1bWi}_KD"><field name="VAR">item</field></block></value></block></next></block></xml>	t	OjEwMDAwMDAwMEM5NDM2MDAwQzk0NUUwMDBDOTQ1RTAwMEM5NDVFMDAyMA0KOjEwMDAxMDAwMEM5NDVFMDAwQzk0NUUwMDBDOTQ1RTAwMEM5NDVFMDBFOA0KOjEwMDAyMDAwMEM5NDVFMDAwQzk0NUUwMDBDOTQ1RTAwMEM5NDVFMDBEOA0KOjEwMDAzMDAwMEM5NDVFMDAwQzk0NUUwMDBDOTQ1RTAwMEM5NDVFMDBDOA0KOjEwMDA0MDAwMEM5NEREMDEwQzk0NUUwMDBDOTQ0RDAyMEM5NDI3MDI3Qw0KOjEwMDA1MDAwMEM5NDVFMDAwQzk0NUUwMDBDOTQ1RTAwMEM5NDVFMDBBOA0KOjEwMDA2MDAwMEM5NDVFMDAwQzk0NUUwMDdGMDJCQTAzMTEyNDFGQkU0NA0KOjEwMDA3MDAwQ0ZFRkQ4RTBERUJGQ0RCRjIxRTBBOEU0QjFFMDAxQzAwMg0KOjEwMDA4MDAwMUQ5MkE4M0ZCMjA3RTFGNzExRTBBMEUwQjFFMEVDRTI3OQ0KOjEwMDA5MDAwRkNFMDAyQzAwNTkwMEQ5MkE4MzRCMTA3RDlGNzEwRTAzQQ0KOjEwMDBBMDAwQzVFM0QwRTAwNEMwMjE5N0ZFMDEwRTk0RjcwM0M0MzNFQQ0KOjEwMDBCMDAwRDEwN0M5RjcwRTk0QkEwMjBDOTQwOTA2MEM5NDAwMDBGQg0KOjEwMDBDMDAwQ0Y5MkRGOTJFRjkyRkY5MjBGOTMxRjkzQ0Y5M0RGOTMyNA0KOjEwMDBEMDAwNkMwMTdBMDE4QjAxQzBFMEQwRTBDRTE1REYwNTg5RjAxQw0KOjEwMDBFMDAwRDgwMTZEOTE4RDAxRDYwMUVEOTFGQzkxMDE5MEYwODFDNw0KOjEwMDBGMDAwRTAyREM2MDEwOTk1ODkyQjExRjQ3RTAxMDJDMDIxOTZERA0KOjEwMDEwMDAwRUNDRkM3MDFERjkxQ0Y5MTFGOTEwRjkxRkY5MEVGOTAzRQ0KOjEwMDExMDAwREY5MENGOTAwODk1MDg5NTgwRTA5MEUwMDg5NUZDMDE2RA0KOjEwMDEyMDAwNTM4RDQ0OEQyNTJGMzBFMDg0MkY5MEUwODIxQjkzMEI1Qw0KOjEwMDEzMDAwNTQxNzEwRjBDRjk2MDg5NTAxOTcwODk1RkMwMTkxOEQwMg0KOjEwMDE0MDAwODI4RDk4MTc2MUYwODI4RERGMDFBODBGQjExRDVEOTYzOQ0KOjEwMDE1MDAwOEM5MTkyOEQ5RjVGOUY3MzkyOEY5MEUwMDg5NThGRUZBNw0KOjEwMDE2MDAwOUZFRjA4OTVGQzAxOTE4RDgyOEQ5ODE3MzFGMDgyOEQ1Qg0KOjEwMDE3MDAwRTgwRkYxMUQ4NThEOTBFMDA4OTU4RkVGOUZFRjA4OTVCMg0KOjEwMDE4MDAwRkMwMTkxOEQyMjhEODkyRjkwRTA4MDVDOUY0RjgyMUIxNg0KOjEwMDE5MDAwOTEwOThGNzM5OTI3MDg5NTgxRTU5MUUwMEU5NEMwMDAyRA0KOjEwMDFBMDAwMjFFMDg5MkIwOUY0MjBFMDgyMkYwODk1RkMwMTg0OEQ0MQ0KOjEwMDFCMDAwREYwMUE4MEZCMTFEQTM1QUJGNEYyQzkxODQ4RDkwRTA5MQ0KOjEwMDFDMDAwMDE5NjhGNzM5OTI3ODQ4RkE2ODlCNzg5MkM5M0EwODk2Qw0KOjEwMDFEMDAwQjE4OThDOTE4MDY0OEM5MzkzOEQ4NDhEOTgxMzA2QzAyMw0KOjEwMDFFMDAwMDI4OEYzODlFMDJEODA4MThGN0Q4MDgzMDg5NUVGOTJDRQ0KOjEwMDFGMDAwRkY5MjBGOTMxRjkzQ0Y5M0RGOTNFQzAxODFFMDg4OEZFMQ0KOjEwMDIwMDAwOUI4RDhDOEQ5ODEzMDVDMEU4ODlGOTg5ODA4MTg1RkRDNw0KOjEwMDIxMDAwMjRDMEY2MkUwQjhEMTBFMDBGNUYxRjRGMEY3MzExMjdCOA0KOjEwMDIyMDAwRTAyRThDOERFODEyMENDMDBGQjYwN0ZDRkFDRkU4ODlERg0KOjEwMDIzMDAwRjk4OTgwODE4NUZGRjVDRkNFMDEwRTk0RDYwMEYxQ0ZFQw0KOjEwMDI0MDAwOEI4REZFMDFFODBGRjExREUzNUFGRjRGRjA4MjBCOEZGQg0KOjEwMDI1MDAwRUE4OUZCODk4MDgxODA2MjA3QzBFRTg5RkY4OTYwODMxQg0KOjEwMDI2MDAwRTg4OUY5ODk4MDgxODA2NDgwODM4MUUwOTBFMERGOTE3Mg0KOjEwMDI3MDAwQ0Y5MTFGOTEwRjkxRkY5MEVGOTAwODk1Q0Y5M0RGOTM0Rg0KOjEwMDI4MDAwRUMwMTg4OEQ4ODIzQzlGMEVBODlGQjg5ODA4MTg1RkQ4RQ0KOjEwMDI5MDAwMDVDMEE4ODlCOTg5OEM5MTg2RkQwRkMwMEZCNjA3RkNFRg0KOjEwMDJBMDAwRjVDRjgwODE4NUZGRjJDRkE4ODlCOTg5OEM5MTg1RkYzMA0KOjEwMDJCMDAwRURDRkNFMDEwRTk0RDYwMEU3Q0ZERjkxQ0Y5MTA4OTUxOA0KOjEwMDJDMDAwODBFMDkwRTA4OTJCMjlGMDBFOTRDQzAwODExMTBDOTRGMQ0KOjEwMDJEMDAwMDAwMDA4OTVDRjkzREY5M0VDMDE4ODgxOTk4MTAwOTcwNg0KOjEwMDJFMDAwMTFGMDBFOTQ5MjA0MTk4MjE4ODIxRDgyMUM4MjFCODJDNg0KOjEwMDJGMDAwMUE4MkRGOTFDRjkxMDg5NTBFOTRGNDA1MEY5MzFGOTMwNg0KOjEwMDMwMDAwQ0Y5M0RGOTNFQzAxODg4MTk5ODEwMDk3MjlGMDJBODFBRQ0KOjEwMDMxMDAwM0I4MTI2MTczNzA3ODhGNDhCMDE2RjVGN0Y0RjBFOTQ2MA0KOjEwMDMyMDAwMkEwNTAwOTc2MUYwOTk4Mzg4ODMxQjgzMEE4MzJDODFCNw0KOjEwMDMzMDAwM0Q4MTIzMkIxMUY0RkMwMTEwODI4MUUwMDFDMDgwRTA5Qg0KOjEwMDM0MDAwREY5MUNGOTExRjkxMEY5MTA4OTVFRjkyRkY5MjBGOTMzQw0KOjEwMDM1MDAwMUY5M0NGOTNERjkzRUMwMTdCMDE4QTAxQkEwMTBFOTRDNg0KOjEwMDM2MDAwN0UwMTgxMTEwNEMwQ0UwMTBFOTQ2QTAxMDdDMDFEODM3NQ0KOjEwMDM3MDAwMEM4M0I3MDE4ODgxOTk4MTBFOTQwMjA2Q0UwMURGOTEyQQ0KOjEwMDM4MDAwQ0Y5MTFGOTEwRjkxRkY5MEVGOTAwODk1Q0Y5M0RGOTMzRQ0KOjEwMDM5MDAwRUMwMUZCMDE4NjE3OTcwNzYxRjA2MDgxNzE4MTYxMTU5Rg0KOjEwMDNBMDAwNzEwNTI5RjA0NDgxNTU4MTBFOTRBNTAxMDJDMDBFOTQ3Nw0KOjEwMDNCMDAwNkEwMUNFMDFERjkxQ0Y5MTA4OTUxRjkyMEY5MjBGQjY3Rg0KOjEwMDNDMDAwMEY5MjExMjQyRjkzM0Y5MzhGOTM5RjkzQUY5M0JGOTNEQg0KOjEwMDNEMDAwODA5MTREMDE5MDkxNEUwMUEwOTE0RjAxQjA5MTUwMDEzQg0KOjEwMDNFMDAwMzA5MTRDMDEyM0UwMjMwRjJEMzcyMEY0MDE5NkExMURGRA0KOjEwMDNGMDAwQjExRDA1QzAyNkU4MjMwRjAyOTZBMTFEQjExRDIwOTM1Mw0KOjEwMDQwMDAwNEMwMTgwOTM0RDAxOTA5MzRFMDFBMDkzNEYwMUIwOTMwNg0KOjEwMDQxMDAwNTAwMTgwOTE0ODAxOTA5MTQ5MDFBMDkxNEEwMUIwOTEwOQ0KOjEwMDQyMDAwNEIwMTAxOTZBMTFEQjExRDgwOTM0ODAxOTA5MzQ5MDE5NA0KOjEwMDQzMDAwQTA5MzRBMDFCMDkzNEIwMUJGOTFBRjkxOUY5MThGOTFDRg0KOjEwMDQ0MDAwM0Y5MTJGOTEwRjkwMEZCRTBGOTAxRjkwMTg5NTFGOTIwNA0KOjEwMDQ1MDAwMEY5MjBGQjYwRjkyMTEyNDJGOTMzRjkzNEY5MzVGOTNGOA0KOjEwMDQ2MDAwNkY5MzdGOTM4RjkzOUY5M0FGOTNCRjkzRUY5M0ZGOTM3Qw0KOjEwMDQ3MDAwODFFNTkxRTAwRTk0RDYwMEZGOTFFRjkxQkY5MUFGOTE4RA0KOjEwMDQ4MDAwOUY5MThGOTE3RjkxNkY5MTVGOTE0RjkxM0Y5MTJGOTFBQw0KOjEwMDQ5MDAwMEY5MDBGQkUwRjkwMUY5MDE4OTUxRjkyMEY5MjBGQjZERQ0KOjEwMDRBMDAwMEY5MjExMjQyRjkzOEY5MzlGOTNFRjkzRkY5M0UwOTFEQg0KOjEwMDRCMDAwNjEwMUYwOTE2MjAxODA4MUUwOTE2NzAxRjA5MTY4MDEzMg0KOjEwMDRDMDAwODJGRDEyQzA5MDgxODA5MTZBMDE4RjVGOEY3MzIwOTFBRA0KOjEwMDREMDAwNkIwMTgyMTc1MUYwRTA5MTZBMDFGMEUwRUY1QUZFNEY5NA0KOjEwMDRFMDAwOTU4RjgwOTM2QTAxMDFDMDgwODFGRjkxRUY5MTlGOTE2OA0KOjEwMDRGMDAwOEY5MTJGOTEwRjkwMEZCRTBGOTAxRjkwMTg5NUUxRTVFRg0KOjEwMDUwMDAwRjFFMDEzODIxMjgyODhFRTkzRTBBMEUwQjBFMDg0ODNGMQ0KOjEwMDUxMDAwOTU4M0E2ODNCNzgzOEFFMDkxRTA5MTgzODA4Mzg1RUNGRA0KOjEwMDUyMDAwOTBFMDk1ODc4NDg3ODRFQzkwRTA5Nzg3ODY4NzgwRUNCRA0KOjEwMDUzMDAwOTBFMDkxOEI4MDhCODFFQzkwRTA5MzhCODI4QjgyRUNBRQ0KOjEwMDU0MDAwOTBFMDk1OEI4NDhCODZFQzkwRTA5NzhCODY4QjExOEU1OA0KOjEwMDU1MDAwMTI4RTEzOEUxNDhFRUVFRUYxRTAxMTgyMTA4MjEzODI1MQ0KOjEwMDU2MDAwMTI4MjE1ODIxNDgyNDBFMDUwRTA2NkU0NzFFMENGMDEwRg0KOjEwMDU3MDAwMEM5NEE1MDFDRjkzREY5M0NEQjdERUI3NjI5NzBGQjY4QQ0KOjEwMDU4MDAwRjg5NERFQkYwRkJFQ0RCRjc4OTQ4NEI1ODI2MDg0QkQ4MQ0KOjEwMDU5MDAwODRCNTgxNjA4NEJEODVCNTgyNjA4NUJEODVCNTgxNjA4Nw0KOjEwMDVBMDAwODVCRDgwOTE2RTAwODE2MDgwOTM2RTAwMTA5MjgxMDAwNQ0KOjEwMDVCMDAwODA5MTgxMDA4MjYwODA5MzgxMDA4MDkxODEwMDgxNjBDMA0KOjEwMDVDMDAwODA5MzgxMDA4MDkxODAwMDgxNjA4MDkzODAwMDgwOTE4MQ0KOjEwMDVEMDAwQjEwMDg0NjA4MDkzQjEwMDgwOTFCMDAwODE2MDgwOTMwRA0KOjEwMDVFMDAwQjAwMDgwOTE3QTAwODQ2MDgwOTM3QTAwODA5MTdBMDBENA0KOjEwMDVGMDAwODI2MDgwOTM3QTAwODA5MTdBMDA4MTYwODA5MzdBMDA5Mw0KOjEwMDYwMDAwODA5MTdBMDA4MDY4ODA5MzdBMDAxMDkyQzEwMEUwOTExNg0KOjEwMDYxMDAwNjEwMUYwOTE2MjAxODJFMDgwODNFMDkxNUQwMUYwOTFERg0KOjEwMDYyMDAwNUUwMTEwODJFMDkxNUYwMUYwOTE2MDAxOEZFQzgwODNBOA0KOjEwMDYzMDAwMTA5MjY5MDFFMDkxNjUwMUYwOTE2NjAxODZFMDgwODM4Ng0KOjEwMDY0MDAwRTA5MTYzMDFGMDkxNjQwMTgwODE4MDYxODA4M0UwOTE5OQ0KOjEwMDY1MDAwNjMwMUYwOTE2NDAxODA4MTg4NjA4MDgzRTA5MTYzMDE4Rg0KOjEwMDY2MDAwRjA5MTY0MDE4MDgxODA2ODgwODNFMDkxNjMwMUYwOTE2Mg0KOjEwMDY3MDAwNjQwMTgwODE4RjdEODA4MzQ5RTA1MEUwNjhFMTcxRTAxMg0KOjEwMDY4MDAwOEVFRTkxRTAwRTk0QTUwMTFBODIxOTgyMUM4MjFCODJDMw0KOjEwMDY5MDAwMUU4MjFEODI2RUVFNzFFMENFMDEwMTk2MEU5NEM2MDE5Rg0KOjEwMDZBMDAwMUU4NjFEODYxODhBMUY4NjFBOEExOThBNDFFMjUwRTAyMg0KOjEwMDZCMDAwNjJFMjcxRTBDRTAxMEQ5NjBFOTRBNTAxMTg4NjFGODJBQw0KOjEwMDZDMDAwMUE4NjE5ODYxQzg2MUI4NkJFMDE2MzVGN0Y0RkNFMDE4QQ0KOjEwMDZEMDAwMDc5NjBFOTRDNjAxOEQ4MTlFODFFOTgwRkE4MDBCODU3NA0KOjEwMDZFMDAwMUM4NUUxMTRGMTA0MDlGNDQwQzAwMDk3QTFGMDA4MEY0Mw0KOjEwMDZGMDAwMTkxRkI4MDFDRTAxMDc5NjBFOTQ3RTAxODgyM0E5RjEzNw0KOjEwMDcwMDAwMkY4MTM4ODU4Qjg1OUM4NUI3MDE4MjBGOTMxRjBFOTRBRQ0KOjEwMDcxMDAwMDIwNjFDODcwQjg3QkUwMTY5NUY3RjRGOEVFRTkxRTA1QQ0KOjEwMDcyMDAwMEU5NEM2MDE4RjgxOTg4NTBFOTQ5MjA0OEQ4NTlFODVDNg0KOjEwMDczMDAwMEU5NDkyMDQ4OTgxOUE4MTBFOTQ5MjA0NDA5MUYyMDE2MA0KOjEwMDc0MDAwNTA5MUYzMDE2MDkxRUUwMTcwOTFFRjAxODFFNTkxRTAyQw0KOjEwMDc1MDAwMEU5NDYwMDA0MkUwNTBFMDY0RTQ3MUUwODFFNTkxRTBENQ0KOjEwMDc2MDAwMEU5NDYwMDAwRTk0NjAwMTg3Q0ZDRTAxMDc5NjBFOTQyMA0KOjEwMDc3MDAwNkEwMUQxQ0Y4MDkxRUUwMTkwOTFFRjAxMEM5NDkyMDQyNw0KOjEwMDc4MDAwMkY5MjNGOTI0RjkyNUY5MjZGOTI3RjkyOEY5MjlGOTJBMQ0KOjEwMDc5MDAwQUY5MkJGOTJDRjkyREY5MkVGOTJGRjkyMEY5MzFGOTM4Rg0KOjEwMDdBMDAwQ0Y5M0RGOTNDREI3REVCN0NBMUJEQjBCMEZCNkY4OTQ0MA0KOjEwMDdCMDAwREVCRjBGQkVDREJGMDk5NDJBODgzOTg4NDg4ODVGODQ4MA0KOjEwMDdDMDAwNkU4NDdEODQ4Qzg0OUI4NEFBODRCOTg0Qzg4NERGODBGMQ0KOjEwMDdEMDAwRUU4MEZEODAwQzgxMUI4MUFBODFCOTgxQ0UwRkQxMURENQ0KOjEwMDdFMDAwMEZCNkY4OTRERUJGMEZCRUNEQkZFRDAxMDg5NUVFMEYzQQ0KOjEwMDdGMDAwRkYxRjA1OTBGNDkxRTAyRDA5OTRDRjkzREY5MzgyMzA5MQ0KOjEwMDgwMDAwOTEwNTEwRjQ4MkUwOTBFMEUwOTFGNjAxRjA5MUY3MDE5Qg0KOjEwMDgxMDAwMjBFMDMwRTBDMEUwRDBFMDMwOTcxMUYxNDA4MTUxODExQw0KOjEwMDgyMDAwNDgxNzU5MDdDMEYwNDgxNzU5MDc2MUY0ODI4MTkzODEyRQ0KOjEwMDgzMDAwMjA5NzE5RjA5QjgzOEE4MzJCQzA5MDkzRjcwMTgwOTNCNA0KOjEwMDg0MDAwRjYwMTI2QzAyMTE1MzEwNTE5RjA0MjE3NTMwNzE4RjQ5Nw0KOjEwMDg1MDAwOUEwMUJFMDFERjAxRUYwMTAyODBGMzgxRTAyRERDQ0ZDMA0KOjEwMDg2MDAwMjExNTMxMDUwOUYxMjgxQjM5MEIyNDMwMzEwNTkwRjQ4RA0KOjEwMDg3MDAwMTI5NjhEOTE5QzkxMTM5NzYxMTU3MTA1MjFGMEZCMDFFMg0KOjEwMDg4MDAwOTM4MzgyODMwNEMwOTA5M0Y3MDE4MDkzRjYwMUZEMDE2Ng0KOjEwMDg5MDAwMzI5NjQ0QzBGRDAxRTIwRkYzMUY4MTkzOTE5MzIyNTBFMQ0KOjEwMDhBMDAwMzEwOTJEOTMzQzkzM0FDMDIwOTFGNDAxMzA5MUY1MDEyOA0KOjEwMDhCMDAwMjMyQjQxRjQyMDkxMDIwMTMwOTEwMzAxMzA5M0Y1MDE4Mw0KOjEwMDhDMDAwMjA5M0Y0MDEyMDkxMDAwMTMwOTEwMTAxMjExNTMxMDU5Rg0KOjEwMDhEMDAwNDFGNDJEQjczRUI3NDA5MTA0MDE1MDkxMDUwMTI0MUIwRQ0KOjEwMDhFMDAwMzUwQkUwOTFGNDAxRjA5MUY1MDFFMjE3RjMwN0EwRjQ2NA0KOjEwMDhGMDAwMkUxQjNGMEIyODE3MzkwNzc4RjBBQzAxNEU1RjVGNEY3Ng0KOjEwMDkwMDAwMjQxNzM1MDc0OEYwNEUwRjVGMUY1MDkzRjUwMTQwOTNCMQ0KOjEwMDkxMDAwRjQwMTgxOTM5MTkzMDJDMEUwRTBGMEUwQ0YwMURGOTExOA0KOjEwMDkyMDAwQ0Y5MTA4OTUwRjkzMUY5M0NGOTNERjkzMDA5NzA5RjQwRQ0KOjEwMDkzMDAwOENDMEZDMDEzMjk3MTM4MjEyODIwMDkxRjYwMTEwOTE1Mw0KOjEwMDk0MDAwRjcwMTAxMTUxMTA1ODFGNDIwODEzMTgxODIwRjkzMUY3OA0KOjEwMDk1MDAwMjA5MUY0MDEzMDkxRjUwMTI4MTczOTA3NzlGNUYwOTNDQQ0KOjEwMDk2MDAwRjUwMUUwOTNGNDAxNzFDMEQ4MDE0MEUwNTBFMEFFMTcwQQ0KOjEwMDk3MDAwQkYwNzUwRjQxMjk2MkQ5MTNDOTExMzk3QUQwMTIxMTVBQw0KOjEwMDk4MDAwMzEwNTA5RjFEOTAxRjNDRjlEMDFEQTAxMzM4MzIyODNDNw0KOjEwMDk5MDAwNjA4MTcxODE4NjBGOTcxRjgyMTc5MzA3NjlGNEVDMDFCQw0KOjEwMDlBMDAwMjg4MTM5ODEyNjBGMzcxRjJFNUYzRjRGMzE4MzIwODNFNw0KOjEwMDlCMDAwOEE4MTlCODE5MzgzODI4MzQ1MkIyOUY0RjA5M0Y3MDFFRA0KOjEwMDlDMDAwRTA5M0Y2MDE0MkMwMTM5NkZDOTNFRTkzMTI5N0VEMDE2Qg0KOjEwMDlEMDAwNDk5MTU5OTE5RTAxMjQwRjM1MUZFMjE3RjMwNzcxRjRENQ0KOjEwMDlFMDAwODA4MTkxODE4NDBGOTUxRjAyOTYxMTk2OUM5MzhFOTMxRQ0KOjEwMDlGMDAwODI4MTkzODExMzk2OUM5MzhFOTMxMjk3RTBFMEYwRTBBRQ0KOjEwMEEwMDAwRDgwMTEyOTY4RDkxOUM5MTEzOTcwMDk3MTlGMEY4MDFENw0KOjEwMEExMDAwOEMwMUY2Q0Y4RDkxOUM5MTk4MDEyRTVGM0Y0RjgyMEZGNA0KOjEwMEEyMDAwOTMxRjIwOTFGNDAxMzA5MUY1MDEyODE3MzkwNzY5RjREQg0KOjEwMEEzMDAwMzA5NzI5RjQxMDkyRjcwMTEwOTJGNjAxMDJDMDEzODI0OA0KOjEwMEE0MDAwMTI4MjEwOTNGNTAxMDA5M0Y0MDFERjkxQ0Y5MTFGOTE3MQ0KOjEwMEE1MDAwMEY5MTA4OTVBMEUwQjBFMEUwRTNGNUUwMEM5NEM0MDM0QQ0KOjEwMEE2MDAwRUMwMTAwOTcyMUY0Q0IwMTBFOTRGRDAzQjhDMEZDMDEwQQ0KOjEwMEE3MDAwRTYwRkY3MUY5QzAxMjI1MDMxMDlFMjE3RjMwNzA4RjQzMw0KOjEwMEE4MDAwQUNDMEQ5MDEwRDkxMUM5MTExOTcwNjE3MTcwN0IwRjA1Mg0KOjEwMEE5MDAwMDUzMDExMDUwOEY0OUZDMEM4MDEwNDk3ODYxNzk3MDcxMQ0KOjEwMEFBMDAwMDhGNDk5QzAwMjUwMTEwOTA2MUIxNzBCMDE5MzExOTMwQQ0KOjEwMEFCMDAwNkQ5MzdDOTNDRjAxMEU5NDkyMDQ4REMwNUIwMUEwMUFCQw0KOjEwMEFDMDAwQjEwQTRDMDE4MDBFOTExRUEwOTFGNjAxQjA5MUY3MDE4MA0KOjEwMEFEMDAwNDBFMDUwRTBFMTJDRjEyQzEwOTcwOUY0NEFDMEE4MTUzMQ0KOjEwMEFFMDAwQjkwNUQxRjU2RDkwN0M5MDExOTc2MzAxODJFMEM4MEUzNQ0KOjEwMEFGMDAwRDExQ0NBMTREQjA0ODBGMUEzMDE0QTE5NUIwOTZBMDEwNQ0KOjEwMEIwMDAwODJFMEM4MEVEMTFDMTI5NkJDOTAxMjk3MTM5NkFDOTEzRA0KOjEwMEIxMDAwQjVFMENCMTZEMTA0NDBGMEIyODJBMzgzNTE4MzQwODM2OQ0KOjEwMEIyMDAwRDkwMTZEOTM3QzkzMEFDMDBFNUYxRjRGQzMwMTgwMEZFNA0KOjEwMEIzMDAwOTExRkY5MDE5MTgzODA4M0VCMkRGQTJGRTExNEYxMDRDOQ0KOjEwMEI0MDAwMzFGMEQ3MDExMzk2RkM5M0VFOTMxMjk3NDRDMEYwOTNDMw0KOjEwMEI1MDAwRjcwMUUwOTNGNjAxM0ZDMDhEOTE5QzkxMTE5NzQ4MTdFMg0KOjEwMEI2MDAwNTkwNzA4RjRBQzAxN0QwMTEyOTYwRDkwQkM5MUEwMkQ5Rg0KOjEwMEI3MDAwQjNDRjgwOTFGNDAxOTA5MUY1MDE4ODE1OTkwNUUxRjRDNg0KOjEwMEI4MDAwNDYxNzU3MDdDOEY0ODA5MTAwMDE5MDkxMDEwMTAwOTcyMg0KOjEwMEI5MDAwNDFGNDhEQjc5RUI3NDA5MTA0MDE1MDkxMDUwMTg0MUIyQg0KOjEwMEJBMDAwOTUwQkU4MTdGOTA3QzhGNEYwOTNGNTAxRTA5M0Y0MDEwOQ0KOjEwMEJCMDAwRjkwMTcxODM2MDgzMEZDMENCMDEwRTk0RkQwMzdDMDFBQQ0KOjEwMEJDMDAwMDA5NzU5RjBBODAxQkUwMTBFOTRGOTA1Q0UwMTBFOTRDQw0KOjEwMEJEMDAwOTIwNEM3MDEwNEMwQ0UwMTAyQzA4MEUwOTBFMENEQjcwRQ0KOjEwMEJFMDAwREVCN0VFRTAwQzk0RTAwMzgxRTA5MEUwRjg5NDBDOTQyMg0KOjEwMEJGMDAwMDkwNkZCMDFEQzAxMDJDMDAxOTAwRDkyNDE1MDUwNDBGQQ0KOjEwMEMwMDAwRDhGNzA4OTVGQjAxREMwMTAxOTAwRDkyMDAyMEUxRjc3Nw0KOjEwMEMxMDAwMDg5NTEwRTBDNUUzRDBFMDA0QzBGRTAxMEU5NEY3MDM5MA0KOjBDMEMyMDAwMjE5NkM2MzNEMTA3QzlGN0Y4OTRGRkNGMjYNCjoxMDBDMkMwMDAwMDBGODAxODAwMDAwMDAwMDAwRjcwMDYwMDA4RjAwNTkNCjoxMDBDM0MwMDNFMDFDMDAwOUUwMEIyMDA3NzY4NjE3NDc0NzQ3NDc0RDUNCjoxMDBDNEMwMDNGMDA0RDc5MjA3NDY4NzI2Rjc1Njc2ODczMjA2RjZFMDINCjoxMDBDNUMwMDIwNzc2ODYxNzQyMDY5NzMyMDczNzA2MTYzNjUyMDY5MDMNCjowODBDNkMwMDczM0EyMDAwMEQwQTAwMDA5Qw0KOjAwMDAwMDAxRkYNCg==	Sketch uses 3188 bytes (9%) of program storage space. Maximum is 32256 bytes.\nGlobal variables use 248 bytes (12%) of dynamic memory, leaving 1800 bytes for local variables. Maximum is 2048 bytes.\n		arduino:avr:uno	String item;\n\nvoid setup() {\n  Serial.begin(9600);\n}\n\nvoid loop() {\n  // What is Space?\n  // Enter your throughs below.\n  item = "whattttt?";\n\n  item = String("My throughs on what is space is: ") + String(item);\n  Serial.println(item);\n\n}	f	1699	886	16	2021-08-01 19:14:32.38+00	2021-08-01 19:14:33.71+00	\N	\N
380	COMPLETED	<xml xmlns="http://www.w3.org/1999/xhtml"></xml>	t	OjEwMDAwMDAwMEM5NDM0MDAwQzk0NDYwMDBDOTQ0NjAwMEM5NDQ2MDA2QQ0KOjEwMDAxMDAwMEM5NDQ2MDAwQzk0NDYwMDBDOTQ0NjAwMEM5NDQ2MDA0OA0KOjEwMDAyMDAwMEM5NDQ2MDAwQzk0NDYwMDBDOTQ0NjAwMEM5NDQ2MDAzOA0KOjEwMDAzMDAwMEM5NDQ2MDAwQzk0NDYwMDBDOTQ0NjAwMEM5NDQ2MDAyOA0KOjEwMDA0MDAwMEM5NDQ4MDAwQzk0NDYwMDBDOTQ0NjAwMEM5NDQ2MDAxNg0KOjEwMDA1MDAwMEM5NDQ2MDAwQzk0NDYwMDBDOTQ0NjAwMEM5NDQ2MDAwOA0KOjEwMDA2MDAwMEM5NDQ2MDAwQzk0NDYwMDExMjQxRkJFQ0ZFRkQ4RTAzQw0KOjEwMDA3MDAwREVCRkNEQkYyMUUwQTBFMEIxRTAwMUMwMUQ5MkE5MzBGQw0KOjEwMDA4MDAwQjIwN0UxRjcwRTk0OTIwMDBDOTREQzAwMEM5NDAwMDA4Rg0KOjEwMDA5MDAwMUY5MjBGOTIwRkI2MEY5MjExMjQyRjkzM0Y5MzhGOTNCRA0KOjEwMDBBMDAwOUY5M0FGOTNCRjkzODA5MTA1MDE5MDkxMDYwMUEwOTExQQ0KOjEwMDBCMDAwMDcwMUIwOTEwODAxMzA5MTA0MDEyM0UwMjMwRjJEMzc4Rg0KOjEwMDBDMDAwMjBGNDAxOTZBMTFEQjExRDA1QzAyNkU4MjMwRjAyOTY1Qw0KOjEwMDBEMDAwQTExREIxMUQyMDkzMDQwMTgwOTMwNTAxOTA5MzA2MDE5OQ0KOjEwMDBFMDAwQTA5MzA3MDFCMDkzMDgwMTgwOTEwMDAxOTA5MTAxMDE1NA0KOjEwMDBGMDAwQTA5MTAyMDFCMDkxMDMwMTAxOTZBMTFEQjExRDgwOTM1MQ0KOjEwMDEwMDAwMDAwMTkwOTMwMTAxQTA5MzAyMDFCMDkzMDMwMUJGOTFGQw0KOjEwMDExMDAwQUY5MTlGOTE4RjkxM0Y5MTJGOTEwRjkwMEZCRTBGOTBCNA0KOjEwMDEyMDAwMUY5MDE4OTU3ODk0ODRCNTgyNjA4NEJEODRCNTgxNjBGMQ0KOjEwMDEzMDAwODRCRDg1QjU4MjYwODVCRDg1QjU4MTYwODVCRDgwOTFCMg0KOjEwMDE0MDAwNkUwMDgxNjA4MDkzNkUwMDEwOTI4MTAwODA5MTgxMDAyQQ0KOjEwMDE1MDAwODI2MDgwOTM4MTAwODA5MTgxMDA4MTYwODA5MzgxMDAyMg0KOjEwMDE2MDAwODA5MTgwMDA4MTYwODA5MzgwMDA4MDkxQjEwMDg0NjBFNA0KOjEwMDE3MDAwODA5M0IxMDA4MDkxQjAwMDgxNjA4MDkzQjAwMDgwOTE0NQ0KOjEwMDE4MDAwN0EwMDg0NjA4MDkzN0EwMDgwOTE3QTAwODI2MDgwOTMwNA0KOjEwMDE5MDAwN0EwMDgwOTE3QTAwODE2MDgwOTM3QTAwODA5MTdBMDA2MQ0KOjEwMDFBMDAwODA2ODgwOTM3QTAwMTA5MkMxMDBDMEUwRDBFMDIwOTc3MA0KOjBDMDFCMDAwRjFGMzBFOTQwMDAwRkJDRkY4OTRGRkNGOTkNCjowMDAwMDAwMUZGDQo=	Sketch uses 444 bytes (1%) of program storage space. Maximum is 32256 bytes.\nGlobal variables use 9 bytes (0%) of dynamic memory, leaving 2039 bytes for local variables. Maximum is 2048 bytes.\n		arduino:avr:uno	void setup() {\n}\n\nvoid loop() {\n\n}	t	\N	\N	17	2021-08-01 19:15:14.937+00	2021-08-01 19:15:16.274+00	\N	\N
373	COMPLETED	<xml xmlns="http://www.w3.org/1999/xhtml"><block type="io_digitalwrite" id="oS{Glkr[})__UeBy8,A3" x="101" y="74"><field name="PIN">1</field><value name="STATE"><block type="io_highlow" id="lMgWf`Mx6|@.:1RDS``="><field name="STATE">HIGH</field></block></value><next><block type="time_delay" id="iVkbm?WIE?R0`F(l.x!`"><value name="DELAY_TIME_MILI"><block type="math_number" id="iYllgOCGYULC34H|)477"><field name="NUM">1000</field></block></value><next><block type="io_digitalwrite" id="I0h]p)%8mp)IFQuKLP,z"><field name="PIN">1</field><value name="STATE"><block type="io_highlow" id="V@QbeF7MDQ@`3?ooUd|S"><field name="STATE">HIGH</field></block></value><next><block type="time_delay" id="p;8XF%^t27|~(5z:Z%K!"><value name="DELAY_TIME_MILI"><block type="math_number" id="ZoB_BlJdoEu*AiH0lDC:"><field name="NUM">1000</field></block></value></block></next></block></next></block></next></block></xml>	t	OjEwMDAwMDAwMEM5NDVDMDAwQzk0NkUwMDBDOTQ2RTAwMEM5NDZFMDBDQQ0KOjEwMDAxMDAwMEM5NDZFMDAwQzk0NkUwMDBDOTQ2RTAwMEM5NDZFMDBBOA0KOjEwMDAyMDAwMEM5NDZFMDAwQzk0NkUwMDBDOTQ2RTAwMEM5NDZFMDA5OA0KOjEwMDAzMDAwMEM5NDZFMDAwQzk0NkUwMDBDOTQ2RTAwMEM5NDZFMDA4OA0KOjEwMDA0MDAwMEM5NDBGMDEwQzk0NkUwMDBDOTQ2RTAwMEM5NDZFMDBENg0KOjEwMDA1MDAwMEM5NDZFMDAwQzk0NkUwMDBDOTQ2RTAwMEM5NDZFMDA2OA0KOjEwMDA2MDAwMEM5NDZFMDAwQzk0NkUwMDAwMDAwMDAwMjQwMDI3MDAyOQ0KOjEwMDA3MDAwMkEwMDAwMDAwMDAwMjUwMDI4MDAyQjAwMDQwNDA0MDRDRQ0KOjEwMDA4MDAwMDQwNDA0MDQwMjAyMDIwMjAyMDIwMzAzMDMwMzAzMDM0Mg0KOjEwMDA5MDAwMDEwMjA0MDgxMDIwNDA4MDAxMDIwNDA4MTAyMDAxMDIxRg0KOjEwMDBBMDAwMDQwODEwMjAwMDAwMDAwODAwMDIwMTAwMDAwMzA0MDdGQg0KOjEwMDBCMDAwMDAwMDAwMDAwMDAwMDAwMDExMjQxRkJFQ0ZFRkQ4RTBCOA0KOjEwMDBDMDAwREVCRkNEQkYyMUUwQTBFMEIxRTAwMUMwMUQ5MkE5MzBBQw0KOjEwMDBEMDAwQjIwN0UxRjcwRTk0NTkwMTBDOTRDNjAxMEM5NDAwMDA4Qw0KOjEwMDBFMDAwRTVFQUYwRTA4NDkxRTFFOUYwRTA5NDkxRURFN0YwRTBGOQ0KOjEwMDBGMDAwRTQ5MUVFMjNCMUYxODgyMzM5RjE4MzMwOTFGMDM4RjRBMw0KOjEwMDEwMDAwODEzMEE5RjA4MjMwMDFGNTg0QjU4RjdEMTJDMDg3MzAyRg0KOjEwMDExMDAwOTFGMDg4MzBBMUYwODQzMEI5RjQ4MDkxODAwMDhGN0QxNw0KOjEwMDEyMDAwMDNDMDgwOTE4MDAwOEY3NzgwOTM4MDAwMERDMDg0QjVEQw0KOjEwMDEzMDAwOEY3Nzg0QkQwOUMwODA5MUIwMDA4Rjc3MDNDMDgwOTExNA0KOjEwMDE0MDAwQjAwMDhGN0Q4MDkzQjAwMEYwRTBFRTBGRkYxRkVFNThGRg0KOjEwMDE1MDAwRkY0RkE1OTFCNDkxOEZCN0Y4OTRFQzkxOUUyQjlDOTM4Rg0KOjEwMDE2MDAwOEZCRjA4OTUzRkI3Rjg5NDgwOTEwNTAxOTA5MTA2MDFFMw0KOjEwMDE3MDAwQTA5MTA3MDFCMDkxMDgwMTI2QjVBODlCMDVDMDJGM0ZBQg0KOjEwMDE4MDAwMTlGMDAxOTZBMTFEQjExRDNGQkZCQTJGQTkyRjk4MkZCRA0KOjEwMDE5MDAwODgyNzgyMEY5MTFEQTExREIxMURCQzAxQ0QwMTQyRTAzOA0KOjEwMDFBMDAwNjYwRjc3MUY4ODFGOTkxRjRBOTVEMUY3MDg5NThGOTI4MA0KOjEwMDFCMDAwOUY5MkFGOTJCRjkyQ0Y5MkRGOTJFRjkyRkY5MjBFOTRGNg0KOjEwMDFDMDAwQjIwMDRCMDE1QzAxODhFRUM4MkU4M0UwRDgyRUUxMkNGMg0KOjEwMDFEMDAwRjEyQzBFOTRCMjAwREMwMUNCMDE4ODE5OTkwOUFBMDkwRg0KOjEwMDFFMDAwQkIwOTg4M0U5MzQwQTEwNUIxMDU1OEYwMjFFMEMyMUEzMQ0KOjEwMDFGMDAwRDEwOEUxMDhGMTA4ODhFRTg4MEU4M0UwOTgxRUExMUM2Mg0KOjEwMDIwMDAwQjExQ0MxMTREMTA0RTEwNEYxMDQxOUY3RkY5MEVGOTA3Rg0KOjEwMDIxMDAwREY5MENGOTBCRjkwQUY5MDlGOTA4RjkwMDg5NTFGOTJFNg0KOjEwMDIyMDAwMEY5MjBGQjYwRjkyMTEyNDJGOTMzRjkzOEY5MzlGOTNBQQ0KOjEwMDIzMDAwQUY5M0JGOTM4MDkxMDEwMTkwOTEwMjAxQTA5MTAzMDFCRQ0KOjEwMDI0MDAwQjA5MTA0MDEzMDkxMDAwMTIzRTAyMzBGMkQzNzIwRjRGOQ0KOjEwMDI1MDAwMDE5NkExMURCMTFEMDVDMDI2RTgyMzBGMDI5NkExMUQyMA0KOjEwMDI2MDAwQjExRDIwOTMwMDAxODA5MzAxMDE5MDkzMDIwMUEwOTM5RQ0KOjEwMDI3MDAwMDMwMUIwOTMwNDAxODA5MTA1MDE5MDkxMDYwMUEwOTFDMg0KOjEwMDI4MDAwMDcwMUIwOTEwODAxMDE5NkExMURCMTFEODA5MzA1MDFFMA0KOjEwMDI5MDAwOTA5MzA2MDFBMDkzMDcwMUIwOTMwODAxQkY5MUFGOTExRA0KOjEwMDJBMDAwOUY5MThGOTEzRjkxMkY5MTBGOTAwRkJFMEY5MDFGOTBCNA0KOjEwMDJCMDAwMTg5NTc4OTQ4NEI1ODI2MDg0QkQ4NEI1ODE2MDg0QkRDRQ0KOjEwMDJDMDAwODVCNTgyNjA4NUJEODVCNTgxNjA4NUJEODA5MTZFMDBGNA0KOjEwMDJEMDAwODE2MDgwOTM2RTAwMTA5MjgxMDA4MDkxODEwMDgyNjAyNQ0KOjEwMDJFMDAwODA5MzgxMDA4MDkxODEwMDgxNjA4MDkzODEwMDgwOTE2Mg0KOjEwMDJGMDAwODAwMDgxNjA4MDkzODAwMDgwOTFCMTAwODQ2MDgwOTM1MQ0KOjEwMDMwMDAwQjEwMDgwOTFCMDAwODE2MDgwOTNCMDAwODA5MTdBMDA0Qw0KOjEwMDMxMDAwODQ2MDgwOTM3QTAwODA5MTdBMDA4MjYwODA5MzdBMDA3Mg0KOjEwMDMyMDAwODA5MTdBMDA4MTYwODA5MzdBMDA4MDkxN0EwMDgwNjg2MQ0KOjEwMDMzMDAwODA5MzdBMDAxMDkyQzEwMEUxRTlGMEUwMjQ5MUVERTdBQQ0KOjEwMDM0MDAwRjBFMDg0OTE4ODIzOTlGMDkwRTA4ODBGOTkxRkZDMDFEOA0KOjEwMDM1MDAwRTg1OUZGNEZBNTkxQjQ5MUZDMDFFRTU4RkY0Rjg1OTFFQw0KOjEwMDM2MDAwOTQ5MThGQjdGODk0RUM5MUUyMkJFQzkzOEZCRkMwRTA5Rg0KOjEwMDM3MDAwRDBFMDBFOTQ3MDAwMEU5NEQ3MDAwRTk0NzAwMDBFOTQ4RQ0KOjEwMDM4MDAwRDcwMDIwOTdCMUYzMEU5NDAwMDBGM0NGRjg5NEZGQ0Y3RA0KOjAwMDAwMDAxRkYNCg==	Sketch uses 912 bytes (2%) of program storage space. Maximum is 32256 bytes.\nGlobal variables use 9 bytes (0%) of dynamic memory, leaving 2039 bytes for local variables. Maximum is 2048 bytes.\n		arduino:avr:uno	void setup() {\n  pinMode(1, OUTPUT);\n}\n\nvoid loop() {\n  digitalWrite(1, HIGH);\n  delay(1000);\n  digitalWrite(1, HIGH);\n  delay(1000);\n\n}	f	1692	879	10	2021-08-01 19:03:38.714+00	2022-02-15 20:06:51.835+00	\N	\N
372	COMPLETED	<xml xmlns="http://www.w3.org/1999/xhtml"><block type="io_digitalwrite" id="oS{Glkr[})__UeBy8,A3" x="101" y="74"><field name="PIN">13</field><value name="STATE"><block type="io_highlow" id="lMgWf`Mx6|@.:1RDS``="><field name="STATE">HIGH</field></block></value><next><block type="time_delay" id="iVkbm?WIE?R0`F(l.x!`"><value name="DELAY_TIME_MILI"><block type="math_number" id="iYllgOCGYULC34H|)477"><field name="NUM">1000</field></block></value><next><block type="io_digitalwrite" id="I0h]p)%8mp)IFQuKLP,z"><field name="PIN">13</field><value name="STATE"><block type="io_highlow" id="V@QbeF7MDQ@`3?ooUd|S"><field name="STATE">HIGH</field></block></value><next><block type="time_delay" id="p;8XF%^t27|~(5z:Z%K!"><value name="DELAY_TIME_MILI"><block type="math_number" id="ZoB_BlJdoEu*AiH0lDC:"><field name="NUM">1000</field></block></value></block></next></block></next></block></next></block></xml>	t	OjEwMDAwMDAwMEM5NDVDMDAwQzk0NkUwMDBDOTQ2RTAwMEM5NDZFMDBDQQ0KOjEwMDAxMDAwMEM5NDZFMDAwQzk0NkUwMDBDOTQ2RTAwMEM5NDZFMDBBOA0KOjEwMDAyMDAwMEM5NDZFMDAwQzk0NkUwMDBDOTQ2RTAwMEM5NDZFMDA5OA0KOjEwMDAzMDAwMEM5NDZFMDAwQzk0NkUwMDBDOTQ2RTAwMEM5NDZFMDA4OA0KOjEwMDA0MDAwMEM5NDBGMDEwQzk0NkUwMDBDOTQ2RTAwMEM5NDZFMDBENg0KOjEwMDA1MDAwMEM5NDZFMDAwQzk0NkUwMDBDOTQ2RTAwMEM5NDZFMDA2OA0KOjEwMDA2MDAwMEM5NDZFMDAwQzk0NkUwMDAwMDAwMDAwMjQwMDI3MDAyOQ0KOjEwMDA3MDAwMkEwMDAwMDAwMDAwMjUwMDI4MDAyQjAwMDQwNDA0MDRDRQ0KOjEwMDA4MDAwMDQwNDA0MDQwMjAyMDIwMjAyMDIwMzAzMDMwMzAzMDM0Mg0KOjEwMDA5MDAwMDEwMjA0MDgxMDIwNDA4MDAxMDIwNDA4MTAyMDAxMDIxRg0KOjEwMDBBMDAwMDQwODEwMjAwMDAwMDAwODAwMDIwMTAwMDAwMzA0MDdGQg0KOjEwMDBCMDAwMDAwMDAwMDAwMDAwMDAwMDExMjQxRkJFQ0ZFRkQ4RTBCOA0KOjEwMDBDMDAwREVCRkNEQkYyMUUwQTBFMEIxRTAwMUMwMUQ5MkE5MzBBQw0KOjEwMDBEMDAwQjIwN0UxRjcwRTk0NTkwMTBDOTRDNjAxMEM5NDAwMDA4Qw0KOjEwMDBFMDAwRTFFQkYwRTA4NDkxRURFOUYwRTA5NDkxRTlFOEYwRTBGMw0KOjEwMDBGMDAwRTQ5MUVFMjNCMUYxODgyMzM5RjE4MzMwOTFGMDM4RjRBMw0KOjEwMDEwMDAwODEzMEE5RjA4MjMwMDFGNTg0QjU4RjdEMTJDMDg3MzAyRg0KOjEwMDExMDAwOTFGMDg4MzBBMUYwODQzMEI5RjQ4MDkxODAwMDhGN0QxNw0KOjEwMDEyMDAwMDNDMDgwOTE4MDAwOEY3NzgwOTM4MDAwMERDMDg0QjVEQw0KOjEwMDEzMDAwOEY3Nzg0QkQwOUMwODA5MUIwMDA4Rjc3MDNDMDgwOTExNA0KOjEwMDE0MDAwQjAwMDhGN0Q4MDkzQjAwMEYwRTBFRTBGRkYxRkVFNThGRg0KOjEwMDE1MDAwRkY0RkE1OTFCNDkxOEZCN0Y4OTRFQzkxOUUyQjlDOTM4Rg0KOjEwMDE2MDAwOEZCRjA4OTUzRkI3Rjg5NDgwOTEwNTAxOTA5MTA2MDFFMw0KOjEwMDE3MDAwQTA5MTA3MDFCMDkxMDgwMTI2QjVBODlCMDVDMDJGM0ZBQg0KOjEwMDE4MDAwMTlGMDAxOTZBMTFEQjExRDNGQkZCQTJGQTkyRjk4MkZCRA0KOjEwMDE5MDAwODgyNzgyMEY5MTFEQTExREIxMURCQzAxQ0QwMTQyRTAzOA0KOjEwMDFBMDAwNjYwRjc3MUY4ODFGOTkxRjRBOTVEMUY3MDg5NThGOTI4MA0KOjEwMDFCMDAwOUY5MkFGOTJCRjkyQ0Y5MkRGOTJFRjkyRkY5MjBFOTRGNg0KOjEwMDFDMDAwQjIwMDRCMDE1QzAxODhFRUM4MkU4M0UwRDgyRUUxMkNGMg0KOjEwMDFEMDAwRjEyQzBFOTRCMjAwREMwMUNCMDE4ODE5OTkwOUFBMDkwRg0KOjEwMDFFMDAwQkIwOTg4M0U5MzQwQTEwNUIxMDU1OEYwMjFFMEMyMUEzMQ0KOjEwMDFGMDAwRDEwOEUxMDhGMTA4ODhFRTg4MEU4M0UwOTgxRUExMUM2Mg0KOjEwMDIwMDAwQjExQ0MxMTREMTA0RTEwNEYxMDQxOUY3RkY5MEVGOTA3Rg0KOjEwMDIxMDAwREY5MENGOTBCRjkwQUY5MDlGOTA4RjkwMDg5NTFGOTJFNg0KOjEwMDIyMDAwMEY5MjBGQjYwRjkyMTEyNDJGOTMzRjkzOEY5MzlGOTNBQQ0KOjEwMDIzMDAwQUY5M0JGOTM4MDkxMDEwMTkwOTEwMjAxQTA5MTAzMDFCRQ0KOjEwMDI0MDAwQjA5MTA0MDEzMDkxMDAwMTIzRTAyMzBGMkQzNzIwRjRGOQ0KOjEwMDI1MDAwMDE5NkExMURCMTFEMDVDMDI2RTgyMzBGMDI5NkExMUQyMA0KOjEwMDI2MDAwQjExRDIwOTMwMDAxODA5MzAxMDE5MDkzMDIwMUEwOTM5RQ0KOjEwMDI3MDAwMDMwMUIwOTMwNDAxODA5MTA1MDE5MDkxMDYwMUEwOTFDMg0KOjEwMDI4MDAwMDcwMUIwOTEwODAxMDE5NkExMURCMTFEODA5MzA1MDFFMA0KOjEwMDI5MDAwOTA5MzA2MDFBMDkzMDcwMUIwOTMwODAxQkY5MUFGOTExRA0KOjEwMDJBMDAwOUY5MThGOTEzRjkxMkY5MTBGOTAwRkJFMEY5MDFGOTBCNA0KOjEwMDJCMDAwMTg5NTc4OTQ4NEI1ODI2MDg0QkQ4NEI1ODE2MDg0QkRDRQ0KOjEwMDJDMDAwODVCNTgyNjA4NUJEODVCNTgxNjA4NUJEODA5MTZFMDBGNA0KOjEwMDJEMDAwODE2MDgwOTM2RTAwMTA5MjgxMDA4MDkxODEwMDgyNjAyNQ0KOjEwMDJFMDAwODA5MzgxMDA4MDkxODEwMDgxNjA4MDkzODEwMDgwOTE2Mg0KOjEwMDJGMDAwODAwMDgxNjA4MDkzODAwMDgwOTFCMTAwODQ2MDgwOTM1MQ0KOjEwMDMwMDAwQjEwMDgwOTFCMDAwODE2MDgwOTNCMDAwODA5MTdBMDA0Qw0KOjEwMDMxMDAwODQ2MDgwOTM3QTAwODA5MTdBMDA4MjYwODA5MzdBMDA3Mg0KOjEwMDMyMDAwODA5MTdBMDA4MTYwODA5MzdBMDA4MDkxN0EwMDgwNjg2MQ0KOjEwMDMzMDAwODA5MzdBMDAxMDkyQzEwMEVERTlGMEUwMjQ5MUU5RThBMQ0KOjEwMDM0MDAwRjBFMDg0OTE4ODIzOTlGMDkwRTA4ODBGOTkxRkZDMDFEOA0KOjEwMDM1MDAwRTg1OUZGNEZBNTkxQjQ5MUZDMDFFRTU4RkY0Rjg1OTFFQw0KOjEwMDM2MDAwOTQ5MThGQjdGODk0RUM5MUUyMkJFQzkzOEZCRkMwRTA5Rg0KOjEwMDM3MDAwRDBFMDBFOTQ3MDAwMEU5NEQ3MDAwRTk0NzAwMDBFOTQ4RQ0KOjEwMDM4MDAwRDcwMDIwOTdCMUYzMEU5NDAwMDBGM0NGRjg5NEZGQ0Y3RA0KOjAwMDAwMDAxRkYNCg==	Sketch uses 912 bytes (2%) of program storage space. Maximum is 32256 bytes.\nGlobal variables use 9 bytes (0%) of dynamic memory, leaving 2039 bytes for local variables. Maximum is 2048 bytes.\n		arduino:avr:uno	void setup() {\n  pinMode(13, OUTPUT);\n}\n\nvoid loop() {\n  digitalWrite(13, HIGH);\n  delay(1000);\n  digitalWrite(13, HIGH);\n  delay(1000);\n\n}	f	1692	879	9	2021-08-01 19:02:57.692+00	2022-02-15 20:06:51.835+00	\N	\N
374	COMPLETED	<xml xmlns="http://www.w3.org/1999/xhtml"></xml>	t	OjEwMDAwMDAwMEM5NDM0MDAwQzk0NDYwMDBDOTQ0NjAwMEM5NDQ2MDA2QQ0KOjEwMDAxMDAwMEM5NDQ2MDAwQzk0NDYwMDBDOTQ0NjAwMEM5NDQ2MDA0OA0KOjEwMDAyMDAwMEM5NDQ2MDAwQzk0NDYwMDBDOTQ0NjAwMEM5NDQ2MDAzOA0KOjEwMDAzMDAwMEM5NDQ2MDAwQzk0NDYwMDBDOTQ0NjAwMEM5NDQ2MDAyOA0KOjEwMDA0MDAwMEM5NDQ4MDAwQzk0NDYwMDBDOTQ0NjAwMEM5NDQ2MDAxNg0KOjEwMDA1MDAwMEM5NDQ2MDAwQzk0NDYwMDBDOTQ0NjAwMEM5NDQ2MDAwOA0KOjEwMDA2MDAwMEM5NDQ2MDAwQzk0NDYwMDExMjQxRkJFQ0ZFRkQ4RTAzQw0KOjEwMDA3MDAwREVCRkNEQkYyMUUwQTBFMEIxRTAwMUMwMUQ5MkE5MzBGQw0KOjEwMDA4MDAwQjIwN0UxRjcwRTk0OTIwMDBDOTREQzAwMEM5NDAwMDA4Rg0KOjEwMDA5MDAwMUY5MjBGOTIwRkI2MEY5MjExMjQyRjkzM0Y5MzhGOTNCRA0KOjEwMDBBMDAwOUY5M0FGOTNCRjkzODA5MTA1MDE5MDkxMDYwMUEwOTExQQ0KOjEwMDBCMDAwMDcwMUIwOTEwODAxMzA5MTA0MDEyM0UwMjMwRjJEMzc4Rg0KOjEwMDBDMDAwMjBGNDAxOTZBMTFEQjExRDA1QzAyNkU4MjMwRjAyOTY1Qw0KOjEwMDBEMDAwQTExREIxMUQyMDkzMDQwMTgwOTMwNTAxOTA5MzA2MDE5OQ0KOjEwMDBFMDAwQTA5MzA3MDFCMDkzMDgwMTgwOTEwMDAxOTA5MTAxMDE1NA0KOjEwMDBGMDAwQTA5MTAyMDFCMDkxMDMwMTAxOTZBMTFEQjExRDgwOTM1MQ0KOjEwMDEwMDAwMDAwMTkwOTMwMTAxQTA5MzAyMDFCMDkzMDMwMUJGOTFGQw0KOjEwMDExMDAwQUY5MTlGOTE4RjkxM0Y5MTJGOTEwRjkwMEZCRTBGOTBCNA0KOjEwMDEyMDAwMUY5MDE4OTU3ODk0ODRCNTgyNjA4NEJEODRCNTgxNjBGMQ0KOjEwMDEzMDAwODRCRDg1QjU4MjYwODVCRDg1QjU4MTYwODVCRDgwOTFCMg0KOjEwMDE0MDAwNkUwMDgxNjA4MDkzNkUwMDEwOTI4MTAwODA5MTgxMDAyQQ0KOjEwMDE1MDAwODI2MDgwOTM4MTAwODA5MTgxMDA4MTYwODA5MzgxMDAyMg0KOjEwMDE2MDAwODA5MTgwMDA4MTYwODA5MzgwMDA4MDkxQjEwMDg0NjBFNA0KOjEwMDE3MDAwODA5M0IxMDA4MDkxQjAwMDgxNjA4MDkzQjAwMDgwOTE0NQ0KOjEwMDE4MDAwN0EwMDg0NjA4MDkzN0EwMDgwOTE3QTAwODI2MDgwOTMwNA0KOjEwMDE5MDAwN0EwMDgwOTE3QTAwODE2MDgwOTM3QTAwODA5MTdBMDA2MQ0KOjEwMDFBMDAwODA2ODgwOTM3QTAwMTA5MkMxMDBDMEUwRDBFMDIwOTc3MA0KOjBDMDFCMDAwRjFGMzBFOTQwMDAwRkJDRkY4OTRGRkNGOTkNCjowMDAwMDAwMUZGDQo=	Sketch uses 444 bytes (1%) of program storage space. Maximum is 32256 bytes.\nGlobal variables use 9 bytes (0%) of dynamic memory, leaving 2039 bytes for local variables. Maximum is 2048 bytes.\n		arduino:avr:uno	void setup() {\n}\n\nvoid loop() {\n\n}	f	1692	879	11	2021-08-01 19:04:38.876+00	2022-02-15 20:06:51.835+00	\N	\N
\.


--
-- Data for Name: teacher_workspaces; Type: TABLE DATA; Schema: public; Owner: postgres
--

COPY public.teacher_workspaces (id, name, description, template, classroom, published_at, created_by, updated_by, created_at, updated_at) FROM stdin;
\.


--
-- Data for Name: teacher_workspaces__blocks; Type: TABLE DATA; Schema: public; Owner: postgres
--

COPY public.teacher_workspaces__blocks (id, teacher_workspace_id, block_id) FROM stdin;
\.


--
-- Data for Name: teachers; Type: TABLE DATA; Schema: public; Owner: postgres
--

COPY public.teachers (id, first_name, last_name, school, "user", created_at, updated_at, created_by, updated_by) FROM stdin;
\.


--
-- Data for Name: units; Type: TABLE DATA; Schema: public; Owner: postgres
--

COPY public.units (id, grade, number, name, teks_id, teks_description, created_at, updated_at, created_by, updated_by) FROM stdin;
1	1	2	3rd - Matter and Energy	5.5A	Students will be able to classify matter based on physical properties, including mass, magnetism, physical state (solid, liquid, and gas), relative density (sinking and floating), solubility in water, and the ability to conduct or insulate thermal energy or electrical energy.	2020-07-24 16:45:51.189+00	2021-08-01 18:01:24.905+00	\N	\N
76	1	3	3rd - Elements	333	Learn about Elements	2021-08-01 18:04:13.151+00	2021-08-01 18:04:13.171+00	\N	\N
77	3	1	4th - Arduino Intermediate	11AASF	Learn about Arduino Intermediate	2021-08-01 18:05:27.996+00	2021-08-01 18:05:28.021+00	\N	\N
20	4	2	5th - Mars Rovers	2fsegwvg	Learn about Mars Rovers	2021-02-22 17:00:20.821+00	2021-08-01 18:06:50.834+00	\N	\N
12	4	1	5th - Space and Time	1safwqf	Learn about Space and Time	2021-02-08 17:13:07.543+00	2021-08-01 18:06:59.696+00	\N	\N
78	3	3	4th - Ecosystem	333asfcesg	Learn about Ecosystem - An ecosystem consists of all the organisms and the physical environment with which they interact. These biotic and abiotic components are linked together through nutrient cycles and energy flows.	2021-08-01 18:06:35.844+00	2021-08-01 18:48:49.894+00	\N	\N
79	4	3	5th - Arduino advance	3asfvxvaf	Learn about the most advanced feature of our Arduino Board! 	2021-08-01 18:07:36.601+00	2022-01-27 19:27:10.199+00	\N	\N
11	3	2	4th - Aerospace	6AD	Learn about Aerospace	2021-02-03 21:54:04.039+00	2022-02-03 19:53:59.164+00	\N	\N
75	1	1	3rd - Arduino Basic	22221	Learn about Arduino Basic	2021-08-01 18:02:23.569+00	2022-02-10 02:59:13.591+00	\N	1
\.


--
-- Data for Name: upload_file; Type: TABLE DATA; Schema: public; Owner: postgres
--

COPY public.upload_file (id, name, "alternativeText", caption, width, height, formats, hash, ext, mime, size, url, "previewUrl", provider, provider_metadata, created_at, updated_at, created_by, updated_by) FROM stdin;
\.


--
-- Data for Name: upload_file_morph; Type: TABLE DATA; Schema: public; Owner: postgres
--

COPY public.upload_file_morph (id, upload_file_id, related_id, related_type, field, "order") FROM stdin;
\.


--
-- Data for Name: users-permissions_permission; Type: TABLE DATA; Schema: public; Owner: postgres
--

COPY public."users-permissions_permission" (id, type, controller, action, enabled, policy, role, created_by, updated_by) FROM stdin;
1	application	block	count	f		1	\N	\N
2	application	block	count	f		2	\N	\N
3	application	block	create	f		1	\N	\N
4	application	block	create	f		2	\N	\N
5	application	block	delete	f		1	\N	\N
6	application	block	delete	f		2	\N	\N
7	application	block	find	f		1	\N	\N
8	application	block	find	f		2	\N	\N
9	application	block	findone	f		1	\N	\N
10	application	block	findone	f		2	\N	\N
11	application	block	update	f		1	\N	\N
12	application	block	update	f		2	\N	\N
13	application	blocks-category	count	f		1	\N	\N
14	application	blocks-category	count	f		2	\N	\N
15	application	blocks-category	create	f		1	\N	\N
16	application	blocks-category	create	f		2	\N	\N
17	application	blocks-category	delete	f		1	\N	\N
18	application	blocks-category	delete	f		2	\N	\N
19	application	blocks-category	find	f		1	\N	\N
20	application	blocks-category	find	f		2	\N	\N
21	application	blocks-category	findone	f		1	\N	\N
22	application	blocks-category	findone	f		2	\N	\N
23	application	blocks-category	update	f		1	\N	\N
24	application	blocks-category	update	f		2	\N	\N
38	application	classroom	initjoin	t		2	\N	\N
26	application	classroom-manager	me	f		2	\N	\N
27	application	classroom	count	f		1	\N	\N
29	application	classroom	create	f		1	\N	\N
28	application	classroom	count	f		2	\N	\N
30	application	classroom	create	f		2	\N	\N
31	application	classroom	delete	f		1	\N	\N
32	application	classroom	delete	f		2	\N	\N
33	application	classroom	find	f		1	\N	\N
34	application	classroom	find	f		2	\N	\N
40	application	classroom	join	t		2	\N	\N
36	application	classroom	findone	f		2	\N	\N
37	application	classroom	initjoin	f		1	\N	\N
39	application	classroom	join	f		1	\N	\N
339	application	mentor	find	f		3	\N	\N
41	application	classroom	update	f		1	\N	\N
42	application	classroom	update	f		2	\N	\N
44	application	day	count	f		2	\N	\N
46	application	day	create	f		2	\N	\N
48	application	day	delete	f		2	\N	\N
50	application	day	find	f		2	\N	\N
52	application	day	findone	f		2	\N	\N
54	application	day	update	f		2	\N	\N
55	application	grade	count	f		1	\N	\N
56	application	grade	count	f		2	\N	\N
57	application	grade	create	f		1	\N	\N
58	application	grade	create	f		2	\N	\N
59	application	grade	delete	f		1	\N	\N
60	application	grade	delete	f		2	\N	\N
61	application	grade	find	f		1	\N	\N
74	application	learning-standard	find	f		2	\N	\N
76	application	learning-standard	findone	f		2	\N	\N
89	application	mentor	me	f		1	\N	\N
90	application	mentor	me	f		2	\N	\N
91	application	mentor	update	f		1	\N	\N
1479	application	email	send	f		2	\N	\N
119	application	school	count	f		1	\N	\N
120	application	school	count	f		2	\N	\N
121	application	school	create	f		1	\N	\N
134	application	selection	create	f		2	\N	\N
135	application	selection	delete	f		1	\N	\N
136	application	selection	delete	f		2	\N	\N
149	application	session	find	f		1	\N	\N
150	application	session	find	f		2	\N	\N
151	application	session	findone	f		1	\N	\N
164	application	student	find	f		2	\N	\N
165	application	student	findone	f		1	\N	\N
166	application	student	findone	f		2	\N	\N
194	application	unit	update	f		2	\N	\N
225	content-type-builder	builder	getreservednames	f		1	\N	\N
226	content-type-builder	builder	getreservednames	f		2	\N	\N
239	content-type-builder	components	updatecomponent	f		1	\N	\N
240	content-type-builder	components	updatecomponent	f		2	\N	\N
241	content-type-builder	connections	getconnections	f		1	\N	\N
254	email	email	send	f		2	\N	\N
284	users-permissions	auth	resetpassword	f		2	\N	\N
285	users-permissions	auth	sendemailconfirmation	f		1	\N	\N
35	application	classroom	findone	t		1	\N	\N
25	application	classroom-manager	me	t		1	\N	\N
354	application	unit	count	f		3	\N	\N
62	application	grade	find	f		2	\N	\N
79	application	mentor	count	f		1	\N	\N
92	application	mentor	update	f		2	\N	\N
122	application	school	create	f		2	\N	\N
137	application	selection	find	f		1	\N	\N
152	application	session	findone	f		2	\N	\N
167	application	student	me	f		1	\N	\N
1216	content-manager	collection-types	create	f		3	\N	\N
1225	content-manager	collection-types	bulkdelete	f		2	\N	\N
227	content-type-builder	componentcategories	deletecategory	f		1	\N	\N
243	content-type-builder	contenttypes	createcontenttype	f		1	\N	\N
287	users-permissions	user	count	f		1	\N	\N
303	users-permissions	userspermissions	createrole	f		1	\N	\N
47	application	day	delete	t		1	\N	\N
318	users-permissions	userspermissions	getproviders	f		2	\N	\N
332	users-permissions	userspermissions	updateadvancedsettings	f		2	\N	\N
340	application	mentor	count	f		3	\N	\N
358	application	blocks-category	find	f		3	\N	\N
373	application	selection	count	f		3	\N	\N
389	application	classroom-manager	me	f		3	\N	\N
404	application	session	find	f		3	\N	\N
434	application	day	update	f		3	\N	\N
463	content-type-builder	contenttypes	updatecontenttype	f		3	\N	\N
478	users-permissions	auth	forgotpassword	f		3	\N	\N
491	users-permissions	userspermissions	searchusers	f		3	\N	\N
1480	application	email	send	f		1	\N	\N
63	application	grade	findone	f		1	\N	\N
78	application	learning-standard	update	f		2	\N	\N
124	application	school	delete	f		2	\N	\N
139	application	selection	findone	f		1	\N	\N
154	application	session	update	f		2	\N	\N
168	application	student	me	f		2	\N	\N
183	application	unit	count	f		1	\N	\N
228	content-type-builder	componentcategories	deletecategory	f		2	\N	\N
242	content-type-builder	connections	getconnections	f		2	\N	\N
273	users-permissions	auth	callback	f		1	\N	\N
288	users-permissions	user	count	f		2	\N	\N
302	users-permissions	user	update	f		2	\N	\N
317	users-permissions	userspermissions	getproviders	f		1	\N	\N
333	users-permissions	userspermissions	updateemailtemplate	f		1	\N	\N
341	application	mentor	findone	f		3	\N	\N
360	application	blocks-category	count	f		3	\N	\N
378	application	block	findone	f		3	\N	\N
394	application	classroom	update	f		3	\N	\N
409	application	session	delete	f		3	\N	\N
424	application	student	count	f		3	\N	\N
454	content-type-builder	components	getcomponents	f		3	\N	\N
484	users-permissions	user	count	f		3	\N	\N
500	users-permissions	userspermissions	getpermissions	f		3	\N	\N
64	application	grade	findone	f		2	\N	\N
80	application	mentor	count	f		2	\N	\N
125	application	school	find	f		1	\N	\N
140	application	selection	findone	f		2	\N	\N
155	application	student	count	f		1	\N	\N
170	application	student	update	f		2	\N	\N
185	application	unit	create	f		1	\N	\N
230	content-type-builder	componentcategories	editcategory	f		2	\N	\N
245	content-type-builder	contenttypes	deletecontenttype	f		1	\N	\N
275	users-permissions	auth	connect	t		1	\N	\N
290	users-permissions	user	create	f		2	\N	\N
320	users-permissions	userspermissions	getrole	f		2	\N	\N
335	users-permissions	userspermissions	updateproviders	f		1	\N	\N
342	application	mentor	create	f		3	\N	\N
356	application	unit	update	f		3	\N	\N
370	application	learning-standard	delete	f		3	\N	\N
400	application	school	count	f		3	\N	\N
415	application	grade	delete	f		3	\N	\N
460	content-type-builder	contenttypes	getcontenttypes	f		3	\N	\N
475	users-permissions	auth	callback	f		3	\N	\N
490	users-permissions	userspermissions	getemailtemplate	f		3	\N	\N
505	users-permissions	userspermissions	getadvancedsettings	f		3	\N	\N
65	application	grade	update	f		1	\N	\N
77	application	learning-standard	update	f		1	\N	\N
123	application	school	delete	f		1	\N	\N
138	application	selection	find	f		2	\N	\N
153	application	session	update	f		1	\N	\N
184	application	unit	count	f		2	\N	\N
231	content-type-builder	components	createcomponent	f		1	\N	\N
246	content-type-builder	contenttypes	deletecontenttype	f		2	\N	\N
276	users-permissions	auth	connect	t		2	\N	\N
292	users-permissions	user	destroy	f		2	\N	\N
321	users-permissions	userspermissions	getroles	f		1	\N	\N
336	users-permissions	userspermissions	updateproviders	f		2	\N	\N
169	application	student	update	t		1	\N	\N
343	application	mentor	update	f		3	\N	\N
355	application	unit	create	f		3	\N	\N
372	application	selection	findone	f		3	\N	\N
403	application	school	delete	f		3	\N	\N
1223	content-manager	collection-types	delete	f		3	\N	\N
1226	content-manager	collection-types	delete	f		2	\N	\N
1233	content-manager	collection-types	find	f		9	\N	\N
433	application	day	create	f		3	\N	\N
465	email	email	send	f		3	\N	\N
479	users-permissions	auth	register	f		3	\N	\N
494	users-permissions	userspermissions	getpolicies	f		3	\N	\N
66	application	learning-standard	count	f		1	\N	\N
82	application	mentor	create	f		2	\N	\N
1481	application	email	send	f		3	\N	\N
126	application	school	find	f		2	\N	\N
141	application	selection	update	f		1	\N	\N
156	application	student	count	f		2	\N	\N
188	application	unit	delete	f		2	\N	\N
233	content-type-builder	components	deletecomponent	f		1	\N	\N
248	content-type-builder	contenttypes	getcontenttype	f		2	\N	\N
278	users-permissions	auth	emailconfirmation	t		2	\N	\N
293	users-permissions	user	destroyall	f		1	\N	\N
308	users-permissions	userspermissions	deleterole	f		2	\N	\N
323	users-permissions	userspermissions	getroutes	f		1	\N	\N
338	users-permissions	userspermissions	updaterole	f		2	\N	\N
344	application	mentor	delete	f		3	\N	\N
357	application	unit	delete	f		3	\N	\N
371	application	selection	find	f		3	\N	\N
401	application	school	create	f		3	\N	\N
431	application	day	findone	f		3	\N	\N
954	application	mentor	me	f		9	\N	\N
462	content-type-builder	contenttypes	createcontenttype	f		3	\N	\N
476	users-permissions	auth	resetpassword	f		3	\N	\N
492	users-permissions	userspermissions	getroutes	f		3	\N	\N
507	users-permissions	userspermissions	updaterole	f		3	\N	\N
67	application	grade	update	f		2	\N	\N
127	application	school	findone	f		1	\N	\N
143	application	session	count	f		1	\N	\N
159	application	student	delete	t		1	\N	\N
235	content-type-builder	components	getcomponent	f		1	\N	\N
250	content-type-builder	contenttypes	getcontenttypes	f		2	\N	\N
279	users-permissions	auth	forgotpassword	f		1	\N	\N
294	users-permissions	user	destroyall	f		2	\N	\N
309	users-permissions	userspermissions	getadvancedsettings	f		1	\N	\N
324	users-permissions	userspermissions	getroutes	f		2	\N	\N
81	application	mentor	create	t		1	\N	\N
189	application	unit	find	t		1	\N	\N
345	application	mentor	me	f		3	\N	\N
366	application	learning-standard	findone	f		3	\N	\N
382	application	block	delete	f		3	\N	\N
396	application	classroom	initjoin	f		3	\N	\N
411	application	grade	findone	f		3	\N	\N
426	application	student	update	f		3	\N	\N
455	content-type-builder	components	getcomponent	f		3	\N	\N
485	users-permissions	user	findone	f		3	\N	\N
499	users-permissions	userspermissions	updateadvancedsettings	f		3	\N	\N
68	application	learning-standard	count	f		2	\N	\N
83	application	mentor	delete	f		1	\N	\N
130	application	school	update	f		1	\N	\N
145	application	session	create	f		1	\N	\N
158	application	student	create	f		2	\N	\N
187	application	unit	delete	f		1	\N	\N
234	content-type-builder	components	deletecomponent	f		2	\N	\N
249	content-type-builder	contenttypes	getcontenttypes	f		1	\N	\N
281	users-permissions	auth	register	f		1	\N	\N
296	users-permissions	user	find	f		2	\N	\N
311	users-permissions	userspermissions	getemailtemplate	f		1	\N	\N
325	users-permissions	userspermissions	index	f		1	\N	\N
365	application	learning-standard	find	f		3	\N	\N
380	application	block	create	f		3	\N	\N
395	application	classroom	delete	f		3	\N	\N
410	application	grade	find	f		3	\N	\N
425	application	student	create	f		3	\N	\N
458	content-type-builder	components	deletecomponent	f		3	\N	\N
488	users-permissions	user	destroy	f		3	\N	\N
502	users-permissions	userspermissions	index	f		3	\N	\N
69	application	learning-standard	create	f		1	\N	\N
84	application	mentor	delete	f		2	\N	\N
128	application	school	findone	f		2	\N	\N
142	application	selection	update	f		2	\N	\N
186	application	unit	create	f		2	\N	\N
229	content-type-builder	componentcategories	editcategory	f		1	\N	\N
244	content-type-builder	contenttypes	createcontenttype	f		2	\N	\N
274	users-permissions	auth	callback	t		2	\N	\N
1222	content-manager	collection-types	bulkdelete	f		1	\N	\N
1227	content-manager	collection-types	delete	f		1	\N	\N
289	users-permissions	user	create	f		1	\N	\N
304	users-permissions	userspermissions	createrole	f		2	\N	\N
319	users-permissions	userspermissions	getrole	f		1	\N	\N
334	users-permissions	userspermissions	updateemailtemplate	f		2	\N	\N
157	application	student	create	t		1	\N	\N
361	application	blocks-category	create	f		3	\N	\N
375	application	selection	update	f		3	\N	\N
402	application	school	update	f		3	\N	\N
1482	application	email	send	f		8	\N	\N
432	application	day	count	f		3	\N	\N
461	content-type-builder	contenttypes	getcontenttype	f		3	\N	\N
477	users-permissions	auth	connect	f		3	\N	\N
493	users-permissions	userspermissions	deleterole	f		3	\N	\N
70	application	learning-standard	create	f		2	\N	\N
85	application	mentor	find	f		1	\N	\N
129	application	school	update	f		2	\N	\N
144	application	session	count	f		2	\N	\N
160	application	student	delete	f		2	\N	\N
190	application	unit	find	f		2	\N	\N
232	content-type-builder	components	createcomponent	f		2	\N	\N
247	content-type-builder	contenttypes	getcontenttype	f		1	\N	\N
277	users-permissions	auth	emailconfirmation	f		1	\N	\N
291	users-permissions	user	destroy	f		1	\N	\N
307	users-permissions	userspermissions	deleterole	f		1	\N	\N
322	users-permissions	userspermissions	getroles	f		2	\N	\N
337	users-permissions	userspermissions	updaterole	f		1	\N	\N
359	application	blocks-category	findone	f		3	\N	\N
374	application	selection	create	f		3	\N	\N
390	application	classroom	find	f		3	\N	\N
406	application	session	count	f		3	\N	\N
452	content-type-builder	componentcategories	editcategory	f		3	\N	\N
482	users-permissions	user	find	f		3	\N	\N
495	users-permissions	userspermissions	getroles	f		3	\N	\N
71	application	learning-standard	delete	f		1	\N	\N
86	application	mentor	find	f		2	\N	\N
131	application	selection	count	f		1	\N	\N
146	application	session	create	f		2	\N	\N
191	application	unit	findone	f		1	\N	\N
237	content-type-builder	components	getcomponents	f		1	\N	\N
252	content-type-builder	contenttypes	updatecontenttype	f		2	\N	\N
282	users-permissions	auth	register	t		2	\N	\N
297	users-permissions	user	findone	f		1	\N	\N
312	users-permissions	userspermissions	getemailtemplate	f		2	\N	\N
161	application	student	enrolled	t		1	\N	\N
364	application	sandbox	toolbox	f		3	\N	\N
379	application	block	count	f		3	\N	\N
393	application	classroom	create	f		3	\N	\N
408	application	session	update	f		3	\N	\N
423	application	student	findone	f		3	\N	\N
453	content-type-builder	componentcategories	deletecategory	f		3	\N	\N
483	users-permissions	user	me	f		3	\N	\N
498	users-permissions	userspermissions	updateemailtemplate	f		3	\N	\N
72	application	learning-standard	delete	f		2	\N	\N
87	application	mentor	findone	f		1	\N	\N
132	application	selection	count	f		2	\N	\N
147	application	session	delete	f		1	\N	\N
162	application	student	enrolled	f		2	\N	\N
192	application	unit	findone	f		2	\N	\N
236	content-type-builder	components	getcomponent	f		2	\N	\N
251	content-type-builder	contenttypes	updatecontenttype	f		1	\N	\N
280	users-permissions	auth	forgotpassword	t		2	\N	\N
295	users-permissions	user	find	f		1	\N	\N
310	users-permissions	userspermissions	getadvancedsettings	f		2	\N	\N
326	users-permissions	userspermissions	index	f		2	\N	\N
117	application	sandbox	toolbox	t		1	\N	\N
363	application	blocks-category	delete	f		3	\N	\N
376	application	selection	delete	f		3	\N	\N
391	application	classroom	findone	f		3	\N	\N
405	application	session	findone	f		3	\N	\N
435	application	day	delete	f		3	\N	\N
464	content-type-builder	contenttypes	deletecontenttype	f		3	\N	\N
480	users-permissions	auth	emailconfirmation	f		3	\N	\N
497	users-permissions	userspermissions	getproviders	f		3	\N	\N
73	application	learning-standard	find	f		1	\N	\N
88	application	mentor	findone	f		2	\N	\N
148	application	session	delete	f		2	\N	\N
1218	content-manager	collection-types	delete	f		8	\N	\N
1228	content-manager	collection-types	bulkdelete	f		3	\N	\N
163	application	student	find	f		1	\N	\N
193	application	unit	update	f		1	\N	\N
238	content-type-builder	components	getcomponents	f		2	\N	\N
253	email	email	send	f		1	\N	\N
283	users-permissions	auth	resetpassword	f		1	\N	\N
298	users-permissions	user	findone	f		2	\N	\N
313	users-permissions	userspermissions	getpermissions	f		1	\N	\N
118	application	sandbox	toolbox	t		2	\N	\N
362	application	blocks-category	update	f		3	\N	\N
377	application	block	find	f		3	\N	\N
392	application	classroom	count	f		3	\N	\N
407	application	session	create	f		3	\N	\N
422	application	student	find	f		3	\N	\N
451	content-type-builder	builder	getreservednames	f		3	\N	\N
481	users-permissions	auth	sendemailconfirmation	f		3	\N	\N
496	users-permissions	userspermissions	getrole	f		3	\N	\N
286	users-permissions	auth	sendemailconfirmation	f		2	\N	\N
301	users-permissions	user	update	f		1	\N	\N
316	users-permissions	userspermissions	getpolicies	f		2	\N	\N
331	users-permissions	userspermissions	updateadvancedsettings	f		1	\N	\N
352	application	unit	find	f		3	\N	\N
367	application	learning-standard	count	f		3	\N	\N
381	application	block	update	f		3	\N	\N
397	application	classroom	join	f		3	\N	\N
413	application	grade	create	f		3	\N	\N
427	application	student	delete	f		3	\N	\N
456	content-type-builder	components	createcomponent	f		3	\N	\N
487	users-permissions	user	update	f		3	\N	\N
503	users-permissions	userspermissions	createrole	f		3	\N	\N
299	users-permissions	user	me	t		1	\N	\N
314	users-permissions	userspermissions	getpermissions	f		2	\N	\N
329	users-permissions	userspermissions	searchusers	f		1	\N	\N
353	application	unit	findone	f		3	\N	\N
368	application	learning-standard	create	f		3	\N	\N
398	application	school	find	f		3	\N	\N
412	application	grade	count	f		3	\N	\N
428	application	student	me	t		3	\N	\N
457	content-type-builder	components	updatecomponent	f		3	\N	\N
486	users-permissions	user	create	f		3	\N	\N
300	users-permissions	user	me	t		2	\N	\N
315	users-permissions	userspermissions	getpolicies	f		1	\N	\N
330	users-permissions	userspermissions	searchusers	f		2	\N	\N
369	application	learning-standard	update	f		3	\N	\N
399	application	school	findone	f		3	\N	\N
414	application	grade	update	f		3	\N	\N
429	application	student	enrolled	f		3	\N	\N
459	content-type-builder	connections	getconnections	f		3	\N	\N
489	users-permissions	user	destroyall	f		3	\N	\N
504	users-permissions	userspermissions	updateproviders	f		3	\N	\N
508	application	day	toolbox	t		1	\N	\N
509	application	day	toolbox	f		2	\N	\N
510	application	day	toolbox	t		3	\N	\N
511	application	classroom	student	f		1	\N	\N
512	application	classroom	student	f		2	\N	\N
513	application	classroom	student	t		3	\N	\N
430	application	day	find	f		3	\N	\N
75	application	learning-standard	findone	t		1	\N	\N
133	application	selection	create	t		1	\N	\N
514	application	save	count	f		1	\N	\N
515	application	save	count	f		2	\N	\N
516	application	save	count	f		3	\N	\N
517	application	save	create	f		1	\N	\N
518	application	save	create	f		2	\N	\N
520	application	save	delete	f		1	\N	\N
521	application	save	delete	f		2	\N	\N
522	application	save	delete	f		3	\N	\N
523	application	save	find	f		1	\N	\N
524	application	save	find	f		2	\N	\N
527	application	save	find	f		3	\N	\N
525	application	save	findbyday	f		1	\N	\N
526	application	save	findbyday	f		2	\N	\N
529	application	save	findone	f		1	\N	\N
530	application	save	findone	f		2	\N	\N
531	application	save	findone	f		3	\N	\N
532	application	save	update	f		1	\N	\N
533	application	save	update	f		2	\N	\N
534	application	save	update	f		3	\N	\N
528	application	save	findbyday	t		3	\N	\N
519	application	save	create	t		3	\N	\N
535	application	submission	count	f		1	\N	\N
536	application	submission	count	f		2	\N	\N
537	application	submission	count	f		3	\N	\N
538	application	submission	create	f		1	\N	\N
539	application	submission	create	f		2	\N	\N
541	application	submission	delete	f		1	\N	\N
542	application	submission	delete	f		2	\N	\N
543	application	submission	delete	f		3	\N	\N
544	application	submission	find	f		1	\N	\N
551	application	submission	update	f		2	\N	\N
545	application	submission	find	f		2	\N	\N
546	application	submission	find	f		3	\N	\N
552	application	submission	update	f		3	\N	\N
547	application	submission	findone	f		1	\N	\N
548	application	submission	findone	f		2	\N	\N
550	application	submission	update	f		1	\N	\N
1214	content-manager	collection-types	bulkdelete	f		9	\N	\N
1215	content-manager	collection-types	create	f		9	\N	\N
540	application	submission	create	t		3	\N	\N
549	application	submission	findone	t		3	\N	\N
553	application	sandbox	createsubmission	f		1	\N	\N
555	application	sandbox	createsubmission	f		3	\N	\N
556	application	sandbox	findonesubmission	f		1	\N	\N
558	application	sandbox	findonesubmission	f		3	\N	\N
554	application	sandbox	createsubmission	t		2	\N	\N
557	application	sandbox	findonesubmission	t		2	\N	\N
976	application	sandbox	toolbox	f		9	\N	\N
1022	application	school	create	f		9	\N	\N
1036	application	grade	delete	f		9	\N	\N
1082	content-type-builder	componentcategories	editcategory	f		9	\N	\N
1113	users-permissions	user	find	f		9	\N	\N
1127	users-permissions	userspermissions	getproviders	f		9	\N	\N
994	application	submission	create	f		9	\N	\N
1009	application	classroom-manager	me	f		9	\N	\N
1024	application	school	delete	f		9	\N	\N
1054	application	day	create	f		9	\N	\N
1084	content-type-builder	components	getcomponents	f		9	\N	\N
1114	users-permissions	user	count	f		9	\N	\N
1129	users-permissions	userspermissions	updateadvancedsettings	f		9	\N	\N
995	application	submission	update	f		9	\N	\N
1010	application	classroom	update	f		9	\N	\N
1055	application	day	update	f		9	\N	\N
1085	content-type-builder	components	getcomponent	f		9	\N	\N
1115	users-permissions	user	findone	f		9	\N	\N
1130	users-permissions	userspermissions	getpermissions	f		9	\N	\N
951	application	mentor	create	f		9	\N	\N
997	application	submission	delete	f		9	\N	\N
1012	application	classroom	delete	f		9	\N	\N
1087	content-type-builder	components	updatecomponent	f		9	\N	\N
1117	users-permissions	user	update	f		9	\N	\N
1132	users-permissions	userspermissions	index	f		9	\N	\N
952	application	mentor	update	f		9	\N	\N
967	application	unit	create	f		9	\N	\N
982	application	learning-standard	create	f		9	\N	\N
1011	application	classroom	join	f		9	\N	\N
1056	application	day	delete	f		9	\N	\N
1086	content-type-builder	components	createcomponent	f		9	\N	\N
1116	users-permissions	user	create	f		9	\N	\N
953	application	mentor	delete	f		9	\N	\N
969	application	unit	delete	f		9	\N	\N
984	application	learning-standard	delete	f		9	\N	\N
1029	application	session	create	f		9	\N	\N
1089	content-type-builder	connections	getconnections	f		9	\N	\N
1118	users-permissions	user	destroy	f		9	\N	\N
1134	users-permissions	userspermissions	updateproviders	f		9	\N	\N
964	application	unit	find	t		9	\N	\N
950	application	mentor	count	t		9	\N	\N
948	application	mentor	find	t		9	\N	\N
949	application	mentor	findone	t		9	\N	\N
999	application	block	count	t		9	\N	\N
996	application	block	find	t		9	\N	\N
979	application	learning-standard	find	t		9	\N	\N
981	application	learning-standard	count	t		9	\N	\N
980	application	learning-standard	findone	t		9	\N	\N
1025	application	session	find	t		9	\N	\N
968	application	unit	update	f		9	\N	\N
983	application	learning-standard	update	f		9	\N	\N
1028	application	session	update	f		9	\N	\N
1058	application	day	toolbox	f		9	\N	\N
1088	content-type-builder	components	deletecomponent	f		9	\N	\N
1120	users-permissions	userspermissions	getemailtemplate	f		9	\N	\N
1135	users-permissions	userspermissions	getadvancedsettings	f		9	\N	\N
1217	content-manager	collection-types	bulkdelete	f		8	\N	\N
1220	content-manager	collection-types	create	f		8	\N	\N
1002	application	block	update	f		9	\N	\N
1016	application	classroom	student	f		9	\N	\N
1045	application	student	create	f		9	\N	\N
1090	content-type-builder	contenttypes	getcontenttype	f		9	\N	\N
1104	users-permissions	auth	callback	f		9	\N	\N
1119	users-permissions	user	destroyall	f		9	\N	\N
1133	users-permissions	userspermissions	createrole	f		9	\N	\N
1000	application	block	create	f		9	\N	\N
1017	application	classroom	initjoin	f		9	\N	\N
1047	application	student	update	f		9	\N	\N
1091	content-type-builder	contenttypes	getcontenttypes	f		9	\N	\N
1106	users-permissions	auth	resetpassword	f		9	\N	\N
1121	users-permissions	userspermissions	searchusers	f		9	\N	\N
1001	application	block	delete	f		9	\N	\N
1030	application	session	delete	f		9	\N	\N
1062	application	save	create	f		9	\N	\N
1092	content-type-builder	contenttypes	createcontenttype	f		9	\N	\N
1108	users-permissions	auth	connect	f		9	\N	\N
1123	users-permissions	userspermissions	getroutes	f		9	\N	\N
973	application	blocks-category	create	f		9	\N	\N
988	application	selection	create	f		9	\N	\N
1034	application	grade	create	f		9	\N	\N
1094	email	email	send	f		9	\N	\N
1110	users-permissions	auth	emailconfirmation	f		9	\N	\N
1125	users-permissions	userspermissions	getpolicies	f		9	\N	\N
974	application	blocks-category	update	f		9	\N	\N
989	application	selection	update	f		9	\N	\N
1018	application	classroom	create	f		9	\N	\N
1048	application	student	delete	f		9	\N	\N
1063	application	save	update	f		9	\N	\N
1093	content-type-builder	contenttypes	updatecontenttype	f		9	\N	\N
1107	users-permissions	auth	forgotpassword	f		9	\N	\N
1122	users-permissions	userspermissions	deleterole	f		9	\N	\N
1137	users-permissions	userspermissions	updaterole	f		9	\N	\N
975	application	blocks-category	delete	f		9	\N	\N
990	application	selection	delete	f		9	\N	\N
1035	application	grade	update	f		9	\N	\N
1052	application	student	me	f		9	\N	\N
1064	application	save	delete	f		9	\N	\N
1081	content-type-builder	builder	getreservednames	f		9	\N	\N
1112	users-permissions	user	me	f		9	\N	\N
1128	users-permissions	userspermissions	updateemailtemplate	f		9	\N	\N
977	application	sandbox	findonesubmission	f		9	\N	\N
1049	application	student	enrolled	f		9	\N	\N
1095	content-type-builder	contenttypes	deletecontenttype	f		9	\N	\N
1109	users-permissions	auth	register	f		9	\N	\N
1124	users-permissions	userspermissions	getroles	f		9	\N	\N
978	application	sandbox	createsubmission	f		9	\N	\N
1023	application	school	update	f		9	\N	\N
1083	content-type-builder	componentcategories	deletecategory	f		9	\N	\N
1111	users-permissions	auth	sendemailconfirmation	f		9	\N	\N
1126	users-permissions	userspermissions	getrole	f		9	\N	\N
749	application	mentor	find	f		8	\N	\N
750	application	mentor	findone	f		8	\N	\N
751	application	mentor	count	f		8	\N	\N
752	application	mentor	create	t		8	\N	\N
755	application	mentor	delete	f		8	\N	\N
753	application	mentor	me	f		8	\N	\N
754	application	mentor	update	f		8	\N	\N
1219	content-manager	collection-types	create	f		1	\N	\N
762	application	unit	findone	t		8	\N	\N
763	application	unit	find	t		8	\N	\N
764	application	unit	create	t		8	\N	\N
765	application	unit	count	f		8	\N	\N
766	application	unit	update	t		8	\N	\N
767	application	unit	delete	t		8	\N	\N
1031	application	grade	findone	t		9	\N	\N
1033	application	grade	count	t		9	\N	\N
1032	application	grade	find	t		9	\N	\N
1019	application	school	find	t		9	\N	\N
1021	application	school	findone	t		9	\N	\N
1020	application	school	count	t		9	\N	\N
992	application	submission	findone	t		9	\N	\N
1050	application	day	find	t		9	\N	\N
986	application	selection	findone	t		9	\N	\N
987	application	selection	count	t		9	\N	\N
985	application	selection	find	t		9	\N	\N
998	application	block	findone	t		9	\N	\N
972	application	blocks-category	count	t		9	\N	\N
970	application	blocks-category	find	t		9	\N	\N
971	application	blocks-category	findone	t		9	\N	\N
768	application	blocks-category	find	t		8	\N	\N
770	application	blocks-category	count	f		8	\N	\N
769	application	blocks-category	findone	t		8	\N	\N
771	application	blocks-category	create	t		8	\N	\N
772	application	blocks-category	update	t		8	\N	\N
774	application	sandbox	toolbox	t		8	\N	\N
773	application	blocks-category	delete	t		8	\N	\N
775	application	sandbox	findonesubmission	f		8	\N	\N
776	application	sandbox	createsubmission	f		8	\N	\N
777	application	learning-standard	find	t		8	\N	\N
779	application	learning-standard	count	f		8	\N	\N
778	application	learning-standard	findone	t		8	\N	\N
780	application	learning-standard	create	t		8	\N	\N
781	application	learning-standard	update	t		8	\N	\N
782	application	learning-standard	delete	t		8	\N	\N
784	application	selection	findone	f		8	\N	\N
783	application	selection	find	f		8	\N	\N
786	application	selection	create	f		8	\N	\N
785	application	selection	count	f		8	\N	\N
787	application	selection	update	f		8	\N	\N
788	application	selection	delete	f		8	\N	\N
790	application	submission	findone	f		8	\N	\N
791	application	submission	count	f		8	\N	\N
789	application	submission	find	f		8	\N	\N
792	application	submission	create	f		8	\N	\N
794	application	submission	delete	f		8	\N	\N
793	application	submission	update	f		8	\N	\N
809	application	classroom	join	f		8	\N	\N
824	application	session	findone	f		8	\N	\N
884	content-type-builder	components	createcomponent	f		8	\N	\N
914	users-permissions	user	create	f		8	\N	\N
928	users-permissions	userspermissions	getpermissions	f		8	\N	\N
795	application	block	find	t		8	\N	\N
810	application	classroom	delete	t		8	\N	\N
825	application	session	count	f		8	\N	\N
854	application	day	delete	t		8	\N	\N
885	content-type-builder	components	updatecomponent	f		8	\N	\N
915	users-permissions	user	update	f		8	\N	\N
930	users-permissions	userspermissions	index	f		8	\N	\N
796	application	block	findone	t		8	\N	\N
811	application	classroom	findone	t		8	\N	\N
826	application	session	create	f		8	\N	\N
841	application	student	find	f		8	\N	\N
856	application	day	toolbox	t		8	\N	\N
886	content-type-builder	components	deletecomponent	f		8	\N	\N
916	users-permissions	user	destroy	f		8	\N	\N
931	users-permissions	userspermissions	createrole	f		8	\N	\N
797	application	block	count	f		8	\N	\N
812	application	classroom	count	f		8	\N	\N
827	application	session	update	f		8	\N	\N
842	application	student	findone	f		8	\N	\N
857	application	save	find	t		8	\N	\N
888	content-type-builder	contenttypes	getcontenttypes	f		8	\N	\N
903	users-permissions	auth	callback	f		8	\N	\N
918	users-permissions	userspermissions	getemailtemplate	f		8	\N	\N
933	users-permissions	userspermissions	getadvancedsettings	f		8	\N	\N
798	application	block	create	t		8	\N	\N
813	application	classroom	find	t		8	\N	\N
828	application	session	delete	f		8	\N	\N
843	application	student	count	f		8	\N	\N
858	application	save	findone	t		8	\N	\N
887	content-type-builder	connections	getconnections	f		8	\N	\N
917	users-permissions	user	destroyall	f		8	\N	\N
932	users-permissions	userspermissions	updateproviders	f		8	\N	\N
799	application	block	update	t		8	\N	\N
816	application	classroom	create	t		8	\N	\N
831	application	grade	count	f		8	\N	\N
845	application	student	update	f		8	\N	\N
860	application	save	create	t		8	\N	\N
890	content-type-builder	contenttypes	createcontenttype	f		8	\N	\N
905	users-permissions	auth	connect	f		8	\N	\N
920	users-permissions	userspermissions	getroutes	f		8	\N	\N
935	users-permissions	userspermissions	updaterole	f		8	\N	\N
800	application	block	delete	t		8	\N	\N
814	application	classroom	initjoin	f		8	\N	\N
844	application	student	create	f		8	\N	\N
859	application	save	count	t		8	\N	\N
889	content-type-builder	contenttypes	getcontenttype	f		8	\N	\N
904	users-permissions	auth	resetpassword	f		8	\N	\N
919	users-permissions	userspermissions	searchusers	f		8	\N	\N
829	application	grade	find	t		8	\N	\N
815	application	classroom	student	f		8	\N	\N
846	application	student	delete	f		8	\N	\N
861	application	save	update	t		8	\N	\N
1224	content-manager	collection-types	create	f		2	\N	\N
891	content-type-builder	contenttypes	updatecontenttype	f		8	\N	\N
906	users-permissions	auth	forgotpassword	f		8	\N	\N
921	users-permissions	userspermissions	deleterole	f		8	\N	\N
830	application	grade	findone	t		8	\N	\N
817	application	school	find	f		8	\N	\N
832	application	grade	create	f		8	\N	\N
847	application	student	me	f		8	\N	\N
862	application	save	delete	t		8	\N	\N
892	content-type-builder	contenttypes	deletecontenttype	f		8	\N	\N
907	users-permissions	auth	register	f		8	\N	\N
922	users-permissions	userspermissions	getpolicies	f		8	\N	\N
818	application	school	findone	f		8	\N	\N
834	application	grade	delete	f		8	\N	\N
849	application	day	find	t		8	\N	\N
880	content-type-builder	componentcategories	editcategory	f		8	\N	\N
909	users-permissions	auth	sendemailconfirmation	f		8	\N	\N
923	users-permissions	userspermissions	getroles	f		8	\N	\N
819	application	school	count	f		8	\N	\N
833	application	grade	update	f		8	\N	\N
848	application	student	enrolled	f		8	\N	\N
863	application	save	findbyday	t		8	\N	\N
893	email	email	send	f		8	\N	\N
910	users-permissions	user	find	f		8	\N	\N
925	users-permissions	userspermissions	getproviders	f		8	\N	\N
821	application	school	update	f		8	\N	\N
851	application	day	count	t		8	\N	\N
881	content-type-builder	componentcategories	deletecategory	f		8	\N	\N
913	users-permissions	user	findone	f		8	\N	\N
927	users-permissions	userspermissions	updateadvancedsettings	f		8	\N	\N
820	application	school	create	f		8	\N	\N
850	application	day	findone	t		8	\N	\N
879	content-type-builder	builder	getreservednames	f		8	\N	\N
908	users-permissions	auth	emailconfirmation	f		8	\N	\N
924	users-permissions	userspermissions	getrole	f		8	\N	\N
807	application	classroom-manager	me	f		8	\N	\N
822	application	school	delete	f		8	\N	\N
852	application	day	create	t		8	\N	\N
883	content-type-builder	components	getcomponent	f		8	\N	\N
912	users-permissions	user	count	f		8	\N	\N
926	users-permissions	userspermissions	updateemailtemplate	f		8	\N	\N
808	application	classroom	update	t		8	\N	\N
823	application	session	find	f		8	\N	\N
853	application	day	update	t		8	\N	\N
882	content-type-builder	components	getcomponents	f		8	\N	\N
911	users-permissions	user	me	f		8	\N	\N
1221	content-manager	collection-types	delete	f		9	\N	\N
1241	content-manager	collection-types	previewmanyrelations	f		3	\N	\N
1250	content-manager	collection-types	unpublish	f		2	\N	\N
1262	content-manager	components	findcomponentconfiguration	f		8	\N	\N
1281	content-manager	content-types	findcontenttypes	f		3	\N	\N
1296	content-manager	single-types	createorupdate	f		3	\N	\N
1310	content-manager	single-types	publish	f		2	\N	\N
1324	content-manager	uid	generateuid	f		1	\N	\N
1236	content-manager	collection-types	findone	f		3	\N	\N
1254	content-manager	collection-types	update	f		1	\N	\N
1269	content-manager	components	updatecomponentconfiguration	f		1	\N	\N
1286	content-manager	content-types	updatecontenttypeconfiguration	f		3	\N	\N
1299	content-manager	single-types	delete	f		1	\N	\N
1314	content-manager	single-types	unpublish	f		1	\N	\N
1325	content-manager	uid	generateuid	f		2	\N	\N
1239	content-manager	collection-types	previewmanyrelations	f		1	\N	\N
1238	content-manager	collection-types	findone	f		9	\N	\N
1253	content-manager	collection-types	unpublish	f		9	\N	\N
1257	content-manager	collection-types	update	f		8	\N	\N
1268	content-manager	components	findcomponents	f		9	\N	\N
1272	content-manager	components	updatecomponentconfiguration	f		8	\N	\N
1285	content-manager	content-types	updatecontenttypeconfiguration	f		2	\N	\N
1287	content-manager	content-types	updatecontenttypeconfiguration	f		8	\N	\N
1300	content-manager	single-types	delete	f		2	\N	\N
1303	content-manager	single-types	delete	f		9	\N	\N
1312	content-manager	single-types	publish	f		8	\N	\N
1317	content-manager	single-types	unpublish	f		8	\N	\N
1327	content-manager	uid	generateuid	f		8	\N	\N
1232	content-manager	collection-types	find	f		8	\N	\N
1240	content-manager	collection-types	previewmanyrelations	f		2	\N	\N
1244	content-manager	collection-types	publish	f		1	\N	\N
1255	content-manager	collection-types	update	f		2	\N	\N
1259	content-manager	components	findcomponentconfiguration	f		1	\N	\N
1271	content-manager	components	updatecomponentconfiguration	f		3	\N	\N
1276	content-manager	content-types	findcontenttypeconfiguration	f		3	\N	\N
1282	content-manager	content-types	findcontenttypes	f		8	\N	\N
1293	content-manager	relations	find	f		9	\N	\N
1294	content-manager	single-types	createorupdate	f		1	\N	\N
1311	content-manager	single-types	publish	f		3	\N	\N
1318	content-manager	single-types	unpublish	f		9	\N	\N
1231	content-manager	collection-types	find	f		3	\N	\N
1242	content-manager	collection-types	previewmanyrelations	f		8	\N	\N
1245	content-manager	collection-types	publish	f		2	\N	\N
1252	content-manager	collection-types	unpublish	f		8	\N	\N
1260	content-manager	components	findcomponentconfiguration	f		2	\N	\N
1264	content-manager	components	findcomponents	f		1	\N	\N
1275	content-manager	content-types	findcontenttypeconfiguration	f		2	\N	\N
1283	content-manager	content-types	findcontenttypes	f		9	\N	\N
1295	content-manager	single-types	createorupdate	f		2	\N	\N
1301	content-manager	single-types	delete	f		3	\N	\N
1307	content-manager	single-types	find	f		8	\N	\N
1316	content-manager	single-types	unpublish	f		3	\N	\N
1322	content-manager	uid	checkuidavailability	f		8	\N	\N
1326	content-manager	uid	generateuid	f		3	\N	\N
1235	content-manager	collection-types	findone	f		2	\N	\N
1243	content-manager	collection-types	previewmanyrelations	f		9	\N	\N
1247	content-manager	collection-types	publish	f		8	\N	\N
1249	content-manager	collection-types	unpublish	f		1	\N	\N
1263	content-manager	components	findcomponentconfiguration	f		9	\N	\N
1265	content-manager	components	findcomponents	f		2	\N	\N
1277	content-manager	content-types	findcontenttypeconfiguration	f		8	\N	\N
1274	content-manager	content-types	findcontenttypeconfiguration	f		1	\N	\N
1289	content-manager	relations	find	f		1	\N	\N
1298	content-manager	single-types	createorupdate	f		9	\N	\N
1304	content-manager	single-types	find	f		1	\N	\N
1306	content-manager	single-types	find	f		3	\N	\N
1319	content-manager	uid	checkuidavailability	f		1	\N	\N
1321	content-manager	uid	checkuidavailability	f		3	\N	\N
1234	content-manager	collection-types	findone	f		1	\N	\N
1256	content-manager	collection-types	update	f		3	\N	\N
1267	content-manager	components	findcomponents	f		8	\N	\N
1288	content-manager	content-types	updatecontenttypeconfiguration	f		9	\N	\N
1302	content-manager	single-types	delete	f		8	\N	\N
1315	content-manager	single-types	unpublish	f		2	\N	\N
1328	content-manager	uid	generateuid	f		9	\N	\N
1230	content-manager	collection-types	find	f		1	\N	\N
1248	content-manager	collection-types	publish	f		9	\N	\N
1270	content-manager	components	updatecomponentconfiguration	f		2	\N	\N
1279	content-manager	content-types	findcontenttypes	f		1	\N	\N
1292	content-manager	relations	find	f		8	\N	\N
1309	content-manager	single-types	publish	f		1	\N	\N
1229	content-manager	collection-types	find	f		2	\N	\N
1246	content-manager	collection-types	publish	f		3	\N	\N
1261	content-manager	components	findcomponentconfiguration	f		3	\N	\N
1278	content-manager	content-types	findcontenttypeconfiguration	f		9	\N	\N
1290	content-manager	relations	find	f		2	\N	\N
1305	content-manager	single-types	find	f		2	\N	\N
1320	content-manager	uid	checkuidavailability	f		2	\N	\N
1251	content-manager	collection-types	unpublish	f		3	\N	\N
1266	content-manager	components	findcomponents	f		3	\N	\N
1284	content-manager	content-types	updatecontenttypeconfiguration	f		1	\N	\N
1297	content-manager	single-types	createorupdate	f		8	\N	\N
1313	content-manager	single-types	publish	f		9	\N	\N
1237	content-manager	collection-types	findone	f		8	\N	\N
1258	content-manager	collection-types	update	f		9	\N	\N
1273	content-manager	components	updatecomponentconfiguration	f		9	\N	\N
1280	content-manager	content-types	findcontenttypes	f		2	\N	\N
1291	content-manager	relations	find	f		3	\N	\N
1308	content-manager	single-types	find	f		9	\N	\N
1323	content-manager	uid	checkuidavailability	f		9	\N	\N
1329	application	day	templateupdate	f		2	\N	\N
1331	application	day	templateupdate	f		3	\N	\N
1333	application	day	templateupdate	f		9	\N	\N
1334	content-manager	content-types	findcontenttypessettings	f		1	\N	\N
1335	content-manager	content-types	findcontenttypessettings	f		2	\N	\N
1336	content-manager	content-types	findcontenttypessettings	f		3	\N	\N
1339	email	email	getsettings	f		1	\N	\N
1340	email	email	getsettings	f		2	\N	\N
1341	email	email	getsettings	f		3	\N	\N
1342	email	email	getsettings	f		8	\N	\N
1343	email	email	getsettings	f		9	\N	\N
1338	content-manager	content-types	findcontenttypessettings	f		9	\N	\N
1337	content-manager	content-types	findcontenttypessettings	f		8	\N	\N
1344	email	email	test	f		1	\N	\N
1345	email	email	test	f		2	\N	\N
1346	email	email	test	f		3	\N	\N
1347	email	email	test	f		8	\N	\N
1348	email	email	test	f		9	\N	\N
1349	application	learning-component-types	count	f		1	\N	\N
1350	application	learning-component-types	count	f		2	\N	\N
1351	application	learning-component-types	count	f		3	\N	\N
1352	application	learning-component-types	count	f		8	\N	\N
1354	application	learning-component-types	create	f		1	\N	\N
1355	application	learning-component-types	create	f		2	\N	\N
1356	application	learning-component-types	create	f		3	\N	\N
1357	application	learning-component-types	create	f		8	\N	\N
1358	application	learning-component-types	create	f		9	\N	\N
1359	application	learning-component-types	delete	f		1	\N	\N
1360	application	learning-component-types	delete	f		2	\N	\N
1361	application	learning-component-types	delete	f		3	\N	\N
1362	application	learning-component-types	delete	f		8	\N	\N
1363	application	learning-component-types	delete	f		9	\N	\N
1365	application	learning-component-types	find	f		2	\N	\N
1366	application	learning-component-types	find	f		3	\N	\N
1367	application	learning-component-types	find	f		8	\N	\N
1369	application	learning-component-types	findone	f		1	\N	\N
1370	application	learning-component-types	findone	f		2	\N	\N
1371	application	learning-component-types	findone	f		3	\N	\N
1372	application	learning-component-types	findone	f		8	\N	\N
1374	application	learning-component-types	update	f		1	\N	\N
1332	application	day	templateupdate	t		8	\N	\N
1364	application	learning-component-types	find	f		1	\N	\N
1376	application	learning-component-types	update	f		3	\N	\N
1377	application	learning-component-types	update	f		8	\N	\N
1378	application	learning-component-types	update	f		9	\N	\N
1375	application	learning-component-types	update	f		2	\N	\N
1379	application	learning-components	count	f		1	\N	\N
1380	application	learning-components	count	f		2	\N	\N
1381	application	learning-components	count	f		3	\N	\N
1382	application	learning-components	count	f		8	\N	\N
1384	application	learning-components	create	f		1	\N	\N
1385	application	learning-components	create	f		2	\N	\N
1386	application	learning-components	create	f		3	\N	\N
1388	application	learning-components	create	f		9	\N	\N
1389	application	learning-components	delete	f		1	\N	\N
1390	application	learning-components	delete	f		2	\N	\N
1391	application	learning-components	delete	f		3	\N	\N
1392	application	learning-components	delete	f		8	\N	\N
1393	application	learning-components	delete	f		9	\N	\N
1394	application	learning-components	find	f		1	\N	\N
1395	application	learning-components	find	f		2	\N	\N
1396	application	learning-components	find	f		3	\N	\N
1399	application	learning-components	findone	f		1	\N	\N
1400	application	learning-components	findone	f		2	\N	\N
1401	application	learning-components	findone	f		3	\N	\N
1404	application	learning-components	update	f		1	\N	\N
1405	application	learning-components	update	f		2	\N	\N
1406	application	learning-components	update	f		3	\N	\N
1408	application	learning-components	update	f		9	\N	\N
1330	application	day	templateupdate	t		1	\N	\N
45	application	day	create	t		1	\N	\N
49	application	day	find	t		1	\N	\N
53	application	day	update	t		1	\N	\N
43	application	day	count	t		1	\N	\N
1630	application	classroom	workspaces	f		2	\N	\N
1631	application	classroom	workspaces	t		1	\N	\N
1632	application	classroom	workspaces	f		3	\N	\N
1633	application	classroom	workspaces	f		8	\N	\N
1634	application	classroom	workspaces	f		9	\N	\N
51	application	day	findone	t		1	\N	\N
1046	application	student	count	t		9	\N	\N
1043	application	student	find	t		9	\N	\N
1044	application	student	findone	t		9	\N	\N
1014	application	classroom	count	t		9	\N	\N
1015	application	classroom	find	t		9	\N	\N
1013	application	classroom	findone	t		9	\N	\N
1061	application	save	count	t		9	\N	\N
1059	application	save	find	t		9	\N	\N
1060	application	save	findone	t		9	\N	\N
1065	application	save	findbyday	t		9	\N	\N
965	application	unit	findone	t		9	\N	\N
966	application	unit	count	t		9	\N	\N
993	application	submission	count	t		9	\N	\N
991	application	submission	find	t		9	\N	\N
1053	application	day	count	t		9	\N	\N
1051	application	day	findone	t		9	\N	\N
1373	application	learning-component-types	findone	t		9	\N	\N
1353	application	learning-component-types	count	t		9	\N	\N
1368	application	learning-component-types	find	t		9	\N	\N
1026	application	session	findone	t		9	\N	\N
1027	application	session	count	t		9	\N	\N
1387	application	learning-components	create	t		8	\N	\N
1407	application	learning-components	update	t		8	\N	\N
1397	application	learning-components	find	t		8	\N	\N
1383	application	learning-components	count	t		9	\N	\N
1398	application	learning-components	find	t		9	\N	\N
1403	application	learning-components	findone	t		9	\N	\N
1402	application	learning-components	findone	t		8	\N	\N
1483	application	email	send	t		9	\N	\N
1701	application	cc-workspace	count	t		1	\N	\N
1731	application	cc-workspace	update	t		1	\N	\N
1711	application	cc-workspace	delete	t		1	\N	\N
1706	application	cc-workspace	create	t		1	\N	\N
1768	application	day	activitytemplateupdate	f		3	\N	\N
1767	application	day	activitytemplateupdate	f		2	\N	\N
1769	application	day	activitytemplateupdate	f		9	\N	\N
1771	application	day	activitytemplateupdate	f		1	\N	\N
1734	application	cc-workspace	update	t		8	\N	\N
1770	application	day	activitytemplateupdate	t		8	\N	\N
1724	application	cc-workspace	findone	t		8	\N	\N
1709	application	cc-workspace	create	t		8	\N	\N
1704	application	cc-workspace	count	t		8	\N	\N
1719	application	cc-workspace	find	t		8	\N	\N
1714	application	cc-workspace	delete	t		8	\N	\N
1729	application	cc-workspace	toolbox	t		8	\N	\N
1716	application	cc-workspace	find	t		1	\N	\N
1721	application	cc-workspace	findone	t		1	\N	\N
1702	application	cc-workspace	count	f		2	\N	\N
1703	application	cc-workspace	count	f		3	\N	\N
1705	application	cc-workspace	count	f		9	\N	\N
1707	application	cc-workspace	create	f		2	\N	\N
1708	application	cc-workspace	create	f		3	\N	\N
1710	application	cc-workspace	create	f		9	\N	\N
1712	application	cc-workspace	delete	f		2	\N	\N
1713	application	cc-workspace	delete	f		3	\N	\N
1715	application	cc-workspace	delete	f		9	\N	\N
1717	application	cc-workspace	find	f		2	\N	\N
1718	application	cc-workspace	find	f		3	\N	\N
1720	application	cc-workspace	find	f		9	\N	\N
1722	application	cc-workspace	findone	f		2	\N	\N
1723	application	cc-workspace	findone	f		3	\N	\N
1725	application	cc-workspace	findone	f		9	\N	\N
1726	application	cc-workspace	toolbox	f		1	\N	\N
1727	application	cc-workspace	toolbox	f		2	\N	\N
1728	application	cc-workspace	toolbox	f		3	\N	\N
1730	application	cc-workspace	toolbox	f		9	\N	\N
1732	application	cc-workspace	update	f		2	\N	\N
1733	application	cc-workspace	update	f		3	\N	\N
1735	application	cc-workspace	update	f		9	\N	\N
\.


--
-- Data for Name: users-permissions_role; Type: TABLE DATA; Schema: public; Owner: postgres
--

COPY public."users-permissions_role" (id, name, description, type, created_by, updated_by) FROM stdin;
3	Student	Default role given to a student user.	student	\N	\N
2	Public	Default role given to unauthenticated user.	public	\N	\N
9	Researcher	Role for researchers	researcher	\N	\N
1	Classroom Manager	Default role given to authenticated user.	authenticated	\N	\N
8	Content Creator	Role given to content Creators	content_creator	\N	\N
\.


--
-- Data for Name: users-permissions_user; Type: TABLE DATA; Schema: public; Owner: postgres
--

COPY public."users-permissions_user" (id, username, email, provider, password, "resetPasswordToken", confirmed, blocked, last_logged_in, role, created_at, updated_at, created_by, updated_by, "confirmationToken") FROM stdin;
5	defaultcontentcreator2	contentcreator@2.com	local	$2a$10$nbKo61meo/7f02j9Q28a3uduTnki/iOmskF12dgqDVoMcNRRLX5qe	\N	t	f	\N	8	2021-08-01 17:59:12.285+00	2021-08-01 17:59:27.123+00	\N	\N	\N
4	defaultmentor2	mentor@2.com	local	$2a$10$g5atS06lQNRLlVN2A2AAFebp7y8yVaol8zqxBwZuMdlXfYublZ..y	\N	t	f	2021-08-01 19:06:05.127+00	1	2021-08-01 17:58:42.901+00	2021-08-01 19:06:05.136+00	\N	\N	\N
6	defaultmentor3	mentor@3.com	local	$2a$10$kmWsLD6pu/W3XUZxm0/1GeUD/7wGCaTVuTPrwy1o2jqk7SR7Nr96e	\N	t	f	2021-08-01 19:06:13.66+00	1	2021-08-01 18:31:22.156+00	2021-08-01 19:06:13.671+00	\N	\N	\N
1	defaultmentor	dm@mail.com	local	$2a$10$lz.mh/Eb3vt5.VtpqDXmFOmw.Ra.2Kp1w5sQl3yW3dYLRughOdS.2	\N	t	\N	2021-08-21 21:16:15.63+00	1	2020-07-24 16:36:23.083+00	2021-08-21 21:16:15.639+00	\N	\N	\N
2	defaultcontentcreator	creator@content.com	local	$2a$10$axrxkLC17PEOmZm/XOTvju77jSAZM2t9pfoX3NfhqvzMbYAbAdKuu	\N	t	f	2021-08-21 21:16:28.381+00	8	2020-11-02 08:28:49.392+00	2021-08-21 21:16:28.39+00	\N	\N	\N
7	defaultresearcher	researcher@test.com	local	$2a$10$CrIh2b3vnT2r/3U.bmapxeTxvpG59YFXuBFtdtDUlIUT1XVUIvyyS	\N	t	f	\N	9	2022-02-15 20:00:39.46+00	2022-02-15 20:00:39.464+00	1	1	\N
\.


--
-- Name: block_images_id_seq; Type: SEQUENCE SET; Schema: public; Owner: postgres
--

SELECT pg_catalog.setval('public.block_images_id_seq', 7, true);


--
-- Name: blocks_categories_id_seq; Type: SEQUENCE SET; Schema: public; Owner: postgres
--

SELECT pg_catalog.setval('public.blocks_categories_id_seq', 12, true);


--
-- Name: blocks_id_seq; Type: SEQUENCE SET; Schema: public; Owner: postgres
--

SELECT pg_catalog.setval('public.blocks_id_seq', 115, true);


--
-- Name: cc_workspaces__blocks_id_seq; Type: SEQUENCE SET; Schema: public; Owner: postgres
--

SELECT pg_catalog.setval('public.cc_workspaces__blocks_id_seq', 2, true);


--
-- Name: cc_workspaces_id_seq; Type: SEQUENCE SET; Schema: public; Owner: postgres
--

SELECT pg_catalog.setval('public.cc_workspaces_id_seq', 28, true);


--
-- Name: challenges_id_seq; Type: SEQUENCE SET; Schema: public; Owner: postgres
--

SELECT pg_catalog.setval('public.challenges_id_seq', 1, false);


--
-- Name: classrooms__cc_workspaces_id_seq; Type: SEQUENCE SET; Schema: public; Owner: postgres
--

SELECT pg_catalog.setval('public.classrooms__cc_workspaces_id_seq', 1, true);


--
-- Name: classrooms_id_seq; Type: SEQUENCE SET; Schema: public; Owner: postgres
--

SELECT pg_catalog.setval('public.classrooms_id_seq', 7, true);


--
-- Name: classrooms_mentors__mentors_classrooms_id_seq; Type: SEQUENCE SET; Schema: public; Owner: postgres
--

SELECT pg_catalog.setval('public.classrooms_mentors__mentors_classrooms_id_seq', 8, true);


--
-- Name: classrooms_teachers__teachers_classrooms_id_seq; Type: SEQUENCE SET; Schema: public; Owner: postgres
--

SELECT pg_catalog.setval('public.classrooms_teachers__teachers_classrooms_id_seq', 1, false);


--
-- Name: core_store_id_seq; Type: SEQUENCE SET; Schema: public; Owner: postgres
--

SELECT pg_catalog.setval('public.core_store_id_seq', 262, true);


--
-- Name: days__blocks_id_seq; Type: SEQUENCE SET; Schema: public; Owner: postgres
--

SELECT pg_catalog.setval('public.days__blocks_id_seq', 177, true);


--
-- Name: days_id_seq; Type: SEQUENCE SET; Schema: public; Owner: postgres
--

SELECT pg_catalog.setval('public.days_id_seq', 947, true);


--
-- Name: days_learning_components__learning_components_days_id_seq; Type: SEQUENCE SET; Schema: public; Owner: postgres
--

SELECT pg_catalog.setval('public.days_learning_components__learning_components_days_id_seq', 10, true);


--
-- Name: grades_id_seq; Type: SEQUENCE SET; Schema: public; Owner: postgres
--

SELECT pg_catalog.setval('public.grades_id_seq', 4, true);


--
-- Name: learning_component_types_id_seq; Type: SEQUENCE SET; Schema: public; Owner: postgres
--

SELECT pg_catalog.setval('public.learning_component_types_id_seq', 1, false);


--
-- Name: learning_components_id_seq; Type: SEQUENCE SET; Schema: public; Owner: postgres
--

SELECT pg_catalog.setval('public.learning_components_id_seq', 6, true);


--
-- Name: learning_standards_id_seq; Type: SEQUENCE SET; Schema: public; Owner: postgres
--

SELECT pg_catalog.setval('public.learning_standards_id_seq', 235, true);


--
-- Name: mentors_id_seq; Type: SEQUENCE SET; Schema: public; Owner: postgres
--

SELECT pg_catalog.setval('public.mentors_id_seq', 4, true);


--
-- Name: objective_types_id_seq; Type: SEQUENCE SET; Schema: public; Owner: postgres
--

SELECT pg_catalog.setval('public.objective_types_id_seq', 3, true);


--
-- Name: objectives_id_seq; Type: SEQUENCE SET; Schema: public; Owner: postgres
--

SELECT pg_catalog.setval('public.objectives_id_seq', 6, true);


--
-- Name: saves_id_seq; Type: SEQUENCE SET; Schema: public; Owner: postgres
--

SELECT pg_catalog.setval('public.saves_id_seq', 532, true);


--
-- Name: schools_id_seq; Type: SEQUENCE SET; Schema: public; Owner: postgres
--

SELECT pg_catalog.setval('public.schools_id_seq', 2, true);


--
-- Name: selections_id_seq; Type: SEQUENCE SET; Schema: public; Owner: postgres
--

SELECT pg_catalog.setval('public.selections_id_seq', 45, true);


--
-- Name: sessions__saves_id_seq; Type: SEQUENCE SET; Schema: public; Owner: postgres
--

SELECT pg_catalog.setval('public.sessions__saves_id_seq', 1, false);


--
-- Name: sessions_id_seq; Type: SEQUENCE SET; Schema: public; Owner: postgres
--

SELECT pg_catalog.setval('public.sessions_id_seq', 1742, true);


--
-- Name: sessions_students__students_sessions_id_seq; Type: SEQUENCE SET; Schema: public; Owner: postgres
--

SELECT pg_catalog.setval('public.sessions_students__students_sessions_id_seq', 3235, true);


--
-- Name: strapi_administrator_id_seq; Type: SEQUENCE SET; Schema: public; Owner: postgres
--

SELECT pg_catalog.setval('public.strapi_administrator_id_seq', 2, false);


--
-- Name: strapi_permission_id_seq; Type: SEQUENCE SET; Schema: public; Owner: postgres
--

SELECT pg_catalog.setval('public.strapi_permission_id_seq', 4338, true);


--
-- Name: strapi_role_id_seq; Type: SEQUENCE SET; Schema: public; Owner: postgres
--

SELECT pg_catalog.setval('public.strapi_role_id_seq', 33, true);


--
-- Name: strapi_users_roles_id_seq; Type: SEQUENCE SET; Schema: public; Owner: postgres
--

SELECT pg_catalog.setval('public.strapi_users_roles_id_seq', 33, true);


--
-- Name: strapi_webhooks_id_seq; Type: SEQUENCE SET; Schema: public; Owner: postgres
--

SELECT pg_catalog.setval('public.strapi_webhooks_id_seq', 1, false);


--
-- Name: students_id_seq; Type: SEQUENCE SET; Schema: public; Owner: postgres
--

SELECT pg_catalog.setval('public.students_id_seq', 31, true);


--
-- Name: submissions_id_seq; Type: SEQUENCE SET; Schema: public; Owner: postgres
--

SELECT pg_catalog.setval('public.submissions_id_seq', 380, true);


--
-- Name: teacher_workspaces__blocks_id_seq; Type: SEQUENCE SET; Schema: public; Owner: postgres
--

SELECT pg_catalog.setval('public.teacher_workspaces__blocks_id_seq', 1, false);


--
-- Name: teacher_workspaces_id_seq; Type: SEQUENCE SET; Schema: public; Owner: postgres
--

SELECT pg_catalog.setval('public.teacher_workspaces_id_seq', 1, false);


--
-- Name: teachers_id_seq; Type: SEQUENCE SET; Schema: public; Owner: postgres
--

SELECT pg_catalog.setval('public.teachers_id_seq', 1, false);


--
-- Name: units_id_seq; Type: SEQUENCE SET; Schema: public; Owner: postgres
--

SELECT pg_catalog.setval('public.units_id_seq', 79, true);


--
-- Name: upload_file_id_seq; Type: SEQUENCE SET; Schema: public; Owner: postgres
--

SELECT pg_catalog.setval('public.upload_file_id_seq', 69, true);


--
-- Name: upload_file_morph_id_seq; Type: SEQUENCE SET; Schema: public; Owner: postgres
--

SELECT pg_catalog.setval('public.upload_file_morph_id_seq', 79, true);


--
-- Name: users-permissions_permission_id_seq; Type: SEQUENCE SET; Schema: public; Owner: postgres
--

SELECT pg_catalog.setval('public."users-permissions_permission_id_seq"', 1771, true);


--
-- Name: users-permissions_role_id_seq; Type: SEQUENCE SET; Schema: public; Owner: postgres
--

SELECT pg_catalog.setval('public."users-permissions_role_id_seq"', 9, true);


--
-- Name: users-permissions_user_id_seq; Type: SEQUENCE SET; Schema: public; Owner: postgres
--

SELECT pg_catalog.setval('public."users-permissions_user_id_seq"', 7, true);


--
-- Name: block_images block_images_block_unique; Type: CONSTRAINT; Schema: public; Owner: postgres
--

ALTER TABLE ONLY public.block_images
    ADD CONSTRAINT block_images_block_unique UNIQUE (block);


--
-- Name: block_images block_images_pkey; Type: CONSTRAINT; Schema: public; Owner: postgres
--

ALTER TABLE ONLY public.block_images
    ADD CONSTRAINT block_images_pkey PRIMARY KEY (id);


--
-- Name: blocks_categories blocks_categories_pkey; Type: CONSTRAINT; Schema: public; Owner: postgres
--

ALTER TABLE ONLY public.blocks_categories
    ADD CONSTRAINT blocks_categories_pkey PRIMARY KEY (id);


--
-- Name: blocks blocks_name_unique; Type: CONSTRAINT; Schema: public; Owner: postgres
--

ALTER TABLE ONLY public.blocks
    ADD CONSTRAINT blocks_name_unique UNIQUE (name);


--
-- Name: blocks blocks_pkey; Type: CONSTRAINT; Schema: public; Owner: postgres
--

ALTER TABLE ONLY public.blocks
    ADD CONSTRAINT blocks_pkey PRIMARY KEY (id);


--
-- Name: cc_workspaces__blocks cc_workspaces__blocks_pkey; Type: CONSTRAINT; Schema: public; Owner: postgres
--

ALTER TABLE ONLY public.cc_workspaces__blocks
    ADD CONSTRAINT cc_workspaces__blocks_pkey PRIMARY KEY (id);


--
-- Name: cc_workspaces cc_workspaces_pkey; Type: CONSTRAINT; Schema: public; Owner: postgres
--

ALTER TABLE ONLY public.cc_workspaces
    ADD CONSTRAINT cc_workspaces_pkey PRIMARY KEY (id);


--
-- Name: challenges challenges_pkey; Type: CONSTRAINT; Schema: public; Owner: postgres
--

ALTER TABLE ONLY public.challenges
    ADD CONSTRAINT challenges_pkey PRIMARY KEY (id);


--
-- Name: classrooms__cc_workspaces classrooms__cc_workspaces_pkey; Type: CONSTRAINT; Schema: public; Owner: postgres
--

ALTER TABLE ONLY public.classrooms__cc_workspaces
    ADD CONSTRAINT classrooms__cc_workspaces_pkey PRIMARY KEY (id);


--
-- Name: classrooms_mentors__mentors_classrooms classrooms_mentors__mentors_classrooms_pkey; Type: CONSTRAINT; Schema: public; Owner: postgres
--

ALTER TABLE ONLY public.classrooms_mentors__mentors_classrooms
    ADD CONSTRAINT classrooms_mentors__mentors_classrooms_pkey PRIMARY KEY (id);


--
-- Name: classrooms classrooms_pkey; Type: CONSTRAINT; Schema: public; Owner: postgres
--

ALTER TABLE ONLY public.classrooms
    ADD CONSTRAINT classrooms_pkey PRIMARY KEY (id);


--
-- Name: classrooms_teachers__teachers_classrooms classrooms_teachers__teachers_classrooms_pkey; Type: CONSTRAINT; Schema: public; Owner: postgres
--

ALTER TABLE ONLY public.classrooms_teachers__teachers_classrooms
    ADD CONSTRAINT classrooms_teachers__teachers_classrooms_pkey PRIMARY KEY (id);


--
-- Name: core_store core_store_pkey; Type: CONSTRAINT; Schema: public; Owner: postgres
--

ALTER TABLE ONLY public.core_store
    ADD CONSTRAINT core_store_pkey PRIMARY KEY (id);


--
-- Name: days__blocks days__blocks_pkey; Type: CONSTRAINT; Schema: public; Owner: postgres
--

ALTER TABLE ONLY public.days__blocks
    ADD CONSTRAINT days__blocks_pkey PRIMARY KEY (id);


--
-- Name: days_learning_components__learning_components_days days_learning_components__learning_components_days_pkey; Type: CONSTRAINT; Schema: public; Owner: postgres
--

ALTER TABLE ONLY public.days_learning_components__learning_components_days
    ADD CONSTRAINT days_learning_components__learning_components_days_pkey PRIMARY KEY (id);


--
-- Name: days days_pkey; Type: CONSTRAINT; Schema: public; Owner: postgres
--

ALTER TABLE ONLY public.days
    ADD CONSTRAINT days_pkey PRIMARY KEY (id);


--
-- Name: grades grades_name_unique; Type: CONSTRAINT; Schema: public; Owner: postgres
--

ALTER TABLE ONLY public.grades
    ADD CONSTRAINT grades_name_unique UNIQUE (name);


--
-- Name: grades grades_pkey; Type: CONSTRAINT; Schema: public; Owner: postgres
--

ALTER TABLE ONLY public.grades
    ADD CONSTRAINT grades_pkey PRIMARY KEY (id);


--
-- Name: learning_component_types learning_component_types_pkey; Type: CONSTRAINT; Schema: public; Owner: postgres
--

ALTER TABLE ONLY public.learning_component_types
    ADD CONSTRAINT learning_component_types_pkey PRIMARY KEY (id);


--
-- Name: learning_components learning_components_pkey; Type: CONSTRAINT; Schema: public; Owner: postgres
--

ALTER TABLE ONLY public.learning_components
    ADD CONSTRAINT learning_components_pkey PRIMARY KEY (id);


--
-- Name: learning_standards learning_standards_pkey; Type: CONSTRAINT; Schema: public; Owner: postgres
--

ALTER TABLE ONLY public.learning_standards
    ADD CONSTRAINT learning_standards_pkey PRIMARY KEY (id);


--
-- Name: learning_standards learning_standards_teks_unique; Type: CONSTRAINT; Schema: public; Owner: postgres
--

ALTER TABLE ONLY public.learning_standards
    ADD CONSTRAINT learning_standards_teks_unique UNIQUE (teks);


--
-- Name: mentors mentors_pkey; Type: CONSTRAINT; Schema: public; Owner: postgres
--

ALTER TABLE ONLY public.mentors
    ADD CONSTRAINT mentors_pkey PRIMARY KEY (id);


--
-- Name: objective_types objective_types_name_unique; Type: CONSTRAINT; Schema: public; Owner: postgres
--

ALTER TABLE ONLY public.objective_types
    ADD CONSTRAINT objective_types_name_unique UNIQUE (name);


--
-- Name: objective_types objective_types_pkey; Type: CONSTRAINT; Schema: public; Owner: postgres
--

ALTER TABLE ONLY public.objective_types
    ADD CONSTRAINT objective_types_pkey PRIMARY KEY (id);


--
-- Name: objectives objectives_pkey; Type: CONSTRAINT; Schema: public; Owner: postgres
--

ALTER TABLE ONLY public.objectives
    ADD CONSTRAINT objectives_pkey PRIMARY KEY (id);


--
-- Name: saves saves_pkey; Type: CONSTRAINT; Schema: public; Owner: postgres
--

ALTER TABLE ONLY public.saves
    ADD CONSTRAINT saves_pkey PRIMARY KEY (id);


--
-- Name: schools schools_pkey; Type: CONSTRAINT; Schema: public; Owner: postgres
--

ALTER TABLE ONLY public.schools
    ADD CONSTRAINT schools_pkey PRIMARY KEY (id);


--
-- Name: selections selections_pkey; Type: CONSTRAINT; Schema: public; Owner: postgres
--

ALTER TABLE ONLY public.selections
    ADD CONSTRAINT selections_pkey PRIMARY KEY (id);


--
-- Name: sessions__saves sessions__saves_pkey; Type: CONSTRAINT; Schema: public; Owner: postgres
--

ALTER TABLE ONLY public.sessions__saves
    ADD CONSTRAINT sessions__saves_pkey PRIMARY KEY (id);


--
-- Name: sessions sessions_pkey; Type: CONSTRAINT; Schema: public; Owner: postgres
--

ALTER TABLE ONLY public.sessions
    ADD CONSTRAINT sessions_pkey PRIMARY KEY (id);


--
-- Name: sessions_students__students_sessions sessions_students__students_sessions_pkey; Type: CONSTRAINT; Schema: public; Owner: postgres
--

ALTER TABLE ONLY public.sessions_students__students_sessions
    ADD CONSTRAINT sessions_students__students_sessions_pkey PRIMARY KEY (id);


--
-- Name: strapi_administrator strapi_administrator_email_unique; Type: CONSTRAINT; Schema: public; Owner: postgres
--

ALTER TABLE ONLY public.strapi_administrator
    ADD CONSTRAINT strapi_administrator_email_unique UNIQUE (email);


--
-- Name: strapi_administrator strapi_administrator_pkey; Type: CONSTRAINT; Schema: public; Owner: postgres
--

ALTER TABLE ONLY public.strapi_administrator
    ADD CONSTRAINT strapi_administrator_pkey PRIMARY KEY (id);


--
-- Name: strapi_permission strapi_permission_pkey; Type: CONSTRAINT; Schema: public; Owner: postgres
--

ALTER TABLE ONLY public.strapi_permission
    ADD CONSTRAINT strapi_permission_pkey PRIMARY KEY (id);


--
-- Name: strapi_role strapi_role_code_unique; Type: CONSTRAINT; Schema: public; Owner: postgres
--

ALTER TABLE ONLY public.strapi_role
    ADD CONSTRAINT strapi_role_code_unique UNIQUE (code);


--
-- Name: strapi_role strapi_role_name_unique; Type: CONSTRAINT; Schema: public; Owner: postgres
--

ALTER TABLE ONLY public.strapi_role
    ADD CONSTRAINT strapi_role_name_unique UNIQUE (name);


--
-- Name: strapi_role strapi_role_pkey; Type: CONSTRAINT; Schema: public; Owner: postgres
--

ALTER TABLE ONLY public.strapi_role
    ADD CONSTRAINT strapi_role_pkey PRIMARY KEY (id);


--
-- Name: strapi_users_roles strapi_users_roles_pkey; Type: CONSTRAINT; Schema: public; Owner: postgres
--

ALTER TABLE ONLY public.strapi_users_roles
    ADD CONSTRAINT strapi_users_roles_pkey PRIMARY KEY (id);


--
-- Name: strapi_webhooks strapi_webhooks_pkey; Type: CONSTRAINT; Schema: public; Owner: postgres
--

ALTER TABLE ONLY public.strapi_webhooks
    ADD CONSTRAINT strapi_webhooks_pkey PRIMARY KEY (id);


--
-- Name: students students_pkey; Type: CONSTRAINT; Schema: public; Owner: postgres
--

ALTER TABLE ONLY public.students
    ADD CONSTRAINT students_pkey PRIMARY KEY (id);


--
-- Name: submissions submissions_pkey; Type: CONSTRAINT; Schema: public; Owner: postgres
--

ALTER TABLE ONLY public.submissions
    ADD CONSTRAINT submissions_pkey PRIMARY KEY (id);


--
-- Name: teacher_workspaces__blocks teacher_workspaces__blocks_pkey; Type: CONSTRAINT; Schema: public; Owner: postgres
--

ALTER TABLE ONLY public.teacher_workspaces__blocks
    ADD CONSTRAINT teacher_workspaces__blocks_pkey PRIMARY KEY (id);


--
-- Name: teacher_workspaces teacher_workspaces_pkey; Type: CONSTRAINT; Schema: public; Owner: postgres
--

ALTER TABLE ONLY public.teacher_workspaces
    ADD CONSTRAINT teacher_workspaces_pkey PRIMARY KEY (id);


--
-- Name: teachers teachers_pkey; Type: CONSTRAINT; Schema: public; Owner: postgres
--

ALTER TABLE ONLY public.teachers
    ADD CONSTRAINT teachers_pkey PRIMARY KEY (id);


--
-- Name: units units_pkey; Type: CONSTRAINT; Schema: public; Owner: postgres
--

ALTER TABLE ONLY public.units
    ADD CONSTRAINT units_pkey PRIMARY KEY (id);


--
-- Name: upload_file_morph upload_file_morph_pkey; Type: CONSTRAINT; Schema: public; Owner: postgres
--

ALTER TABLE ONLY public.upload_file_morph
    ADD CONSTRAINT upload_file_morph_pkey PRIMARY KEY (id);


--
-- Name: upload_file upload_file_pkey; Type: CONSTRAINT; Schema: public; Owner: postgres
--

ALTER TABLE ONLY public.upload_file
    ADD CONSTRAINT upload_file_pkey PRIMARY KEY (id);


--
-- Name: users-permissions_permission users-permissions_permission_pkey; Type: CONSTRAINT; Schema: public; Owner: postgres
--

ALTER TABLE ONLY public."users-permissions_permission"
    ADD CONSTRAINT "users-permissions_permission_pkey" PRIMARY KEY (id);


--
-- Name: users-permissions_role users-permissions_role_pkey; Type: CONSTRAINT; Schema: public; Owner: postgres
--

ALTER TABLE ONLY public."users-permissions_role"
    ADD CONSTRAINT "users-permissions_role_pkey" PRIMARY KEY (id);


--
-- Name: users-permissions_role users-permissions_role_type_unique; Type: CONSTRAINT; Schema: public; Owner: postgres
--

ALTER TABLE ONLY public."users-permissions_role"
    ADD CONSTRAINT "users-permissions_role_type_unique" UNIQUE (type);


--
-- Name: users-permissions_user users-permissions_user_pkey; Type: CONSTRAINT; Schema: public; Owner: postgres
--

ALTER TABLE ONLY public."users-permissions_user"
    ADD CONSTRAINT "users-permissions_user_pkey" PRIMARY KEY (id);


--
-- Name: users-permissions_user users-permissions_user_username_unique; Type: CONSTRAINT; Schema: public; Owner: postgres
--

ALTER TABLE ONLY public."users-permissions_user"
    ADD CONSTRAINT "users-permissions_user_username_unique" UNIQUE (username);


--
-- PostgreSQL database dump complete
--

