--
-- PostgreSQL database dump
--

-- Dumped from database version 13.3 (Debian 13.3-1.pgdg100+1)
-- Dumped by pg_dump version 13.3 (Debian 13.3-1.pgdg100+1)

SET statement_timeout = 0;
SET lock_timeout = 0;
SET idle_in_transaction_session_timeout = 0;
SET client_encoding = 'UTF8';
SET standard_conforming_strings = on;
SELECT pg_catalog.set_config('search_path', '', false);
SET check_function_bodies = false;
SET xmloption = content;
SET client_min_messages = warning;
SET row_security = off;

SET default_tablespace = '';

SET default_table_access_method = heap;

--
-- Name: blocks; Type: TABLE; Schema: public; Owner: postgres
--

CREATE TABLE public.blocks (
    id integer NOT NULL,
    name character varying(255) NOT NULL,
    description text,
    blocks_category integer,
    created_at timestamp with time zone DEFAULT CURRENT_TIMESTAMP,
    updated_at timestamp with time zone DEFAULT CURRENT_TIMESTAMP,
    created_by integer,
    updated_by integer
);


ALTER TABLE public.blocks OWNER TO postgres;

--
-- Name: blocks_categories; Type: TABLE; Schema: public; Owner: postgres
--

CREATE TABLE public.blocks_categories (
    id integer NOT NULL,
    name character varying(255),
    created_at timestamp with time zone DEFAULT CURRENT_TIMESTAMP,
    updated_at timestamp with time zone DEFAULT CURRENT_TIMESTAMP,
    created_by integer,
    updated_by integer
);


ALTER TABLE public.blocks_categories OWNER TO postgres;

--
-- Name: blocks_categories_id_seq; Type: SEQUENCE; Schema: public; Owner: postgres
--

CREATE SEQUENCE public.blocks_categories_id_seq
    AS integer
    START WITH 1
    INCREMENT BY 1
    NO MINVALUE
    NO MAXVALUE
    CACHE 1;


ALTER TABLE public.blocks_categories_id_seq OWNER TO postgres;

--
-- Name: blocks_categories_id_seq; Type: SEQUENCE OWNED BY; Schema: public; Owner: postgres
--

ALTER SEQUENCE public.blocks_categories_id_seq OWNED BY public.blocks_categories.id;


--
-- Name: blocks_id_seq; Type: SEQUENCE; Schema: public; Owner: postgres
--

CREATE SEQUENCE public.blocks_id_seq
    AS integer
    START WITH 1
    INCREMENT BY 1
    NO MINVALUE
    NO MAXVALUE
    CACHE 1;


ALTER TABLE public.blocks_id_seq OWNER TO postgres;

--
-- Name: blocks_id_seq; Type: SEQUENCE OWNED BY; Schema: public; Owner: postgres
--

ALTER SEQUENCE public.blocks_id_seq OWNED BY public.blocks.id;


--
-- Name: classrooms; Type: TABLE; Schema: public; Owner: postgres
--

CREATE TABLE public.classrooms (
    id integer NOT NULL,
    name character varying(255),
    school integer,
    code character varying(255) NOT NULL,
    grade integer,
    created_at timestamp with time zone DEFAULT CURRENT_TIMESTAMP,
    updated_at timestamp with time zone DEFAULT CURRENT_TIMESTAMP,
    created_by integer,
    updated_by integer
);


ALTER TABLE public.classrooms OWNER TO postgres;

--
-- Name: classrooms_id_seq; Type: SEQUENCE; Schema: public; Owner: postgres
--

CREATE SEQUENCE public.classrooms_id_seq
    AS integer
    START WITH 1
    INCREMENT BY 1
    NO MINVALUE
    NO MAXVALUE
    CACHE 1;


ALTER TABLE public.classrooms_id_seq OWNER TO postgres;

--
-- Name: classrooms_id_seq; Type: SEQUENCE OWNED BY; Schema: public; Owner: postgres
--

ALTER SEQUENCE public.classrooms_id_seq OWNED BY public.classrooms.id;


--
-- Name: classrooms_mentors__mentors_classrooms; Type: TABLE; Schema: public; Owner: postgres
--

CREATE TABLE public.classrooms_mentors__mentors_classrooms (
    id integer NOT NULL,
    mentor_id integer,
    classroom_id integer
);


ALTER TABLE public.classrooms_mentors__mentors_classrooms OWNER TO postgres;

--
-- Name: classrooms_mentors__mentors_classrooms_id_seq; Type: SEQUENCE; Schema: public; Owner: postgres
--

CREATE SEQUENCE public.classrooms_mentors__mentors_classrooms_id_seq
    AS integer
    START WITH 1
    INCREMENT BY 1
    NO MINVALUE
    NO MAXVALUE
    CACHE 1;


ALTER TABLE public.classrooms_mentors__mentors_classrooms_id_seq OWNER TO postgres;

--
-- Name: classrooms_mentors__mentors_classrooms_id_seq; Type: SEQUENCE OWNED BY; Schema: public; Owner: postgres
--

ALTER SEQUENCE public.classrooms_mentors__mentors_classrooms_id_seq OWNED BY public.classrooms_mentors__mentors_classrooms.id;


--
-- Name: classrooms_teachers__teachers_classrooms; Type: TABLE; Schema: public; Owner: postgres
--

CREATE TABLE public.classrooms_teachers__teachers_classrooms (
    id integer NOT NULL,
    teacher_id integer,
    classroom_id integer
);


ALTER TABLE public.classrooms_teachers__teachers_classrooms OWNER TO postgres;

--
-- Name: classrooms_teachers__teachers_classrooms_id_seq; Type: SEQUENCE; Schema: public; Owner: postgres
--

CREATE SEQUENCE public.classrooms_teachers__teachers_classrooms_id_seq
    AS integer
    START WITH 1
    INCREMENT BY 1
    NO MINVALUE
    NO MAXVALUE
    CACHE 1;


ALTER TABLE public.classrooms_teachers__teachers_classrooms_id_seq OWNER TO postgres;

--
-- Name: classrooms_teachers__teachers_classrooms_id_seq; Type: SEQUENCE OWNED BY; Schema: public; Owner: postgres
--

ALTER SEQUENCE public.classrooms_teachers__teachers_classrooms_id_seq OWNED BY public.classrooms_teachers__teachers_classrooms.id;


--
-- Name: core_store; Type: TABLE; Schema: public; Owner: postgres
--

CREATE TABLE public.core_store (
    id integer NOT NULL,
    key character varying(255),
    value text,
    type character varying(255),
    environment character varying(255),
    tag character varying(255)
);


ALTER TABLE public.core_store OWNER TO postgres;

--
-- Name: core_store_id_seq; Type: SEQUENCE; Schema: public; Owner: postgres
--

CREATE SEQUENCE public.core_store_id_seq
    AS integer
    START WITH 1
    INCREMENT BY 1
    NO MINVALUE
    NO MAXVALUE
    CACHE 1;


ALTER TABLE public.core_store_id_seq OWNER TO postgres;

--
-- Name: core_store_id_seq; Type: SEQUENCE OWNED BY; Schema: public; Owner: postgres
--

ALTER SEQUENCE public.core_store_id_seq OWNED BY public.core_store.id;


--
-- Name: days; Type: TABLE; Schema: public; Owner: postgres
--

CREATE TABLE public.days (
    id integer NOT NULL,
    learning_standard integer,
    number bigint NOT NULL,
    template text NOT NULL,
    created_at timestamp with time zone DEFAULT CURRENT_TIMESTAMP,
    updated_at timestamp with time zone DEFAULT CURRENT_TIMESTAMP,
    description text,
    "TekS" character varying(255),
    link character varying(255),
    created_by integer,
    updated_by integer
);


ALTER TABLE public.days OWNER TO postgres;

--
-- Name: days__blocks; Type: TABLE; Schema: public; Owner: postgres
--

CREATE TABLE public.days__blocks (
    id integer NOT NULL,
    day_id integer,
    block_id integer
);


ALTER TABLE public.days__blocks OWNER TO postgres;

--
-- Name: days__blocks_id_seq; Type: SEQUENCE; Schema: public; Owner: postgres
--

CREATE SEQUENCE public.days__blocks_id_seq
    AS integer
    START WITH 1
    INCREMENT BY 1
    NO MINVALUE
    NO MAXVALUE
    CACHE 1;


ALTER TABLE public.days__blocks_id_seq OWNER TO postgres;

--
-- Name: days__blocks_id_seq; Type: SEQUENCE OWNED BY; Schema: public; Owner: postgres
--

ALTER SEQUENCE public.days__blocks_id_seq OWNED BY public.days__blocks.id;


--
-- Name: days_id_seq; Type: SEQUENCE; Schema: public; Owner: postgres
--

CREATE SEQUENCE public.days_id_seq
    AS integer
    START WITH 1
    INCREMENT BY 1
    NO MINVALUE
    NO MAXVALUE
    CACHE 1;


ALTER TABLE public.days_id_seq OWNER TO postgres;

--
-- Name: days_id_seq; Type: SEQUENCE OWNED BY; Schema: public; Owner: postgres
--

ALTER SEQUENCE public.days_id_seq OWNED BY public.days.id;


--
-- Name: days_learning_components__learning_components_days; Type: TABLE; Schema: public; Owner: postgres
--

CREATE TABLE public.days_learning_components__learning_components_days (
    id integer NOT NULL,
    "learning-component_id" integer,
    day_id integer
);


ALTER TABLE public.days_learning_components__learning_components_days OWNER TO postgres;

--
-- Name: days_learning_components__learning_components_days_id_seq; Type: SEQUENCE; Schema: public; Owner: postgres
--

CREATE SEQUENCE public.days_learning_components__learning_components_days_id_seq
    AS integer
    START WITH 1
    INCREMENT BY 1
    NO MINVALUE
    NO MAXVALUE
    CACHE 1;


ALTER TABLE public.days_learning_components__learning_components_days_id_seq OWNER TO postgres;

--
-- Name: days_learning_components__learning_components_days_id_seq; Type: SEQUENCE OWNED BY; Schema: public; Owner: postgres
--

ALTER SEQUENCE public.days_learning_components__learning_components_days_id_seq OWNED BY public.days_learning_components__learning_components_days.id;


--
-- Name: grades; Type: TABLE; Schema: public; Owner: postgres
--

CREATE TABLE public.grades (
    id integer NOT NULL,
    name character varying(255) NOT NULL,
    created_at timestamp with time zone DEFAULT CURRENT_TIMESTAMP,
    updated_at timestamp with time zone DEFAULT CURRENT_TIMESTAMP,
    created_by integer,
    updated_by integer
);


ALTER TABLE public.grades OWNER TO postgres;

--
-- Name: grades_id_seq; Type: SEQUENCE; Schema: public; Owner: postgres
--

CREATE SEQUENCE public.grades_id_seq
    AS integer
    START WITH 1
    INCREMENT BY 1
    NO MINVALUE
    NO MAXVALUE
    CACHE 1;


ALTER TABLE public.grades_id_seq OWNER TO postgres;

--
-- Name: grades_id_seq; Type: SEQUENCE OWNED BY; Schema: public; Owner: postgres
--

ALTER SEQUENCE public.grades_id_seq OWNED BY public.grades.id;


--
-- Name: learning_component_types; Type: TABLE; Schema: public; Owner: postgres
--

CREATE TABLE public.learning_component_types (
    id integer NOT NULL,
    name character varying(255),
    published_at timestamp with time zone,
    created_by integer,
    updated_by integer,
    created_at timestamp with time zone DEFAULT CURRENT_TIMESTAMP,
    updated_at timestamp with time zone DEFAULT CURRENT_TIMESTAMP
);


ALTER TABLE public.learning_component_types OWNER TO postgres;

--
-- Name: learning_component_types_id_seq; Type: SEQUENCE; Schema: public; Owner: postgres
--

CREATE SEQUENCE public.learning_component_types_id_seq
    AS integer
    START WITH 1
    INCREMENT BY 1
    NO MINVALUE
    NO MAXVALUE
    CACHE 1;


ALTER TABLE public.learning_component_types_id_seq OWNER TO postgres;

--
-- Name: learning_component_types_id_seq; Type: SEQUENCE OWNED BY; Schema: public; Owner: postgres
--

ALTER SEQUENCE public.learning_component_types_id_seq OWNED BY public.learning_component_types.id;


--
-- Name: learning_components; Type: TABLE; Schema: public; Owner: postgres
--

CREATE TABLE public.learning_components (
    id integer NOT NULL,
    type character varying(255),
    learning_component_type integer,
    published_at timestamp with time zone,
    created_by integer,
    updated_by integer,
    created_at timestamp with time zone DEFAULT CURRENT_TIMESTAMP,
    updated_at timestamp with time zone DEFAULT CURRENT_TIMESTAMP
);


ALTER TABLE public.learning_components OWNER TO postgres;

--
-- Name: learning_components_id_seq; Type: SEQUENCE; Schema: public; Owner: postgres
--

CREATE SEQUENCE public.learning_components_id_seq
    AS integer
    START WITH 1
    INCREMENT BY 1
    NO MINVALUE
    NO MAXVALUE
    CACHE 1;


ALTER TABLE public.learning_components_id_seq OWNER TO postgres;

--
-- Name: learning_components_id_seq; Type: SEQUENCE OWNED BY; Schema: public; Owner: postgres
--

ALTER SEQUENCE public.learning_components_id_seq OWNED BY public.learning_components.id;


--
-- Name: learning_standards; Type: TABLE; Schema: public; Owner: postgres
--

CREATE TABLE public.learning_standards (
    id integer NOT NULL,
    unit integer,
    number numeric(10,2) NOT NULL,
    name character varying(255) NOT NULL,
    expectations text,
    created_at timestamp with time zone DEFAULT CURRENT_TIMESTAMP,
    updated_at timestamp with time zone DEFAULT CURRENT_TIMESTAMP,
    teks character varying(255),
    link character varying(255),
    created_by integer,
    updated_by integer
);


ALTER TABLE public.learning_standards OWNER TO postgres;

--
-- Name: learning_standards_id_seq; Type: SEQUENCE; Schema: public; Owner: postgres
--

CREATE SEQUENCE public.learning_standards_id_seq
    AS integer
    START WITH 1
    INCREMENT BY 1
    NO MINVALUE
    NO MAXVALUE
    CACHE 1;


ALTER TABLE public.learning_standards_id_seq OWNER TO postgres;

--
-- Name: learning_standards_id_seq; Type: SEQUENCE OWNED BY; Schema: public; Owner: postgres
--

ALTER SEQUENCE public.learning_standards_id_seq OWNED BY public.learning_standards.id;


--
-- Name: mentors; Type: TABLE; Schema: public; Owner: postgres
--

CREATE TABLE public.mentors (
    id integer NOT NULL,
    first_name character varying(255),
    last_name character varying(255),
    school integer,
    "user" integer,
    created_at timestamp with time zone DEFAULT CURRENT_TIMESTAMP,
    updated_at timestamp with time zone DEFAULT CURRENT_TIMESTAMP,
    created_by integer,
    updated_by integer
);


ALTER TABLE public.mentors OWNER TO postgres;

--
-- Name: mentors_id_seq; Type: SEQUENCE; Schema: public; Owner: postgres
--

CREATE SEQUENCE public.mentors_id_seq
    AS integer
    START WITH 1
    INCREMENT BY 1
    NO MINVALUE
    NO MAXVALUE
    CACHE 1;


ALTER TABLE public.mentors_id_seq OWNER TO postgres;

--
-- Name: mentors_id_seq; Type: SEQUENCE OWNED BY; Schema: public; Owner: postgres
--

ALTER SEQUENCE public.mentors_id_seq OWNED BY public.mentors.id;


--
-- Name: objective_types; Type: TABLE; Schema: public; Owner: postgres
--

CREATE TABLE public.objective_types (
    id integer NOT NULL,
    name character varying(255) NOT NULL,
    created_at timestamp with time zone DEFAULT CURRENT_TIMESTAMP,
    updated_at timestamp with time zone DEFAULT CURRENT_TIMESTAMP
);


ALTER TABLE public.objective_types OWNER TO postgres;

--
-- Name: objective_types_id_seq; Type: SEQUENCE; Schema: public; Owner: postgres
--

CREATE SEQUENCE public.objective_types_id_seq
    AS integer
    START WITH 1
    INCREMENT BY 1
    NO MINVALUE
    NO MAXVALUE
    CACHE 1;


ALTER TABLE public.objective_types_id_seq OWNER TO postgres;

--
-- Name: objective_types_id_seq; Type: SEQUENCE OWNED BY; Schema: public; Owner: postgres
--

ALTER SEQUENCE public.objective_types_id_seq OWNED BY public.objective_types.id;


--
-- Name: objectives; Type: TABLE; Schema: public; Owner: postgres
--

CREATE TABLE public.objectives (
    id integer NOT NULL,
    day integer,
    description text NOT NULL,
    objective_type integer,
    created_at timestamp with time zone DEFAULT CURRENT_TIMESTAMP,
    updated_at timestamp with time zone DEFAULT CURRENT_TIMESTAMP
);


ALTER TABLE public.objectives OWNER TO postgres;

--
-- Name: objectives_id_seq; Type: SEQUENCE; Schema: public; Owner: postgres
--

CREATE SEQUENCE public.objectives_id_seq
    AS integer
    START WITH 1
    INCREMENT BY 1
    NO MINVALUE
    NO MAXVALUE
    CACHE 1;


ALTER TABLE public.objectives_id_seq OWNER TO postgres;

--
-- Name: objectives_id_seq; Type: SEQUENCE OWNED BY; Schema: public; Owner: postgres
--

ALTER SEQUENCE public.objectives_id_seq OWNED BY public.objectives.id;


--
-- Name: saves; Type: TABLE; Schema: public; Owner: postgres
--

CREATE TABLE public.saves (
    id integer NOT NULL,
    day integer,
    student integer,
    session integer,
    workspace text NOT NULL,
    created_at timestamp with time zone DEFAULT CURRENT_TIMESTAMP,
    updated_at timestamp with time zone DEFAULT CURRENT_TIMESTAMP,
    replay jsonb,
    created_by integer,
    updated_by integer
);


ALTER TABLE public.saves OWNER TO postgres;

--
-- Name: saves_id_seq; Type: SEQUENCE; Schema: public; Owner: postgres
--

CREATE SEQUENCE public.saves_id_seq
    AS integer
    START WITH 1
    INCREMENT BY 1
    NO MINVALUE
    NO MAXVALUE
    CACHE 1;


ALTER TABLE public.saves_id_seq OWNER TO postgres;

--
-- Name: saves_id_seq; Type: SEQUENCE OWNED BY; Schema: public; Owner: postgres
--

ALTER SEQUENCE public.saves_id_seq OWNED BY public.saves.id;


--
-- Name: schools; Type: TABLE; Schema: public; Owner: postgres
--

CREATE TABLE public.schools (
    id integer NOT NULL,
    name character varying(255),
    county character varying(255),
    state character varying(255),
    created_at timestamp with time zone DEFAULT CURRENT_TIMESTAMP,
    updated_at timestamp with time zone DEFAULT CURRENT_TIMESTAMP,
    created_by integer,
    updated_by integer
);


ALTER TABLE public.schools OWNER TO postgres;

--
-- Name: schools_id_seq; Type: SEQUENCE; Schema: public; Owner: postgres
--

CREATE SEQUENCE public.schools_id_seq
    AS integer
    START WITH 1
    INCREMENT BY 1
    NO MINVALUE
    NO MAXVALUE
    CACHE 1;


ALTER TABLE public.schools_id_seq OWNER TO postgres;

--
-- Name: schools_id_seq; Type: SEQUENCE OWNED BY; Schema: public; Owner: postgres
--

ALTER SEQUENCE public.schools_id_seq OWNED BY public.schools.id;


--
-- Name: selections; Type: TABLE; Schema: public; Owner: postgres
--

CREATE TABLE public.selections (
    id integer NOT NULL,
    classroom integer,
    learning_standard integer,
    current boolean NOT NULL,
    created_at timestamp with time zone DEFAULT CURRENT_TIMESTAMP,
    updated_at timestamp with time zone DEFAULT CURRENT_TIMESTAMP,
    created_by integer,
    updated_by integer
);


ALTER TABLE public.selections OWNER TO postgres;

--
-- Name: selections_id_seq; Type: SEQUENCE; Schema: public; Owner: postgres
--

CREATE SEQUENCE public.selections_id_seq
    AS integer
    START WITH 1
    INCREMENT BY 1
    NO MINVALUE
    NO MAXVALUE
    CACHE 1;


ALTER TABLE public.selections_id_seq OWNER TO postgres;

--
-- Name: selections_id_seq; Type: SEQUENCE OWNED BY; Schema: public; Owner: postgres
--

ALTER SEQUENCE public.selections_id_seq OWNED BY public.selections.id;


--
-- Name: sessions; Type: TABLE; Schema: public; Owner: postgres
--

CREATE TABLE public.sessions (
    id integer NOT NULL,
    classroom integer,
    created_at timestamp with time zone DEFAULT CURRENT_TIMESTAMP,
    updated_at timestamp with time zone DEFAULT CURRENT_TIMESTAMP,
    created_by integer,
    updated_by integer
);


ALTER TABLE public.sessions OWNER TO postgres;

--
-- Name: sessions_id_seq; Type: SEQUENCE; Schema: public; Owner: postgres
--

CREATE SEQUENCE public.sessions_id_seq
    AS integer
    START WITH 1
    INCREMENT BY 1
    NO MINVALUE
    NO MAXVALUE
    CACHE 1;


ALTER TABLE public.sessions_id_seq OWNER TO postgres;

--
-- Name: sessions_id_seq; Type: SEQUENCE OWNED BY; Schema: public; Owner: postgres
--

ALTER SEQUENCE public.sessions_id_seq OWNED BY public.sessions.id;


--
-- Name: sessions_students__students_sessions; Type: TABLE; Schema: public; Owner: postgres
--

CREATE TABLE public.sessions_students__students_sessions (
    id integer NOT NULL,
    student_id integer,
    session_id integer
);


ALTER TABLE public.sessions_students__students_sessions OWNER TO postgres;

--
-- Name: sessions_students__students_sessions_id_seq; Type: SEQUENCE; Schema: public; Owner: postgres
--

CREATE SEQUENCE public.sessions_students__students_sessions_id_seq
    AS integer
    START WITH 1
    INCREMENT BY 1
    NO MINVALUE
    NO MAXVALUE
    CACHE 1;


ALTER TABLE public.sessions_students__students_sessions_id_seq OWNER TO postgres;

--
-- Name: sessions_students__students_sessions_id_seq; Type: SEQUENCE OWNED BY; Schema: public; Owner: postgres
--

ALTER SEQUENCE public.sessions_students__students_sessions_id_seq OWNED BY public.sessions_students__students_sessions.id;


--
-- Name: strapi_administrator; Type: TABLE; Schema: public; Owner: postgres
--

CREATE TABLE public.strapi_administrator (
    id integer NOT NULL,
    username character varying(255),
    email character varying(255) NOT NULL,
    password character varying(255),
    "resetPasswordToken" character varying(255),
    blocked boolean,
    firstname character varying(255),
    lastname character varying(255),
    "registrationToken" character varying(255),
    "isActive" boolean,
    "preferedLanguage" character varying(255)
);


ALTER TABLE public.strapi_administrator OWNER TO postgres;

--
-- Name: strapi_administrator_id_seq; Type: SEQUENCE; Schema: public; Owner: postgres
--

CREATE SEQUENCE public.strapi_administrator_id_seq
    AS integer
    START WITH 1
    INCREMENT BY 1
    NO MINVALUE
    NO MAXVALUE
    CACHE 1;


ALTER TABLE public.strapi_administrator_id_seq OWNER TO postgres;

--
-- Name: strapi_administrator_id_seq; Type: SEQUENCE OWNED BY; Schema: public; Owner: postgres
--

ALTER SEQUENCE public.strapi_administrator_id_seq OWNED BY public.strapi_administrator.id;


--
-- Name: strapi_permission; Type: TABLE; Schema: public; Owner: postgres
--

CREATE TABLE public.strapi_permission (
    id integer NOT NULL,
    action character varying(255) NOT NULL,
    subject character varying(255),
    properties jsonb,
    conditions jsonb,
    role integer,
    created_at timestamp with time zone DEFAULT CURRENT_TIMESTAMP,
    updated_at timestamp with time zone DEFAULT CURRENT_TIMESTAMP
);


ALTER TABLE public.strapi_permission OWNER TO postgres;

--
-- Name: strapi_permission_id_seq; Type: SEQUENCE; Schema: public; Owner: postgres
--

CREATE SEQUENCE public.strapi_permission_id_seq
    AS integer
    START WITH 1
    INCREMENT BY 1
    NO MINVALUE
    NO MAXVALUE
    CACHE 1;


ALTER TABLE public.strapi_permission_id_seq OWNER TO postgres;

--
-- Name: strapi_permission_id_seq; Type: SEQUENCE OWNED BY; Schema: public; Owner: postgres
--

ALTER SEQUENCE public.strapi_permission_id_seq OWNED BY public.strapi_permission.id;


--
-- Name: strapi_role; Type: TABLE; Schema: public; Owner: postgres
--

CREATE TABLE public.strapi_role (
    id integer NOT NULL,
    name character varying(255) NOT NULL,
    code character varying(255) NOT NULL,
    description character varying(255),
    created_at timestamp with time zone DEFAULT CURRENT_TIMESTAMP,
    updated_at timestamp with time zone DEFAULT CURRENT_TIMESTAMP
);


ALTER TABLE public.strapi_role OWNER TO postgres;

--
-- Name: strapi_role_id_seq; Type: SEQUENCE; Schema: public; Owner: postgres
--

CREATE SEQUENCE public.strapi_role_id_seq
    AS integer
    START WITH 1
    INCREMENT BY 1
    NO MINVALUE
    NO MAXVALUE
    CACHE 1;


ALTER TABLE public.strapi_role_id_seq OWNER TO postgres;

--
-- Name: strapi_role_id_seq; Type: SEQUENCE OWNED BY; Schema: public; Owner: postgres
--

ALTER SEQUENCE public.strapi_role_id_seq OWNED BY public.strapi_role.id;


--
-- Name: strapi_users_roles; Type: TABLE; Schema: public; Owner: postgres
--

CREATE TABLE public.strapi_users_roles (
    id integer NOT NULL,
    user_id integer,
    role_id integer
);


ALTER TABLE public.strapi_users_roles OWNER TO postgres;

--
-- Name: strapi_users_roles_id_seq; Type: SEQUENCE; Schema: public; Owner: postgres
--

CREATE SEQUENCE public.strapi_users_roles_id_seq
    AS integer
    START WITH 1
    INCREMENT BY 1
    NO MINVALUE
    NO MAXVALUE
    CACHE 1;


ALTER TABLE public.strapi_users_roles_id_seq OWNER TO postgres;

--
-- Name: strapi_users_roles_id_seq; Type: SEQUENCE OWNED BY; Schema: public; Owner: postgres
--

ALTER SEQUENCE public.strapi_users_roles_id_seq OWNED BY public.strapi_users_roles.id;


--
-- Name: strapi_webhooks; Type: TABLE; Schema: public; Owner: postgres
--

CREATE TABLE public.strapi_webhooks (
    id integer NOT NULL,
    name character varying(255),
    url text,
    headers jsonb,
    events jsonb,
    enabled boolean
);


ALTER TABLE public.strapi_webhooks OWNER TO postgres;

--
-- Name: strapi_webhooks_id_seq; Type: SEQUENCE; Schema: public; Owner: postgres
--

CREATE SEQUENCE public.strapi_webhooks_id_seq
    AS integer
    START WITH 1
    INCREMENT BY 1
    NO MINVALUE
    NO MAXVALUE
    CACHE 1;


ALTER TABLE public.strapi_webhooks_id_seq OWNER TO postgres;

--
-- Name: strapi_webhooks_id_seq; Type: SEQUENCE OWNED BY; Schema: public; Owner: postgres
--

ALTER SEQUENCE public.strapi_webhooks_id_seq OWNED BY public.strapi_webhooks.id;


--
-- Name: students; Type: TABLE; Schema: public; Owner: postgres
--

CREATE TABLE public.students (
    id integer NOT NULL,
    name character varying(255),
    "character" character varying(255),
    classroom integer,
    enrolled boolean NOT NULL,
    last_logged_in timestamp with time zone,
    created_at timestamp with time zone DEFAULT CURRENT_TIMESTAMP,
    updated_at timestamp with time zone DEFAULT CURRENT_TIMESTAMP,
    created_by integer,
    updated_by integer
);


ALTER TABLE public.students OWNER TO postgres;

--
-- Name: students_id_seq; Type: SEQUENCE; Schema: public; Owner: postgres
--

CREATE SEQUENCE public.students_id_seq
    AS integer
    START WITH 1
    INCREMENT BY 1
    NO MINVALUE
    NO MAXVALUE
    CACHE 1;


ALTER TABLE public.students_id_seq OWNER TO postgres;

--
-- Name: students_id_seq; Type: SEQUENCE OWNED BY; Schema: public; Owner: postgres
--

ALTER SEQUENCE public.students_id_seq OWNED BY public.students.id;


--
-- Name: submissions; Type: TABLE; Schema: public; Owner: postgres
--

CREATE TABLE public.submissions (
    id integer NOT NULL,
    status character varying(255) NOT NULL,
    workspace text NOT NULL,
    success boolean,
    hex text,
    stdout text,
    stderr text,
    board character varying(255) NOT NULL,
    sketch text NOT NULL,
    sandbox boolean NOT NULL,
    session integer,
    day integer,
    job_id bigint,
    created_at timestamp with time zone DEFAULT CURRENT_TIMESTAMP,
    updated_at timestamp with time zone DEFAULT CURRENT_TIMESTAMP,
    created_by integer,
    updated_by integer
);


ALTER TABLE public.submissions OWNER TO postgres;

--
-- Name: submissions_id_seq; Type: SEQUENCE; Schema: public; Owner: postgres
--

CREATE SEQUENCE public.submissions_id_seq
    AS integer
    START WITH 1
    INCREMENT BY 1
    NO MINVALUE
    NO MAXVALUE
    CACHE 1;


ALTER TABLE public.submissions_id_seq OWNER TO postgres;

--
-- Name: submissions_id_seq; Type: SEQUENCE OWNED BY; Schema: public; Owner: postgres
--

ALTER SEQUENCE public.submissions_id_seq OWNED BY public.submissions.id;


--
-- Name: teachers; Type: TABLE; Schema: public; Owner: postgres
--

CREATE TABLE public.teachers (
    id integer NOT NULL,
    first_name character varying(255) NOT NULL,
    last_name character varying(255) NOT NULL,
    school integer,
    "user" integer,
    created_at timestamp with time zone DEFAULT CURRENT_TIMESTAMP,
    updated_at timestamp with time zone DEFAULT CURRENT_TIMESTAMP
);


ALTER TABLE public.teachers OWNER TO postgres;

--
-- Name: teachers_id_seq; Type: SEQUENCE; Schema: public; Owner: postgres
--

CREATE SEQUENCE public.teachers_id_seq
    AS integer
    START WITH 1
    INCREMENT BY 1
    NO MINVALUE
    NO MAXVALUE
    CACHE 1;


ALTER TABLE public.teachers_id_seq OWNER TO postgres;

--
-- Name: teachers_id_seq; Type: SEQUENCE OWNED BY; Schema: public; Owner: postgres
--

ALTER SEQUENCE public.teachers_id_seq OWNED BY public.teachers.id;


--
-- Name: units; Type: TABLE; Schema: public; Owner: postgres
--

CREATE TABLE public.units (
    id integer NOT NULL,
    grade integer,
    number integer NOT NULL,
    name character varying(255) NOT NULL,
    teks_id character varying(255),
    teks_description text,
    created_at timestamp with time zone DEFAULT CURRENT_TIMESTAMP,
    updated_at timestamp with time zone DEFAULT CURRENT_TIMESTAMP,
    created_by integer,
    updated_by integer
);


ALTER TABLE public.units OWNER TO postgres;

--
-- Name: units_id_seq; Type: SEQUENCE; Schema: public; Owner: postgres
--

CREATE SEQUENCE public.units_id_seq
    AS integer
    START WITH 1
    INCREMENT BY 1
    NO MINVALUE
    NO MAXVALUE
    CACHE 1;


ALTER TABLE public.units_id_seq OWNER TO postgres;

--
-- Name: units_id_seq; Type: SEQUENCE OWNED BY; Schema: public; Owner: postgres
--

ALTER SEQUENCE public.units_id_seq OWNED BY public.units.id;


--
-- Name: upload_file; Type: TABLE; Schema: public; Owner: postgres
--

CREATE TABLE public.upload_file (
    id integer NOT NULL,
    name character varying(255) NOT NULL,
    "alternativeText" character varying(255),
    caption character varying(255),
    width integer,
    height integer,
    formats jsonb,
    hash character varying(255) NOT NULL,
    ext character varying(255),
    mime character varying(255) NOT NULL,
    size numeric(10,2) NOT NULL,
    url character varying(255) NOT NULL,
    "previewUrl" character varying(255),
    provider character varying(255) NOT NULL,
    provider_metadata jsonb,
    created_at timestamp with time zone DEFAULT CURRENT_TIMESTAMP,
    updated_at timestamp with time zone DEFAULT CURRENT_TIMESTAMP
);


ALTER TABLE public.upload_file OWNER TO postgres;

--
-- Name: upload_file_id_seq; Type: SEQUENCE; Schema: public; Owner: postgres
--

CREATE SEQUENCE public.upload_file_id_seq
    AS integer
    START WITH 1
    INCREMENT BY 1
    NO MINVALUE
    NO MAXVALUE
    CACHE 1;


ALTER TABLE public.upload_file_id_seq OWNER TO postgres;

--
-- Name: upload_file_id_seq; Type: SEQUENCE OWNED BY; Schema: public; Owner: postgres
--

ALTER SEQUENCE public.upload_file_id_seq OWNED BY public.upload_file.id;


--
-- Name: upload_file_morph; Type: TABLE; Schema: public; Owner: postgres
--

CREATE TABLE public.upload_file_morph (
    id integer NOT NULL,
    upload_file_id integer,
    related_id integer,
    related_type text,
    field text,
    "order" integer
);


ALTER TABLE public.upload_file_morph OWNER TO postgres;

--
-- Name: upload_file_morph_id_seq; Type: SEQUENCE; Schema: public; Owner: postgres
--

CREATE SEQUENCE public.upload_file_morph_id_seq
    AS integer
    START WITH 1
    INCREMENT BY 1
    NO MINVALUE
    NO MAXVALUE
    CACHE 1;


ALTER TABLE public.upload_file_morph_id_seq OWNER TO postgres;

--
-- Name: upload_file_morph_id_seq; Type: SEQUENCE OWNED BY; Schema: public; Owner: postgres
--

ALTER SEQUENCE public.upload_file_morph_id_seq OWNED BY public.upload_file_morph.id;


--
-- Name: users-permissions_permission; Type: TABLE; Schema: public; Owner: postgres
--

CREATE TABLE public."users-permissions_permission" (
    id integer NOT NULL,
    type character varying(255) NOT NULL,
    controller character varying(255) NOT NULL,
    action character varying(255) NOT NULL,
    enabled boolean NOT NULL,
    policy character varying(255),
    role integer,
    created_by integer,
    updated_by integer
);


ALTER TABLE public."users-permissions_permission" OWNER TO postgres;

--
-- Name: users-permissions_permission_id_seq; Type: SEQUENCE; Schema: public; Owner: postgres
--

CREATE SEQUENCE public."users-permissions_permission_id_seq"
    AS integer
    START WITH 1
    INCREMENT BY 1
    NO MINVALUE
    NO MAXVALUE
    CACHE 1;


ALTER TABLE public."users-permissions_permission_id_seq" OWNER TO postgres;

--
-- Name: users-permissions_permission_id_seq; Type: SEQUENCE OWNED BY; Schema: public; Owner: postgres
--

ALTER SEQUENCE public."users-permissions_permission_id_seq" OWNED BY public."users-permissions_permission".id;


--
-- Name: users-permissions_role; Type: TABLE; Schema: public; Owner: postgres
--

CREATE TABLE public."users-permissions_role" (
    id integer NOT NULL,
    name character varying(255) NOT NULL,
    description character varying(255),
    type character varying(255),
    created_by integer,
    updated_by integer
);


ALTER TABLE public."users-permissions_role" OWNER TO postgres;

--
-- Name: users-permissions_role_id_seq; Type: SEQUENCE; Schema: public; Owner: postgres
--

CREATE SEQUENCE public."users-permissions_role_id_seq"
    AS integer
    START WITH 1
    INCREMENT BY 1
    NO MINVALUE
    NO MAXVALUE
    CACHE 1;


ALTER TABLE public."users-permissions_role_id_seq" OWNER TO postgres;

--
-- Name: users-permissions_role_id_seq; Type: SEQUENCE OWNED BY; Schema: public; Owner: postgres
--

ALTER SEQUENCE public."users-permissions_role_id_seq" OWNED BY public."users-permissions_role".id;


--
-- Name: users-permissions_user; Type: TABLE; Schema: public; Owner: postgres
--

CREATE TABLE public."users-permissions_user" (
    id integer NOT NULL,
    username character varying(255) NOT NULL,
    email character varying(255) NOT NULL,
    provider character varying(255),
    password character varying(255),
    "resetPasswordToken" character varying(255),
    confirmed boolean,
    blocked boolean,
    last_logged_in timestamp with time zone,
    role integer,
    created_at timestamp with time zone DEFAULT CURRENT_TIMESTAMP,
    updated_at timestamp with time zone DEFAULT CURRENT_TIMESTAMP,
    "confirmationToken" character varying(255),
    created_by integer,
    updated_by integer
);


ALTER TABLE public."users-permissions_user" OWNER TO postgres;

--
-- Name: users-permissions_user_id_seq; Type: SEQUENCE; Schema: public; Owner: postgres
--

CREATE SEQUENCE public."users-permissions_user_id_seq"
    AS integer
    START WITH 1
    INCREMENT BY 1
    NO MINVALUE
    NO MAXVALUE
    CACHE 1;


ALTER TABLE public."users-permissions_user_id_seq" OWNER TO postgres;

--
-- Name: users-permissions_user_id_seq; Type: SEQUENCE OWNED BY; Schema: public; Owner: postgres
--

ALTER SEQUENCE public."users-permissions_user_id_seq" OWNED BY public."users-permissions_user".id;


--
-- Name: blocks id; Type: DEFAULT; Schema: public; Owner: postgres
--

ALTER TABLE ONLY public.blocks ALTER COLUMN id SET DEFAULT nextval('public.blocks_id_seq'::regclass);


--
-- Name: blocks_categories id; Type: DEFAULT; Schema: public; Owner: postgres
--

ALTER TABLE ONLY public.blocks_categories ALTER COLUMN id SET DEFAULT nextval('public.blocks_categories_id_seq'::regclass);


--
-- Name: classrooms id; Type: DEFAULT; Schema: public; Owner: postgres
--

ALTER TABLE ONLY public.classrooms ALTER COLUMN id SET DEFAULT nextval('public.classrooms_id_seq'::regclass);


--
-- Name: classrooms_mentors__mentors_classrooms id; Type: DEFAULT; Schema: public; Owner: postgres
--

ALTER TABLE ONLY public.classrooms_mentors__mentors_classrooms ALTER COLUMN id SET DEFAULT nextval('public.classrooms_mentors__mentors_classrooms_id_seq'::regclass);


--
-- Name: classrooms_teachers__teachers_classrooms id; Type: DEFAULT; Schema: public; Owner: postgres
--

ALTER TABLE ONLY public.classrooms_teachers__teachers_classrooms ALTER COLUMN id SET DEFAULT nextval('public.classrooms_teachers__teachers_classrooms_id_seq'::regclass);


--
-- Name: core_store id; Type: DEFAULT; Schema: public; Owner: postgres
--

ALTER TABLE ONLY public.core_store ALTER COLUMN id SET DEFAULT nextval('public.core_store_id_seq'::regclass);


--
-- Name: days id; Type: DEFAULT; Schema: public; Owner: postgres
--

ALTER TABLE ONLY public.days ALTER COLUMN id SET DEFAULT nextval('public.days_id_seq'::regclass);


--
-- Name: days__blocks id; Type: DEFAULT; Schema: public; Owner: postgres
--

ALTER TABLE ONLY public.days__blocks ALTER COLUMN id SET DEFAULT nextval('public.days__blocks_id_seq'::regclass);


--
-- Name: days_learning_components__learning_components_days id; Type: DEFAULT; Schema: public; Owner: postgres
--

ALTER TABLE ONLY public.days_learning_components__learning_components_days ALTER COLUMN id SET DEFAULT nextval('public.days_learning_components__learning_components_days_id_seq'::regclass);


--
-- Name: grades id; Type: DEFAULT; Schema: public; Owner: postgres
--

ALTER TABLE ONLY public.grades ALTER COLUMN id SET DEFAULT nextval('public.grades_id_seq'::regclass);


--
-- Name: learning_component_types id; Type: DEFAULT; Schema: public; Owner: postgres
--

ALTER TABLE ONLY public.learning_component_types ALTER COLUMN id SET DEFAULT nextval('public.learning_component_types_id_seq'::regclass);


--
-- Name: learning_components id; Type: DEFAULT; Schema: public; Owner: postgres
--

ALTER TABLE ONLY public.learning_components ALTER COLUMN id SET DEFAULT nextval('public.learning_components_id_seq'::regclass);


--
-- Name: learning_standards id; Type: DEFAULT; Schema: public; Owner: postgres
--

ALTER TABLE ONLY public.learning_standards ALTER COLUMN id SET DEFAULT nextval('public.learning_standards_id_seq'::regclass);


--
-- Name: mentors id; Type: DEFAULT; Schema: public; Owner: postgres
--

ALTER TABLE ONLY public.mentors ALTER COLUMN id SET DEFAULT nextval('public.mentors_id_seq'::regclass);


--
-- Name: objective_types id; Type: DEFAULT; Schema: public; Owner: postgres
--

ALTER TABLE ONLY public.objective_types ALTER COLUMN id SET DEFAULT nextval('public.objective_types_id_seq'::regclass);


--
-- Name: objectives id; Type: DEFAULT; Schema: public; Owner: postgres
--

ALTER TABLE ONLY public.objectives ALTER COLUMN id SET DEFAULT nextval('public.objectives_id_seq'::regclass);


--
-- Name: saves id; Type: DEFAULT; Schema: public; Owner: postgres
--

ALTER TABLE ONLY public.saves ALTER COLUMN id SET DEFAULT nextval('public.saves_id_seq'::regclass);


--
-- Name: schools id; Type: DEFAULT; Schema: public; Owner: postgres
--

ALTER TABLE ONLY public.schools ALTER COLUMN id SET DEFAULT nextval('public.schools_id_seq'::regclass);


--
-- Name: selections id; Type: DEFAULT; Schema: public; Owner: postgres
--

ALTER TABLE ONLY public.selections ALTER COLUMN id SET DEFAULT nextval('public.selections_id_seq'::regclass);


--
-- Name: sessions id; Type: DEFAULT; Schema: public; Owner: postgres
--

ALTER TABLE ONLY public.sessions ALTER COLUMN id SET DEFAULT nextval('public.sessions_id_seq'::regclass);


--
-- Name: sessions_students__students_sessions id; Type: DEFAULT; Schema: public; Owner: postgres
--

ALTER TABLE ONLY public.sessions_students__students_sessions ALTER COLUMN id SET DEFAULT nextval('public.sessions_students__students_sessions_id_seq'::regclass);


--
-- Name: strapi_administrator id; Type: DEFAULT; Schema: public; Owner: postgres
--

ALTER TABLE ONLY public.strapi_administrator ALTER COLUMN id SET DEFAULT nextval('public.strapi_administrator_id_seq'::regclass);


--
-- Name: strapi_permission id; Type: DEFAULT; Schema: public; Owner: postgres
--

ALTER TABLE ONLY public.strapi_permission ALTER COLUMN id SET DEFAULT nextval('public.strapi_permission_id_seq'::regclass);


--
-- Name: strapi_role id; Type: DEFAULT; Schema: public; Owner: postgres
--

ALTER TABLE ONLY public.strapi_role ALTER COLUMN id SET DEFAULT nextval('public.strapi_role_id_seq'::regclass);


--
-- Name: strapi_users_roles id; Type: DEFAULT; Schema: public; Owner: postgres
--

ALTER TABLE ONLY public.strapi_users_roles ALTER COLUMN id SET DEFAULT nextval('public.strapi_users_roles_id_seq'::regclass);


--
-- Name: strapi_webhooks id; Type: DEFAULT; Schema: public; Owner: postgres
--

ALTER TABLE ONLY public.strapi_webhooks ALTER COLUMN id SET DEFAULT nextval('public.strapi_webhooks_id_seq'::regclass);


--
-- Name: students id; Type: DEFAULT; Schema: public; Owner: postgres
--

ALTER TABLE ONLY public.students ALTER COLUMN id SET DEFAULT nextval('public.students_id_seq'::regclass);


--
-- Name: submissions id; Type: DEFAULT; Schema: public; Owner: postgres
--

ALTER TABLE ONLY public.submissions ALTER COLUMN id SET DEFAULT nextval('public.submissions_id_seq'::regclass);


--
-- Name: teachers id; Type: DEFAULT; Schema: public; Owner: postgres
--

ALTER TABLE ONLY public.teachers ALTER COLUMN id SET DEFAULT nextval('public.teachers_id_seq'::regclass);


--
-- Name: units id; Type: DEFAULT; Schema: public; Owner: postgres
--

ALTER TABLE ONLY public.units ALTER COLUMN id SET DEFAULT nextval('public.units_id_seq'::regclass);


--
-- Name: upload_file id; Type: DEFAULT; Schema: public; Owner: postgres
--

ALTER TABLE ONLY public.upload_file ALTER COLUMN id SET DEFAULT nextval('public.upload_file_id_seq'::regclass);


--
-- Name: upload_file_morph id; Type: DEFAULT; Schema: public; Owner: postgres
--

ALTER TABLE ONLY public.upload_file_morph ALTER COLUMN id SET DEFAULT nextval('public.upload_file_morph_id_seq'::regclass);


--
-- Name: users-permissions_permission id; Type: DEFAULT; Schema: public; Owner: postgres
--

ALTER TABLE ONLY public."users-permissions_permission" ALTER COLUMN id SET DEFAULT nextval('public."users-permissions_permission_id_seq"'::regclass);


--
-- Name: users-permissions_role id; Type: DEFAULT; Schema: public; Owner: postgres
--

ALTER TABLE ONLY public."users-permissions_role" ALTER COLUMN id SET DEFAULT nextval('public."users-permissions_role_id_seq"'::regclass);


--
-- Name: users-permissions_user id; Type: DEFAULT; Schema: public; Owner: postgres
--

ALTER TABLE ONLY public."users-permissions_user" ALTER COLUMN id SET DEFAULT nextval('public."users-permissions_user_id_seq"'::regclass);


--
-- Data for Name: blocks; Type: TABLE DATA; Schema: public; Owner: postgres
--

COPY public.blocks (id, name, description, blocks_category, created_at, updated_at, created_by, updated_by) FROM stdin;
1	controls_if	\N	2	2020-05-13 09:20:13+00	2020-06-01 02:02:08.033+00	\N	\N
2	controls_whileUntil	\N	2	2020-05-13 09:20:23+00	2020-06-01 02:02:20.206+00	\N	\N
3	controls_for	\N	2	2020-05-13 09:20:29+00	2020-06-01 02:01:57.774+00	\N	\N
4	logic_compare	\N	1	2020-05-13 09:20:35+00	2020-06-01 02:03:24.001+00	\N	\N
5	logic_operation	\N	1	2020-05-13 09:20:44+00	2020-06-01 02:03:32.985+00	\N	\N
6	logic_boolean	\N	1	2020-05-13 09:20:50+00	2020-06-01 02:03:17.717+00	\N	\N
7	logic_negate	\N	1	2020-05-13 10:42:01+00	2020-06-01 02:03:26.94+00	\N	\N
8	logic_null	\N	1	2020-05-13 10:42:30+00	2020-06-01 02:03:30.198+00	\N	\N
9	logic_ternary	\N	1	2020-05-13 10:42:40+00	2020-06-01 02:03:37.321+00	\N	\N
10	controls_repeat	\N	2	2020-05-13 10:43:03+00	2020-06-01 02:02:17.025+00	\N	\N
11	contorls_repeat_ext	\N	2	2020-05-13 10:43:16+00	2020-06-01 02:01:50.593+00	\N	\N
12	controls_forEach	\N	2	2020-05-13 10:43:42+00	2020-06-01 02:02:01.04+00	\N	\N
13	controls_flow_statements	\N	2	2020-05-13 10:43:57+00	2020-06-01 02:01:54.462+00	\N	\N
14	math_number	\N	3	2020-05-13 10:44:13+00	2020-05-13 10:44:13+00	\N	\N
15	math_arithmetic	\N	3	2020-05-13 10:44:20+00	2020-05-13 10:44:20+00	\N	\N
16	math_single	\N	3	2020-05-13 10:44:28+00	2020-05-13 10:44:28+00	\N	\N
17	math_trig	\N	3	2020-05-13 10:44:34+00	2020-05-13 10:44:34+00	\N	\N
18	math_constant	\N	3	2020-05-13 10:44:41+00	2020-05-13 10:44:41+00	\N	\N
19	math_number_property	\N	3	2020-05-13 10:44:56+00	2020-05-13 10:44:56+00	\N	\N
20	math_change	\N	3	2020-05-13 10:45:09+00	2020-05-13 10:45:09+00	\N	\N
21	math_round	\N	3	2020-05-13 10:45:17+00	2020-05-13 10:45:17+00	\N	\N
22	math_on_list	\N	3	2020-05-13 10:45:25+00	2020-05-13 10:45:25+00	\N	\N
23	math_modulo	\N	3	2020-05-13 10:45:34+00	2020-05-13 10:45:34+00	\N	\N
24	math_constrain	\N	3	2020-05-13 10:45:42+00	2020-05-13 10:45:42+00	\N	\N
25	math_random_int	\N	3	2020-05-13 10:45:57+00	2020-05-13 10:45:57+00	\N	\N
26	math_random_float	\N	3	2020-05-13 10:46:05+00	2020-05-13 10:46:05+00	\N	\N
27	text	\N	4	2020-05-13 10:46:15+00	2020-05-13 10:46:15+00	\N	\N
28	text_append	\N	4	2020-05-13 10:46:34+00	2020-05-13 10:46:34+00	\N	\N
29	text_length	\N	4	2020-05-13 10:46:40+00	2020-05-13 10:46:40+00	\N	\N
30	text_isEmpty	\N	4	2020-05-13 10:46:46+00	2020-05-13 10:46:46+00	\N	\N
31	text_charAt	\N	4	2020-05-13 10:46:55+00	2020-05-13 10:46:55+00	\N	\N
32	text_getSubstring	\N	4	2020-05-13 10:47:04+00	2020-05-13 10:47:04+00	\N	\N
33	variables_get	\N	5	2020-05-13 10:47:20+00	2020-05-13 10:47:20+00	\N	\N
34	variables_set	\N	5	2020-05-13 10:47:24+00	2020-05-13 10:47:24+00	\N	\N
35	io_digitalwrite	\N	6	2020-05-13 10:50:27+00	2020-06-01 02:03:02.099+00	\N	\N
36	io_digitalread	\N	6	2020-05-13 10:50:36+00	2020-06-01 02:02:58.769+00	\N	\N
37	io_analogwrite	\N	6	2020-05-13 10:50:43+00	2020-06-01 02:02:54.495+00	\N	\N
38	io_analogread	\N	6	2020-05-13 10:50:49+00	2020-06-01 02:02:47.203+00	\N	\N
39	io_highlow	\N	6	2020-05-13 10:51:03+00	2020-06-01 02:03:06.045+00	\N	\N
\.


--
-- Data for Name: blocks_categories; Type: TABLE DATA; Schema: public; Owner: postgres
--

COPY public.blocks_categories (id, name, created_at, updated_at, created_by, updated_by) FROM stdin;
1	Logic	2020-03-31 15:59:12+00	2020-05-13 09:41:43+00	\N	\N
2	Control	2020-05-13 09:21:59+00	2020-05-13 09:41:35+00	\N	\N
3	Math	2020-05-13 10:51:16+00	2020-05-13 10:51:16+00	\N	\N
4	Text	2020-05-13 10:52:16+00	2020-05-13 10:52:16+00	\N	\N
5	Variables	2020-05-13 10:52:37+00	2020-05-13 10:52:37+00	\N	\N
6	IO	2020-05-13 10:53:08+00	2020-05-13 10:58:21+00	\N	\N
\.


--
-- Data for Name: classrooms; Type: TABLE DATA; Schema: public; Owner: postgres
--

COPY public.classrooms (id, name, school, code, grade, created_at, updated_at, created_by, updated_by) FROM stdin;
1	Pedro's Science Classroom	1	0450	4	2020-07-24 16:31:53.641+00	2020-07-24 16:52:02.273+00	\N	\N
\.


--
-- Data for Name: classrooms_mentors__mentors_classrooms; Type: TABLE DATA; Schema: public; Owner: postgres
--

COPY public.classrooms_mentors__mentors_classrooms (id, mentor_id, classroom_id) FROM stdin;
1	1	1
\.


--
-- Data for Name: classrooms_teachers__teachers_classrooms; Type: TABLE DATA; Schema: public; Owner: postgres
--

COPY public.classrooms_teachers__teachers_classrooms (id, teacher_id, classroom_id) FROM stdin;
1	1	1
\.


--
-- Data for Name: core_store; Type: TABLE DATA; Schema: public; Owner: postgres
--

COPY public.core_store (id, key, value, type, environment, tag) FROM stdin;
1	db_model_selections	{"classroom":{"model":"classroom","via":"selections"},"learning_standard":{"model":"learning-standard"},"current":{"type":"boolean","default":true,"required":true},"created_at":{"type":"currentTimestamp"},"updated_at":{"type":"currentTimestamp"}}	object	\N	\N
3	db_model_blocks_categories	{"name":{"type":"string"},"blocks":{"collection":"block","via":"blocks_category","isVirtual":true},"created_at":{"type":"currentTimestamp"},"updated_at":{"type":"currentTimestamp"}}	object	\N	\N
4	db_model_classrooms	{"name":{"type":"string"},"school":{"model":"school","via":"classrooms"},"sessions":{"collection":"session","via":"classroom","isVirtual":true},"mentors":{"collection":"mentor","via":"classrooms","attribute":"mentor","column":"id","isVirtual":true},"students":{"via":"classroom","collection":"student","isVirtual":true},"code":{"type":"string","required":true},"teachers":{"collection":"teacher","via":"classrooms","attribute":"teacher","column":"id","isVirtual":true},"grade":{"via":"classrooms","model":"grade"},"selections":{"via":"classroom","collection":"selection","isVirtual":true},"created_at":{"type":"currentTimestamp"},"updated_at":{"type":"currentTimestamp"}}	object	\N	\N
6	db_model_teachers	{"first_name":{"type":"string","required":true},"last_name":{"type":"string","required":true},"school":{"model":"school","via":"teachers"},"classrooms":{"via":"teachers","collection":"classroom","dominant":true,"attribute":"classroom","column":"id","isVirtual":true},"user":{"plugin":"users-permissions","model":"user"},"created_at":{"type":"currentTimestamp"},"updated_at":{"type":"currentTimestamp"}}	object	\N	\N
8	db_model_mentors	{"first_name":{"type":"string"},"last_name":{"type":"string"},"school":{"model":"school","via":"mentors"},"classrooms":{"via":"mentors","collection":"classroom","dominant":true,"attribute":"classroom","column":"id","isVirtual":true},"user":{"plugin":"users-permissions","model":"user"},"created_at":{"type":"currentTimestamp"},"updated_at":{"type":"currentTimestamp"}}	object	\N	\N
9	db_model_schools	{"name":{"type":"string"},"county":{"type":"string"},"state":{"type":"string"},"classrooms":{"via":"school","collection":"classroom","isVirtual":true},"mentors":{"via":"school","collection":"mentor","isVirtual":true},"teachers":{"via":"school","collection":"teacher","isVirtual":true},"created_at":{"type":"currentTimestamp"},"updated_at":{"type":"currentTimestamp"}}	object	\N	\N
13	db_model_core_store	{"key":{"type":"string"},"value":{"type":"text"},"type":{"type":"string"},"environment":{"type":"string"},"tag":{"type":"string"}}	object	\N	\N
14	db_model_objective_types	{"name":{"type":"string","required":true,"unique":true},"objectives":{"via":"objective_type","collection":"objective","isVirtual":true},"created_at":{"type":"currentTimestamp"},"updated_at":{"type":"currentTimestamp"}}	object	\N	\N
15	db_model_blocks	{"name":{"type":"string","required":true,"unique":true},"description":{"type":"text"},"blocks_category":{"via":"blocks","model":"blocks-category"},"created_at":{"type":"currentTimestamp"},"updated_at":{"type":"currentTimestamp"}}	object	\N	\N
16	db_model_grades	{"name":{"type":"string","required":true,"unique":true},"classrooms":{"collection":"classroom","via":"grade","isVirtual":true},"units":{"via":"grade","collection":"unit","isVirtual":true},"created_at":{"type":"currentTimestamp"},"updated_at":{"type":"currentTimestamp"}}	object	\N	\N
17	db_model_strapi_webhooks	{"name":{"type":"string"},"url":{"type":"text"},"headers":{"type":"json"},"events":{"type":"json"},"enabled":{"type":"boolean"}}	object	\N	\N
18	db_model_users-permissions_permission	{"type":{"type":"string","required":true,"configurable":false},"controller":{"type":"string","required":true,"configurable":false},"action":{"type":"string","required":true,"configurable":false},"enabled":{"type":"boolean","required":true,"configurable":false},"policy":{"type":"string","configurable":false},"role":{"model":"role","via":"permissions","plugin":"users-permissions","configurable":false}}	object	\N	\N
19	db_model_upload_file	{"name":{"type":"string","configurable":false,"required":true},"alternativeText":{"type":"string","configurable":false},"caption":{"type":"string","configurable":false},"width":{"type":"integer","configurable":false},"height":{"type":"integer","configurable":false},"formats":{"type":"json","configurable":false},"hash":{"type":"string","configurable":false,"required":true},"ext":{"type":"string","configurable":false},"mime":{"type":"string","configurable":false,"required":true},"size":{"type":"decimal","configurable":false,"required":true},"url":{"type":"string","configurable":false,"required":true},"previewUrl":{"type":"string","configurable":false},"provider":{"type":"string","configurable":false,"required":true},"provider_metadata":{"type":"json","configurable":false},"related":{"collection":"*","filter":"field","configurable":false},"created_at":{"type":"currentTimestamp"},"updated_at":{"type":"currentTimestamp"}}	object	\N	\N
20	db_model_strapi_administrator	{"username":{"type":"string","minLength":3,"unique":true,"configurable":false,"required":true},"email":{"type":"email","minLength":6,"configurable":false,"required":true},"password":{"type":"password","minLength":6,"configurable":false,"private":true,"required":true},"resetPasswordToken":{"type":"string","configurable":false,"private":true},"blocked":{"type":"boolean","default":false,"configurable":false}}	object	\N	\N
11	db_model_objectives	{"day":{"via":"objectives","model":"day"},"description":{"type":"text","required":true},"objective_type":{"model":"objective-type","via":"objectives"},"created_at":{"type":"currentTimestamp"},"updated_at":{"type":"currentTimestamp"}}	object	\N	\N
21	db_model_users-permissions_role	{"name":{"type":"string","minLength":3,"required":true,"configurable":false},"description":{"type":"string","configurable":false},"type":{"type":"string","unique":true,"configurable":false},"permissions":{"collection":"permission","via":"role","plugin":"users-permissions","configurable":false,"isVirtual":true},"users":{"collection":"user","via":"role","configurable":false,"plugin":"users-permissions","isVirtual":true}}	object	\N	\N
52	db_model_saves	{"day":{"model":"day"},"student":{"model":"student"},"session":{"model":"session"},"workspace":{"type":"text","required":true},"created_at":{"type":"currentTimestamp"},"updated_at":{"type":"currentTimestamp"}}	object	\N	\N
10	db_model_learning_standards	{"number":{"type":"decimal","required":true},"name":{"type":"string","required":true},"expectations":{"type":"text"},"days":{"collection":"day","via":"learning_standard","isVirtual":true},"unit":{"model":"unit","via":"learning_standards"},"teks":{"type":"string","unique":true},"created_at":{"type":"currentTimestamp"},"updated_at":{"type":"currentTimestamp"}}	object	\N	\N
57	model_def_application::block.block	{"uid":"application::block.block","collectionName":"blocks","kind":"collectionType","info":{"name":"Block"},"options":{"increments":true,"timestamps":["created_at","updated_at"]},"attributes":{"name":{"type":"string","required":true,"unique":true},"description":{"type":"text"},"blocks_category":{"via":"blocks","model":"blocks-category"},"created_by":{"model":"user","plugin":"admin","configurable":false,"writable":false,"visible":false,"private":true},"updated_by":{"model":"user","plugin":"admin","configurable":false,"writable":false,"visible":false,"private":true}}}	object	\N	\N
33	plugin_content_manager_configuration_content_types::application::grade.grade	{"uid":"application::grade.grade","settings":{"bulkable":true,"filterable":true,"searchable":true,"pageSize":10,"mainField":"name","defaultSortBy":"name","defaultSortOrder":"ASC"},"metadatas":{"id":{"edit":{},"list":{"label":"Id","searchable":true,"sortable":true}},"name":{"edit":{"label":"Name","description":"","placeholder":"","visible":true,"editable":true},"list":{"label":"Name","searchable":true,"sortable":true}},"classrooms":{"edit":{"label":"Classrooms","description":"","placeholder":"","visible":true,"editable":true,"mainField":"name"},"list":{"label":"Classrooms","searchable":false,"sortable":false}},"units":{"edit":{"label":"Units","description":"","placeholder":"","visible":true,"editable":true,"mainField":"name"},"list":{"label":"Units","searchable":false,"sortable":false}},"created_at":{"edit":{"label":"Created_at","description":"","placeholder":"","visible":false,"editable":true},"list":{"label":"Created_at","searchable":true,"sortable":true}},"updated_at":{"edit":{"label":"Updated_at","description":"","placeholder":"","visible":false,"editable":true},"list":{"label":"Updated_at","searchable":true,"sortable":true}}},"layouts":{"list":["id","name","created_at","updated_at"],"editRelations":["classrooms","units"],"edit":[[{"name":"name","size":6}]]}}	object		
23	db_model_classrooms_teachers__teachers_classrooms	{"teacher_id":{"type":"integer"},"classroom_id":{"type":"integer"}}	object	\N	\N
24	db_model_sessions_students__students_sessions	{"student_id":{"type":"integer"},"session_id":{"type":"integer"}}	object	\N	\N
49	plugin_users-permissions_email	{"reset_password":{"display":"Email.template.reset_password","icon":"sync","options":{"from":{"name":"Administration Panel","email":"no-reply@strapi.io"},"response_email":"","object":"Reset password","message":"<p>We heard that you lost your password. Sorry about that!</p>\\n\\n<p>But dont worry! You can use the following link to reset your password:</p>\\n\\n<p><%= URL %>?code=<%= TOKEN %></p>\\n\\n<p>Thanks.</p>"}},"email_confirmation":{"display":"Email.template.email_confirmation","icon":"check-square","options":{"from":{"name":"Administration Panel","email":"no-reply@strapi.io"},"response_email":"","object":"Account confirmation","message":"<p>Thank you for registering!</p>\\n\\n<p>You have to confirm your email address. Please click on the link below.</p>\\n\\n<p><%= URL %>?confirmation=<%= CODE %></p>\\n\\n<p>Thanks.</p>"}}}	object		
29	plugin_content_manager_configuration_content_types::application::block.block	{"uid":"application::block.block","settings":{"bulkable":true,"filterable":true,"searchable":true,"pageSize":10,"mainField":"name","defaultSortBy":"name","defaultSortOrder":"ASC"},"metadatas":{"id":{"edit":{},"list":{"label":"Id","searchable":true,"sortable":true}},"name":{"edit":{"label":"Name","description":"","placeholder":"","visible":true,"editable":true},"list":{"label":"Name","searchable":true,"sortable":true}},"description":{"edit":{"label":"Description","description":"","placeholder":"","visible":true,"editable":true},"list":{"label":"Description","searchable":true,"sortable":true}},"blocks_category":{"edit":{"label":"Blocks_category","description":"","placeholder":"","visible":true,"editable":true,"mainField":"name"},"list":{"label":"Blocks_category","searchable":false,"sortable":false}},"created_at":{"edit":{"label":"Created_at","description":"","placeholder":"","visible":false,"editable":true},"list":{"label":"Created_at","searchable":true,"sortable":true}},"updated_at":{"edit":{"label":"Updated_at","description":"","placeholder":"","visible":false,"editable":true},"list":{"label":"Updated_at","searchable":true,"sortable":true}}},"layouts":{"list":["id","name","description","created_at"],"editRelations":["blocks_category"],"edit":[[{"name":"name","size":6},{"name":"description","size":6}]]}}	object		
31	plugin_content_manager_configuration_content_types::application::blocks-category.blocks-category	{"uid":"application::blocks-category.blocks-category","settings":{"bulkable":true,"filterable":true,"searchable":true,"pageSize":10,"mainField":"name","defaultSortBy":"name","defaultSortOrder":"ASC"},"metadatas":{"id":{"edit":{},"list":{"label":"Id","searchable":true,"sortable":true}},"name":{"edit":{"label":"Name","description":"","placeholder":"","visible":true,"editable":true},"list":{"label":"Name","searchable":true,"sortable":true}},"blocks":{"edit":{"label":"Blocks","description":"","placeholder":"","visible":true,"editable":true,"mainField":"name"},"list":{"label":"Blocks","searchable":false,"sortable":false}},"created_at":{"edit":{"label":"Created_at","description":"","placeholder":"","visible":false,"editable":true},"list":{"label":"Created_at","searchable":true,"sortable":true}},"updated_at":{"edit":{"label":"Updated_at","description":"","placeholder":"","visible":false,"editable":true},"list":{"label":"Updated_at","searchable":true,"sortable":true}}},"layouts":{"list":["id","name","created_at","updated_at"],"editRelations":["blocks"],"edit":[[{"name":"name","size":6}]]}}	object		
48	plugin_content_manager_configuration_content_types::plugins::users-permissions.user	{"uid":"plugins::users-permissions.user","settings":{"bulkable":true,"filterable":true,"searchable":true,"pageSize":10,"mainField":"username","defaultSortBy":"username","defaultSortOrder":"ASC"},"metadatas":{"id":{"edit":{},"list":{"label":"Id","searchable":true,"sortable":true}},"username":{"edit":{"label":"Username","description":"","placeholder":"","visible":true,"editable":true},"list":{"label":"Username","searchable":true,"sortable":true}},"email":{"edit":{"label":"Email","description":"","placeholder":"","visible":true,"editable":true},"list":{"label":"Email","searchable":true,"sortable":true}},"provider":{"edit":{"label":"Provider","description":"","placeholder":"","visible":false,"editable":true},"list":{"label":"Provider","searchable":true,"sortable":true}},"password":{"edit":{"label":"Password","description":"","placeholder":"","visible":true,"editable":true},"list":{"label":"Password","searchable":true,"sortable":true}},"resetPasswordToken":{"edit":{"label":"ResetPasswordToken","description":"","placeholder":"","visible":false,"editable":true},"list":{"label":"ResetPasswordToken","searchable":true,"sortable":true}},"confirmationToken":{"edit":{"label":"ConfirmationToken","description":"","placeholder":"","visible":false,"editable":true},"list":{"label":"ConfirmationToken","searchable":true,"sortable":true}},"confirmed":{"edit":{"label":"Confirmed","description":"","placeholder":"","visible":true,"editable":true},"list":{"label":"Confirmed","searchable":true,"sortable":true}},"blocked":{"edit":{"label":"Blocked","description":"","placeholder":"","visible":true,"editable":true},"list":{"label":"Blocked","searchable":true,"sortable":true}},"role":{"edit":{"label":"Role","description":"","placeholder":"","visible":true,"editable":true,"mainField":"name"},"list":{"label":"Role","searchable":false,"sortable":false}},"created_at":{"edit":{"label":"Created_at","description":"","placeholder":"","visible":false,"editable":true},"list":{"label":"Created_at","searchable":true,"sortable":true}},"updated_at":{"edit":{"label":"Updated_at","description":"","placeholder":"","visible":false,"editable":true},"list":{"label":"Updated_at","searchable":true,"sortable":true}}},"layouts":{"list":["id","username","email","confirmed"],"edit":[[{"name":"username","size":6},{"name":"email","size":6}],[{"name":"password","size":6},{"name":"confirmed","size":4}],[{"name":"blocked","size":4}]],"editRelations":["role"]}}	object		
45	plugin_content_manager_configuration_content_types::plugins::users-permissions.permission	{"uid":"plugins::users-permissions.permission","settings":{"bulkable":true,"filterable":true,"searchable":true,"pageSize":10,"mainField":"type","defaultSortBy":"type","defaultSortOrder":"ASC"},"metadatas":{"id":{"edit":{},"list":{"label":"Id","searchable":true,"sortable":true}},"type":{"edit":{"label":"Type","description":"","placeholder":"","visible":true,"editable":true},"list":{"label":"Type","searchable":true,"sortable":true}},"controller":{"edit":{"label":"Controller","description":"","placeholder":"","visible":true,"editable":true},"list":{"label":"Controller","searchable":true,"sortable":true}},"action":{"edit":{"label":"Action","description":"","placeholder":"","visible":true,"editable":true},"list":{"label":"Action","searchable":true,"sortable":true}},"enabled":{"edit":{"label":"Enabled","description":"","placeholder":"","visible":true,"editable":true},"list":{"label":"Enabled","searchable":true,"sortable":true}},"policy":{"edit":{"label":"Policy","description":"","placeholder":"","visible":true,"editable":true},"list":{"label":"Policy","searchable":true,"sortable":true}},"role":{"edit":{"label":"Role","description":"","placeholder":"","visible":true,"editable":true,"mainField":"name"},"list":{"label":"Role","searchable":false,"sortable":false}}},"layouts":{"list":["id","type","controller","action"],"editRelations":["role"],"edit":[[{"name":"type","size":6},{"name":"controller","size":6}],[{"name":"action","size":6},{"name":"enabled","size":4}],[{"name":"policy","size":6}]]}}	object		
25	db_model_classrooms_mentors__mentors_classrooms	{"mentor_id":{"type":"integer"},"classroom_id":{"type":"integer"}}	object	\N	\N
46	plugin_content_manager_configuration_content_types::plugins::users-permissions.role	{"uid":"plugins::users-permissions.role","settings":{"bulkable":true,"filterable":true,"searchable":true,"pageSize":10,"mainField":"name","defaultSortBy":"name","defaultSortOrder":"ASC"},"metadatas":{"id":{"edit":{},"list":{"label":"Id","searchable":true,"sortable":true}},"name":{"edit":{"label":"Name","description":"","placeholder":"","visible":true,"editable":true},"list":{"label":"Name","searchable":true,"sortable":true}},"description":{"edit":{"label":"Description","description":"","placeholder":"","visible":true,"editable":true},"list":{"label":"Description","searchable":true,"sortable":true}},"type":{"edit":{"label":"Type","description":"","placeholder":"","visible":true,"editable":true},"list":{"label":"Type","searchable":true,"sortable":true}},"permissions":{"edit":{"label":"Permissions","description":"","placeholder":"","visible":true,"editable":true,"mainField":"type"},"list":{"label":"Permissions","searchable":false,"sortable":false}},"users":{"edit":{"label":"Users","description":"","placeholder":"","visible":true,"editable":true,"mainField":"username"},"list":{"label":"Users","searchable":false,"sortable":false}}},"layouts":{"list":["id","name","description","type"],"editRelations":["permissions","users"],"edit":[[{"name":"name","size":6},{"name":"description","size":6}],[{"name":"type","size":6}]]}}	object		
26	db_model_upload_file_morph	{"upload_file_id":{"type":"integer"},"related_id":{"type":"integer"},"related_type":{"type":"text"},"field":{"type":"text"},"order":{"type":"integer"}}	object	\N	\N
27	plugin_upload_settings	{"sizeOptimization":true,"responsiveDimensions":true}	object	development	
58	model_def_application::blocks-category.blocks-category	{"uid":"application::blocks-category.blocks-category","collectionName":"blocks_categories","kind":"collectionType","info":{"name":"Blocks Category"},"options":{"increments":true,"timestamps":["created_at","updated_at"]},"attributes":{"name":{"type":"string"},"blocks":{"collection":"block","via":"blocks_category","isVirtual":true},"created_by":{"model":"user","plugin":"admin","configurable":false,"writable":false,"visible":false,"private":true},"updated_by":{"model":"user","plugin":"admin","configurable":false,"writable":false,"visible":false,"private":true}}}	object	\N	\N
69	model_def_application::session.session	{"uid":"application::session.session","collectionName":"sessions","kind":"collectionType","info":{"name":"Session"},"options":{"increments":true,"timestamps":["created_at","updated_at"]},"attributes":{"classroom":{"via":"sessions","model":"classroom"},"students":{"via":"sessions","collection":"student","attribute":"student","column":"id","isVirtual":true},"submissions":{"via":"session","collection":"submission","isVirtual":true},"created_by":{"model":"user","plugin":"admin","configurable":false,"writable":false,"visible":false,"private":true},"updated_by":{"model":"user","plugin":"admin","configurable":false,"writable":false,"visible":false,"private":true}}}	object	\N	\N
30	plugin_content_manager_configuration_content_types::application::classroom.classroom	{"uid":"application::classroom.classroom","settings":{"bulkable":true,"filterable":true,"searchable":true,"pageSize":10,"mainField":"name","defaultSortBy":"name","defaultSortOrder":"ASC"},"metadatas":{"id":{"edit":{},"list":{"label":"Id","searchable":true,"sortable":true}},"name":{"edit":{"label":"Name","description":"","placeholder":"","visible":true,"editable":true},"list":{"label":"Name","searchable":true,"sortable":true}},"school":{"edit":{"label":"School","description":"","placeholder":"","visible":true,"editable":true,"mainField":"name"},"list":{"label":"School","searchable":false,"sortable":false}},"sessions":{"edit":{"label":"Sessions","description":"","placeholder":"","visible":true,"editable":true,"mainField":"id"},"list":{"label":"Sessions","searchable":false,"sortable":false}},"mentors":{"edit":{"label":"Mentors","description":"","placeholder":"","visible":true,"editable":true,"mainField":"first_name"},"list":{"label":"Mentors","searchable":false,"sortable":false}},"students":{"edit":{"label":"Students","description":"","placeholder":"","visible":true,"editable":true,"mainField":"name"},"list":{"label":"Students","searchable":false,"sortable":false}},"code":{"edit":{"label":"Code","description":"","placeholder":"","visible":true,"editable":true},"list":{"label":"Code","searchable":true,"sortable":true}},"grade":{"edit":{"label":"Grade","description":"","placeholder":"","visible":true,"editable":true,"mainField":"name"},"list":{"label":"Grade","searchable":false,"sortable":false}},"selections":{"edit":{"label":"Selections","description":"","placeholder":"","visible":true,"editable":true,"mainField":"id"},"list":{"label":"Selections","searchable":false,"sortable":false}},"created_at":{"edit":{"label":"Created_at","description":"","placeholder":"","visible":false,"editable":true},"list":{"label":"Created_at","searchable":true,"sortable":true}},"updated_at":{"edit":{"label":"Updated_at","description":"","placeholder":"","visible":false,"editable":true},"list":{"label":"Updated_at","searchable":true,"sortable":true}}},"layouts":{"list":["id","name","code","created_at"],"edit":[[{"name":"name","size":6},{"name":"code","size":6}]],"editRelations":["school","sessions","mentors","students","grade","selections"]}}	object		
43	plugin_content_manager_configuration_content_types::application::unit.unit	{"uid":"application::unit.unit","settings":{"bulkable":true,"filterable":true,"searchable":true,"pageSize":10,"mainField":"name","defaultSortBy":"name","defaultSortOrder":"ASC"},"metadatas":{"id":{"edit":{},"list":{"label":"Id","searchable":true,"sortable":true}},"grade":{"edit":{"label":"Grade","description":"","placeholder":"","visible":true,"editable":true,"mainField":"name"},"list":{"label":"Grade","searchable":false,"sortable":false}},"number":{"edit":{"label":"Number","description":"","placeholder":"","visible":true,"editable":true},"list":{"label":"Number","searchable":true,"sortable":true}},"name":{"edit":{"label":"Name","description":"","placeholder":"","visible":true,"editable":true},"list":{"label":"Name","searchable":true,"sortable":true}},"teks_id":{"edit":{"label":"Teks_id","description":"","placeholder":"","visible":true,"editable":true},"list":{"label":"Teks_id","searchable":true,"sortable":true}},"teks_description":{"edit":{"label":"Teks_description","description":"","placeholder":"","visible":true,"editable":true},"list":{"label":"Teks_description","searchable":true,"sortable":true}},"learning_standards":{"edit":{"label":"Learning_standards","description":"","placeholder":"","visible":true,"editable":true,"mainField":"name"},"list":{"label":"Learning_standards","searchable":false,"sortable":false}},"created_at":{"edit":{"label":"Created_at","description":"","placeholder":"","visible":false,"editable":true},"list":{"label":"Created_at","searchable":true,"sortable":true}},"updated_at":{"edit":{"label":"Updated_at","description":"","placeholder":"","visible":false,"editable":true},"list":{"label":"Updated_at","searchable":true,"sortable":true}}},"layouts":{"list":["id","number","name","teks_id"],"editRelations":["grade","learning_standards"],"edit":[[{"name":"number","size":4},{"name":"name","size":6}],[{"name":"teks_id","size":6},{"name":"teks_description","size":6}]]}}	object		
35	plugin_content_manager_configuration_content_types::application::mentor.mentor	{"uid":"application::mentor.mentor","settings":{"bulkable":true,"filterable":true,"searchable":true,"pageSize":10,"mainField":"first_name","defaultSortBy":"first_name","defaultSortOrder":"ASC"},"metadatas":{"id":{"edit":{},"list":{"label":"Id","searchable":true,"sortable":true}},"first_name":{"edit":{"label":"First_name","description":"","placeholder":"","visible":true,"editable":true},"list":{"label":"First_name","searchable":true,"sortable":true}},"last_name":{"edit":{"label":"Last_name","description":"","placeholder":"","visible":true,"editable":true},"list":{"label":"Last_name","searchable":true,"sortable":true}},"school":{"edit":{"label":"School","description":"","placeholder":"","visible":true,"editable":true,"mainField":"name"},"list":{"label":"School","searchable":false,"sortable":false}},"classrooms":{"edit":{"label":"Classrooms","description":"","placeholder":"","visible":true,"editable":true,"mainField":"name"},"list":{"label":"Classrooms","searchable":false,"sortable":false}},"user":{"edit":{"label":"User","description":"","placeholder":"","visible":true,"editable":true,"mainField":"username"},"list":{"label":"User","searchable":false,"sortable":false}},"created_at":{"edit":{"label":"Created_at","description":"","placeholder":"","visible":false,"editable":true},"list":{"label":"Created_at","searchable":true,"sortable":true}},"updated_at":{"edit":{"label":"Updated_at","description":"","placeholder":"","visible":false,"editable":true},"list":{"label":"Updated_at","searchable":true,"sortable":true}}},"layouts":{"list":["id","first_name","last_name","created_at"],"editRelations":["school","classrooms","user"],"edit":[[{"name":"first_name","size":6},{"name":"last_name","size":6}]]}}	object		
50	plugin_users-permissions_advanced	{"unique_email":true,"allow_register":true,"email_confirmation":false,"email_confirmation_redirection":"/admin/admin","email_reset_password":"/admin/admin","default_role":"authenticated"}	object		
51	db_model_days__blocks	{"day_id":{"type":"integer"},"block_id":{"type":"integer"}}	object	\N	\N
2	db_model_sessions	{"classroom":{"via":"sessions","model":"classroom"},"students":{"via":"sessions","collection":"student","attribute":"student","column":"id","isVirtual":true},"submissions":{"via":"session","collection":"submission","isVirtual":true},"created_at":{"type":"currentTimestamp"},"updated_at":{"type":"currentTimestamp"}}	object	\N	\N
39	plugin_content_manager_configuration_content_types::application::selection.selection	{"uid":"application::selection.selection","settings":{"bulkable":true,"filterable":true,"searchable":true,"pageSize":10,"mainField":"id","defaultSortBy":"id","defaultSortOrder":"ASC"},"metadatas":{"id":{"edit":{},"list":{"label":"Id","searchable":true,"sortable":true}},"classroom":{"edit":{"label":"Classroom","description":"","placeholder":"","visible":true,"editable":true,"mainField":"name"},"list":{"label":"Classroom","searchable":false,"sortable":false}},"learning_standard":{"edit":{"label":"Learning_standard","description":"","placeholder":"","visible":true,"editable":true,"mainField":"name"},"list":{"label":"Learning_standard","searchable":false,"sortable":false}},"current":{"edit":{"label":"Current","description":"","placeholder":"","visible":true,"editable":true},"list":{"label":"Current","searchable":true,"sortable":true}},"created_at":{"edit":{"label":"Created_at","description":"","placeholder":"","visible":false,"editable":true},"list":{"label":"Created_at","searchable":true,"sortable":true}},"updated_at":{"edit":{"label":"Updated_at","description":"","placeholder":"","visible":false,"editable":true},"list":{"label":"Updated_at","searchable":true,"sortable":true}}},"layouts":{"list":["id","current","created_at","updated_at"],"editRelations":["classroom","learning_standard"],"edit":[[{"name":"current","size":4}]]}}	object		
22	db_model_users-permissions_user	{"username":{"type":"string","minLength":3,"unique":true,"configurable":false,"required":true},"email":{"type":"email","minLength":6,"configurable":false,"required":true},"provider":{"type":"string","configurable":false},"password":{"type":"password","minLength":6,"configurable":false,"private":true},"resetPasswordToken":{"type":"string","configurable":false,"private":true},"confirmed":{"type":"boolean","default":false,"configurable":false},"blocked":{"type":"boolean","default":false,"configurable":false},"last_logged_in":{"type":"datetime"},"role":{"model":"role","via":"users","plugin":"users-permissions","configurable":false},"created_at":{"type":"currentTimestamp"},"updated_at":{"type":"currentTimestamp"}}	object	\N	\N
41	plugin_content_manager_configuration_content_types::application::student.student	{"uid":"application::student.student","settings":{"bulkable":true,"filterable":true,"searchable":true,"pageSize":10,"mainField":"name","defaultSortBy":"name","defaultSortOrder":"ASC"},"metadatas":{"id":{"edit":{},"list":{"label":"Id","searchable":true,"sortable":true}},"name":{"edit":{"label":"Name","description":"","placeholder":"","visible":true,"editable":true},"list":{"label":"Name","searchable":true,"sortable":true}},"character":{"edit":{"label":"Character","description":"","placeholder":"","visible":true,"editable":true},"list":{"label":"Character","searchable":true,"sortable":true}},"classroom":{"edit":{"label":"Classroom","description":"","placeholder":"","visible":true,"editable":true,"mainField":"name"},"list":{"label":"Classroom","searchable":false,"sortable":false}},"sessions":{"edit":{"label":"Sessions","description":"","placeholder":"","visible":true,"editable":true,"mainField":"id"},"list":{"label":"Sessions","searchable":false,"sortable":false}},"enrolled":{"edit":{"label":"Enrolled","description":"","placeholder":"","visible":true,"editable":true},"list":{"label":"Enrolled","searchable":true,"sortable":true}},"last_logged_in":{"edit":{"label":"Last_logged_in","description":"","placeholder":"","visible":true,"editable":true},"list":{"label":"Last_logged_in","searchable":true,"sortable":true}},"created_at":{"edit":{"label":"Created_at","description":"","placeholder":"","visible":false,"editable":true},"list":{"label":"Created_at","searchable":true,"sortable":true}},"updated_at":{"edit":{"label":"Updated_at","description":"","placeholder":"","visible":false,"editable":true},"list":{"label":"Updated_at","searchable":true,"sortable":true}}},"layouts":{"list":["id","name","character","enrolled"],"edit":[[{"name":"name","size":6},{"name":"character","size":6}],[{"name":"enrolled","size":4},{"name":"last_logged_in","size":6}]],"editRelations":["classroom","sessions"]}}	object		
7	db_model_students	{"name":{"type":"string","regex":"^([A-Za-z]+)\\\\s*([A-Za-z]*)\\\\s+([A-Za-z])\\\\.$"},"character":{"type":"string"},"classroom":{"model":"classroom","via":"students"},"sessions":{"collection":"session","via":"students","dominant":true,"attribute":"session","column":"id","isVirtual":true},"enrolled":{"type":"boolean","default":true,"required":true},"last_logged_in":{"type":"datetime"},"created_at":{"type":"currentTimestamp"},"updated_at":{"type":"currentTimestamp"}}	object	\N	\N
68	model_def_application::selection.selection	{"uid":"application::selection.selection","collectionName":"selections","kind":"collectionType","info":{"name":"Selection"},"options":{"increments":true,"timestamps":["created_at","updated_at"]},"attributes":{"classroom":{"model":"classroom","via":"selections"},"learning_standard":{"model":"learning-standard"},"current":{"type":"boolean","default":true,"required":true},"created_by":{"model":"user","plugin":"admin","configurable":false,"writable":false,"visible":false,"private":true},"updated_by":{"model":"user","plugin":"admin","configurable":false,"writable":false,"visible":false,"private":true}}}	object	\N	\N
38	plugin_content_manager_configuration_content_types::application::school.school	{"uid":"application::school.school","settings":{"bulkable":true,"filterable":true,"searchable":true,"pageSize":10,"mainField":"name","defaultSortBy":"name","defaultSortOrder":"ASC"},"metadatas":{"id":{"edit":{},"list":{"label":"Id","searchable":true,"sortable":true}},"name":{"edit":{"label":"Name","description":"","placeholder":"","visible":true,"editable":true},"list":{"label":"Name","searchable":true,"sortable":true}},"county":{"edit":{"label":"County","description":"","placeholder":"","visible":true,"editable":true},"list":{"label":"County","searchable":true,"sortable":true}},"state":{"edit":{"label":"State","description":"","placeholder":"","visible":true,"editable":true},"list":{"label":"State","searchable":true,"sortable":true}},"classrooms":{"edit":{"label":"Classrooms","description":"","placeholder":"","visible":true,"editable":true,"mainField":"name"},"list":{"label":"Classrooms","searchable":false,"sortable":false}},"mentors":{"edit":{"label":"Mentors","description":"","placeholder":"","visible":true,"editable":true,"mainField":"first_name"},"list":{"label":"Mentors","searchable":false,"sortable":false}},"created_at":{"edit":{"label":"Created_at","description":"","placeholder":"","visible":false,"editable":true},"list":{"label":"Created_at","searchable":true,"sortable":true}},"updated_at":{"edit":{"label":"Updated_at","description":"","placeholder":"","visible":false,"editable":true},"list":{"label":"Updated_at","searchable":true,"sortable":true}}},"layouts":{"list":["id","name","county","state"],"edit":[[{"name":"name","size":6},{"name":"county","size":6}],[{"name":"state","size":6}]],"editRelations":["classrooms","mentors"]}}	object		
40	plugin_content_manager_configuration_content_types::application::session.session	{"uid":"application::session.session","settings":{"bulkable":true,"filterable":true,"searchable":true,"pageSize":10,"mainField":"id","defaultSortBy":"id","defaultSortOrder":"ASC"},"metadatas":{"id":{"edit":{},"list":{"label":"Id","searchable":true,"sortable":true}},"classroom":{"edit":{"label":"Classroom","description":"","placeholder":"","visible":true,"editable":true,"mainField":"name"},"list":{"label":"Classroom","searchable":false,"sortable":false}},"students":{"edit":{"label":"Students","description":"","placeholder":"","visible":true,"editable":true,"mainField":"name"},"list":{"label":"Students","searchable":false,"sortable":false}},"submissions":{"edit":{"label":"Submissions","description":"","placeholder":"","visible":true,"editable":true,"mainField":"status"},"list":{"label":"Submissions","searchable":false,"sortable":false}},"created_at":{"edit":{"label":"Created_at","description":"","placeholder":"","visible":false,"editable":true},"list":{"label":"Created_at","searchable":true,"sortable":true}},"updated_at":{"edit":{"label":"Updated_at","description":"","placeholder":"","visible":false,"editable":true},"list":{"label":"Updated_at","searchable":true,"sortable":true}}},"layouts":{"list":["id","created_at","updated_at"],"edit":[],"editRelations":["classroom","students","submissions"]}}	object		
55	plugin_content_manager_configuration_content_types::application::submission.submission	{"uid":"application::submission.submission","settings":{"bulkable":true,"filterable":true,"searchable":true,"pageSize":10,"mainField":"status","defaultSortBy":"status","defaultSortOrder":"ASC"},"metadatas":{"id":{"edit":{},"list":{"label":"Id","searchable":true,"sortable":true}},"status":{"edit":{"label":"Status","description":"","placeholder":"","visible":true,"editable":true},"list":{"label":"Status","searchable":true,"sortable":true}},"workspace":{"edit":{"label":"Workspace","description":"","placeholder":"","visible":true,"editable":true},"list":{"label":"Workspace","searchable":true,"sortable":true}},"success":{"edit":{"label":"Success","description":"","placeholder":"","visible":true,"editable":true},"list":{"label":"Success","searchable":true,"sortable":true}},"hex":{"edit":{"label":"Hex","description":"","placeholder":"","visible":true,"editable":true},"list":{"label":"Hex","searchable":true,"sortable":true}},"stdout":{"edit":{"label":"Stdout","description":"","placeholder":"","visible":true,"editable":true},"list":{"label":"Stdout","searchable":true,"sortable":true}},"stderr":{"edit":{"label":"Stderr","description":"","placeholder":"","visible":true,"editable":true},"list":{"label":"Stderr","searchable":true,"sortable":true}},"board":{"edit":{"label":"Board","description":"","placeholder":"","visible":true,"editable":true},"list":{"label":"Board","searchable":true,"sortable":true}},"sketch":{"edit":{"label":"Sketch","description":"","placeholder":"","visible":true,"editable":true},"list":{"label":"Sketch","searchable":true,"sortable":true}},"sandbox":{"edit":{"label":"Sandbox","description":"","placeholder":"","visible":true,"editable":true},"list":{"label":"Sandbox","searchable":true,"sortable":true}},"session":{"edit":{"label":"Session","description":"","placeholder":"","visible":true,"editable":true,"mainField":"id"},"list":{"label":"Session","searchable":false,"sortable":false}},"day":{"edit":{"label":"Day","description":"","placeholder":"","visible":true,"editable":true,"mainField":"id"},"list":{"label":"Day","searchable":false,"sortable":false}},"job_id":{"edit":{"label":"Job_id","description":"","placeholder":"","visible":true,"editable":true},"list":{"label":"Job_id","searchable":true,"sortable":true}},"created_at":{"edit":{"label":"Created_at","description":"","placeholder":"","visible":false,"editable":true},"list":{"label":"Created_at","searchable":true,"sortable":true}},"updated_at":{"edit":{"label":"Updated_at","description":"","placeholder":"","visible":false,"editable":true},"list":{"label":"Updated_at","searchable":true,"sortable":true}}},"layouts":{"list":["id","status","workspace","success"],"edit":[[{"name":"status","size":6},{"name":"workspace","size":6}],[{"name":"success","size":4},{"name":"hex","size":6}],[{"name":"stdout","size":6},{"name":"stderr","size":6}],[{"name":"board","size":6},{"name":"sketch","size":6}],[{"name":"sandbox","size":4},{"name":"job_id","size":4}]],"editRelations":["session","day"]}}	object		
54	db_model_submissions	{"status":{"type":"string","default":"WAITING","required":true},"workspace":{"type":"text","required":true},"success":{"type":"boolean","required":false},"hex":{"type":"text"},"stdout":{"type":"text"},"stderr":{"type":"text"},"board":{"type":"string","required":true},"sketch":{"type":"text","required":true},"sandbox":{"type":"boolean","default":false,"required":true},"session":{"model":"session","via":"submissions"},"day":{"model":"day"},"job_id":{"type":"biginteger"},"created_at":{"type":"currentTimestamp"},"updated_at":{"type":"currentTimestamp"}}	object	\N	\N
5	db_model_units	{"grade":{"model":"grade","via":"units"},"name":{"type":"string","required":true},"teks_id":{"type":"string"},"teks_description":{"type":"text"},"number":{"type":"integer","required":true},"learning_standards":{"via":"unit","collection":"learning-standard","isVirtual":true},"created_at":{"type":"currentTimestamp"},"updated_at":{"type":"currentTimestamp"}}	object	\N	\N
12	db_model_days	{"learning_standard":{"via":"days","model":"learning-standard"},"number":{"type":"biginteger","required":true},"template":{"type":"text","required":true},"objectives":{"collection":"objective","via":"day","isVirtual":true},"blocks":{"collection":"block","attribute":"block","column":"id","isVirtual":true},"created_at":{"type":"currentTimestamp"},"updated_at":{"type":"currentTimestamp"}}	object	\N	\N
56	model_def_strapi::core-store	{"uid":"strapi::core-store","collectionName":"core_store","info":{"name":"core_store","description":""},"options":{"timestamps":false},"pluginOptions":{"content-manager":{"visible":false},"content-type-builder":{"visible":false}},"attributes":{"key":{"type":"string"},"value":{"type":"text"},"type":{"type":"string"},"environment":{"type":"string"},"tag":{"type":"string"}}}	object	\N	\N
59	model_def_application::classroom.classroom	{"uid":"application::classroom.classroom","collectionName":"classrooms","kind":"collectionType","info":{"name":"Classroom"},"options":{"increments":true,"timestamps":["created_at","updated_at"]},"attributes":{"name":{"type":"string"},"school":{"model":"school","via":"classrooms"},"sessions":{"collection":"session","via":"classroom","isVirtual":true},"mentors":{"collection":"mentor","via":"classrooms","attribute":"mentor","column":"id","isVirtual":true},"students":{"via":"classroom","collection":"student","isVirtual":true},"code":{"type":"string","required":true},"grade":{"via":"classrooms","model":"grade"},"selections":{"via":"classroom","collection":"selection","isVirtual":true},"created_by":{"model":"user","plugin":"admin","configurable":false,"writable":false,"visible":false,"private":true},"updated_by":{"model":"user","plugin":"admin","configurable":false,"writable":false,"visible":false,"private":true}}}	object	\N	\N
60	model_def_application::day.day	{"uid":"application::day.day","collectionName":"days","kind":"collectionType","info":{"name":"Day","description":""},"options":{"increments":true,"timestamps":["created_at","updated_at"],"draftAndPublish":false},"attributes":{"learning_standard":{"via":"days","model":"learning-standard"},"number":{"type":"biginteger","required":true},"template":{"type":"text","required":true},"blocks":{"collection":"block","attribute":"block","column":"id","isVirtual":true},"description":{"type":"text"},"TekS":{"type":"string"},"link":{"type":"string","required":false},"learning_components":{"via":"days","collection":"learning-components","attribute":"learning-component","column":"id","isVirtual":true},"created_by":{"model":"user","plugin":"admin","configurable":false,"writable":false,"visible":false,"private":true},"updated_by":{"model":"user","plugin":"admin","configurable":false,"writable":false,"visible":false,"private":true}}}	object	\N	\N
61	model_def_application::grade.grade	{"uid":"application::grade.grade","collectionName":"grades","kind":"collectionType","info":{"name":"grade"},"options":{"increments":true,"timestamps":["created_at","updated_at"]},"attributes":{"name":{"type":"string","required":true,"unique":true},"classrooms":{"collection":"classroom","via":"grade","isVirtual":true},"units":{"via":"grade","collection":"unit","isVirtual":true},"created_by":{"model":"user","plugin":"admin","configurable":false,"writable":false,"visible":false,"private":true},"updated_by":{"model":"user","plugin":"admin","configurable":false,"writable":false,"visible":false,"private":true}}}	object	\N	\N
62	model_def_application::learning-component-types.learning-component-types	{"uid":"application::learning-component-types.learning-component-types","collectionName":"learning_component_types","kind":"collectionType","info":{"name":"Learning Component Types"},"options":{"increments":true,"timestamps":["created_at","updated_at"],"draftAndPublish":true},"attributes":{"name":{"type":"string"},"learning_components":{"collection":"learning-components","via":"learning_component_type","isVirtual":true},"published_at":{"type":"datetime","configurable":false,"writable":true,"visible":false},"created_by":{"model":"user","plugin":"admin","configurable":false,"writable":false,"visible":false,"private":true},"updated_by":{"model":"user","plugin":"admin","configurable":false,"writable":false,"visible":false,"private":true}}}	object	\N	\N
63	model_def_application::learning-components.learning-components	{"uid":"application::learning-components.learning-components","collectionName":"learning_components","kind":"collectionType","info":{"name":"Learning Components"},"options":{"increments":true,"timestamps":["created_at","updated_at"],"draftAndPublish":true},"attributes":{"type":{"type":"string"},"days":{"collection":"day","via":"learning_components","dominant":true,"attribute":"day","column":"id","isVirtual":true},"learning_component_type":{"via":"learning_components","model":"learning-component-types"},"published_at":{"type":"datetime","configurable":false,"writable":true,"visible":false},"created_by":{"model":"user","plugin":"admin","configurable":false,"writable":false,"visible":false,"private":true},"updated_by":{"model":"user","plugin":"admin","configurable":false,"writable":false,"visible":false,"private":true}}}	object	\N	\N
64	model_def_application::learning-standard.learning-standard	{"uid":"application::learning-standard.learning-standard","collectionName":"learning_standards","kind":"collectionType","info":{"name":"learning Standard","description":""},"options":{"increments":true,"timestamps":["created_at","updated_at"],"draftAndPublish":false},"attributes":{"number":{"type":"decimal","required":true},"name":{"type":"string","required":true},"expectations":{"type":"text"},"days":{"via":"learning_standard","collection":"day","isVirtual":true},"unit":{"model":"unit","via":"learning_standards"},"teks":{"type":"string","unique":true},"link":{"type":"string"},"created_by":{"model":"user","plugin":"admin","configurable":false,"writable":false,"visible":false,"private":true},"updated_by":{"model":"user","plugin":"admin","configurable":false,"writable":false,"visible":false,"private":true}}}	object	\N	\N
65	model_def_application::mentor.mentor	{"uid":"application::mentor.mentor","collectionName":"mentors","kind":"collectionType","info":{"name":"Mentor"},"options":{"increments":true,"timestamps":["created_at","updated_at"]},"attributes":{"first_name":{"type":"string"},"last_name":{"type":"string"},"school":{"model":"school","via":"mentors"},"classrooms":{"via":"mentors","collection":"classroom","dominant":true,"attribute":"classroom","column":"id","isVirtual":true},"user":{"plugin":"users-permissions","model":"user"},"created_by":{"model":"user","plugin":"admin","configurable":false,"writable":false,"visible":false,"private":true},"updated_by":{"model":"user","plugin":"admin","configurable":false,"writable":false,"visible":false,"private":true}}}	object	\N	\N
66	model_def_application::save.save	{"uid":"application::save.save","collectionName":"saves","kind":"collectionType","info":{"name":"save"},"options":{"increments":true,"timestamps":["created_at","updated_at"]},"attributes":{"day":{"model":"day"},"student":{"model":"student"},"session":{"model":"session"},"workspace":{"type":"text","required":true},"replay":{"type":"json"},"created_by":{"model":"user","plugin":"admin","configurable":false,"writable":false,"visible":false,"private":true},"updated_by":{"model":"user","plugin":"admin","configurable":false,"writable":false,"visible":false,"private":true}}}	object	\N	\N
67	model_def_application::school.school	{"uid":"application::school.school","collectionName":"schools","kind":"collectionType","info":{"name":"School"},"options":{"increments":true,"timestamps":["created_at","updated_at"]},"attributes":{"name":{"type":"string"},"county":{"type":"string"},"state":{"type":"string"},"classrooms":{"via":"school","collection":"classroom","isVirtual":true},"mentors":{"via":"school","collection":"mentor","isVirtual":true},"created_by":{"model":"user","plugin":"admin","configurable":false,"writable":false,"visible":false,"private":true},"updated_by":{"model":"user","plugin":"admin","configurable":false,"writable":false,"visible":false,"private":true}}}	object	\N	\N
70	model_def_application::student.student	{"uid":"application::student.student","collectionName":"students","kind":"collectionType","info":{"name":"Student"},"options":{"increments":true,"timestamps":["created_at","updated_at"]},"attributes":{"name":{"type":"string","regex":"^([A-Za-z]+)\\\\s*([A-Za-z]*)\\\\s+([A-Za-z])\\\\.$"},"character":{"type":"string"},"classroom":{"model":"classroom","via":"students"},"sessions":{"collection":"session","via":"students","dominant":true,"attribute":"session","column":"id","isVirtual":true},"enrolled":{"type":"boolean","default":true,"required":true},"last_logged_in":{"type":"datetime"},"created_by":{"model":"user","plugin":"admin","configurable":false,"writable":false,"visible":false,"private":true},"updated_by":{"model":"user","plugin":"admin","configurable":false,"writable":false,"visible":false,"private":true}}}	object	\N	\N
71	model_def_application::submission.submission	{"uid":"application::submission.submission","collectionName":"submissions","kind":"collectionType","info":{"name":"Submission"},"options":{"increments":true,"timestamps":["created_at","updated_at"]},"attributes":{"status":{"type":"string","default":"WAITING","required":true},"workspace":{"type":"text","required":true},"success":{"type":"boolean","required":false},"hex":{"type":"text"},"stdout":{"type":"text"},"stderr":{"type":"text"},"board":{"type":"string","required":true},"sketch":{"type":"text","required":true},"sandbox":{"type":"boolean","default":false,"required":true},"session":{"model":"session","via":"submissions"},"day":{"model":"day"},"job_id":{"type":"biginteger"},"created_by":{"model":"user","plugin":"admin","configurable":false,"writable":false,"visible":false,"private":true},"updated_by":{"model":"user","plugin":"admin","configurable":false,"writable":false,"visible":false,"private":true}}}	object	\N	\N
73	model_def_strapi::webhooks	{"uid":"strapi::webhooks","collectionName":"strapi_webhooks","info":{"name":"Strapi webhooks","description":""},"options":{"timestamps":false},"pluginOptions":{"content-manager":{"visible":false},"content-type-builder":{"visible":false}},"attributes":{"name":{"type":"string"},"url":{"type":"text"},"headers":{"type":"json"},"events":{"type":"json"},"enabled":{"type":"boolean"}}}	object	\N	\N
74	model_def_strapi::permission	{"uid":"strapi::permission","collectionName":"strapi_permission","kind":"collectionType","info":{"name":"Permission","description":""},"options":{"timestamps":["created_at","updated_at"]},"pluginOptions":{"content-manager":{"visible":false},"content-type-builder":{"visible":false}},"attributes":{"action":{"type":"string","minLength":1,"configurable":false,"required":true},"subject":{"type":"string","minLength":1,"configurable":false,"required":false},"properties":{"type":"json","configurable":false,"required":false,"default":{}},"conditions":{"type":"json","configurable":false,"required":false,"default":[]},"role":{"configurable":false,"model":"role","plugin":"admin"}}}	object	\N	\N
75	model_def_strapi::role	{"uid":"strapi::role","collectionName":"strapi_role","kind":"collectionType","info":{"name":"Role","description":""},"options":{"timestamps":["created_at","updated_at"]},"pluginOptions":{"content-manager":{"visible":false},"content-type-builder":{"visible":false}},"attributes":{"name":{"type":"string","minLength":1,"unique":true,"configurable":false,"required":true},"code":{"type":"string","minLength":1,"unique":true,"configurable":false,"required":true},"description":{"type":"string","configurable":false},"users":{"configurable":false,"collection":"user","via":"roles","plugin":"admin","attribute":"user","column":"id","isVirtual":true},"permissions":{"configurable":false,"plugin":"admin","collection":"permission","via":"role","isVirtual":true}}}	object	\N	\N
78	model_def_plugins::users-permissions.role	{"uid":"plugins::users-permissions.role","collectionName":"users-permissions_role","kind":"collectionType","info":{"name":"role","description":""},"options":{"timestamps":false},"pluginOptions":{"content-manager":{"visible":false}},"attributes":{"name":{"type":"string","minLength":3,"required":true,"configurable":false},"description":{"type":"string","configurable":false},"type":{"type":"string","unique":true,"configurable":false},"permissions":{"collection":"permission","via":"role","plugin":"users-permissions","configurable":false,"isVirtual":true},"users":{"collection":"user","via":"role","configurable":false,"plugin":"users-permissions","isVirtual":true},"created_by":{"model":"user","plugin":"admin","configurable":false,"writable":false,"visible":false,"private":true},"updated_by":{"model":"user","plugin":"admin","configurable":false,"writable":false,"visible":false,"private":true}}}	object	\N	\N
82	plugin_content_manager_configuration_content_types::application::learning-component-types.learning-component-types	{"uid":"application::learning-component-types.learning-component-types","settings":{"bulkable":true,"filterable":true,"searchable":true,"pageSize":10,"mainField":"name","defaultSortBy":"name","defaultSortOrder":"ASC"},"metadatas":{"id":{"edit":{},"list":{"label":"Id","searchable":true,"sortable":true}},"name":{"edit":{"label":"Name","description":"","placeholder":"","visible":true,"editable":true},"list":{"label":"Name","searchable":true,"sortable":true}},"learning_components":{"edit":{"label":"Learning_components","description":"","placeholder":"","visible":true,"editable":true,"mainField":"type"},"list":{"label":"Learning_components","searchable":false,"sortable":false}},"created_at":{"edit":{"label":"Created_at","description":"","placeholder":"","visible":false,"editable":true},"list":{"label":"Created_at","searchable":true,"sortable":true}},"updated_at":{"edit":{"label":"Updated_at","description":"","placeholder":"","visible":false,"editable":true},"list":{"label":"Updated_at","searchable":true,"sortable":true}}},"layouts":{"list":["id","name","learning_components","created_at"],"editRelations":["learning_components"],"edit":[[{"name":"name","size":6}]]}}	object		
53	plugin_content_manager_configuration_content_types::application::save.save	{"uid":"application::save.save","settings":{"bulkable":true,"filterable":true,"searchable":true,"pageSize":10,"mainField":"id","defaultSortBy":"id","defaultSortOrder":"ASC"},"metadatas":{"id":{"edit":{},"list":{"label":"Id","searchable":true,"sortable":true}},"day":{"edit":{"label":"Day","description":"","placeholder":"","visible":true,"editable":true,"mainField":"id"},"list":{"label":"Day","searchable":false,"sortable":false}},"student":{"edit":{"label":"Student","description":"","placeholder":"","visible":true,"editable":true,"mainField":"name"},"list":{"label":"Student","searchable":false,"sortable":false}},"session":{"edit":{"label":"Session","description":"","placeholder":"","visible":true,"editable":true,"mainField":"id"},"list":{"label":"Session","searchable":false,"sortable":false}},"workspace":{"edit":{"label":"Workspace","description":"","placeholder":"","visible":true,"editable":true},"list":{"label":"Workspace","searchable":true,"sortable":true}},"replay":{"edit":{"label":"Replay","description":"","placeholder":"","visible":true,"editable":true},"list":{"label":"Replay","searchable":false,"sortable":false}},"created_at":{"edit":{"label":"Created_at","description":"","placeholder":"","visible":false,"editable":true},"list":{"label":"Created_at","searchable":true,"sortable":true}},"updated_at":{"edit":{"label":"Updated_at","description":"","placeholder":"","visible":false,"editable":true},"list":{"label":"Updated_at","searchable":true,"sortable":true}}},"layouts":{"list":["id","workspace","created_at","updated_at"],"edit":[[{"name":"workspace","size":6}],[{"name":"replay","size":12}]],"editRelations":["day","student","session"]}}	object		
72	model_def_application::unit.unit	{"uid":"application::unit.unit","collectionName":"units","kind":"collectionType","info":{"name":"unit"},"options":{"increments":true,"timestamps":["created_at","updated_at"]},"attributes":{"grade":{"model":"grade","via":"units"},"name":{"type":"string","required":true},"teks_id":{"type":"string"},"teks_description":{"type":"text"},"number":{"type":"integer","required":true},"learning_standards":{"via":"unit","collection":"learning-standard","isVirtual":true},"created_by":{"model":"user","plugin":"admin","configurable":false,"writable":false,"visible":false,"private":true},"updated_by":{"model":"user","plugin":"admin","configurable":false,"writable":false,"visible":false,"private":true}}}	object	\N	\N
84	plugin_content_manager_configuration_content_types::strapi::user	{"uid":"strapi::user","settings":{"bulkable":true,"filterable":true,"searchable":true,"pageSize":10,"mainField":"firstname","defaultSortBy":"firstname","defaultSortOrder":"ASC"},"metadatas":{"id":{"edit":{},"list":{"label":"Id","searchable":true,"sortable":true}},"firstname":{"edit":{"label":"Firstname","description":"","placeholder":"","visible":true,"editable":true},"list":{"label":"Firstname","searchable":true,"sortable":true}},"lastname":{"edit":{"label":"Lastname","description":"","placeholder":"","visible":true,"editable":true},"list":{"label":"Lastname","searchable":true,"sortable":true}},"username":{"edit":{"label":"Username","description":"","placeholder":"","visible":true,"editable":true},"list":{"label":"Username","searchable":true,"sortable":true}},"email":{"edit":{"label":"Email","description":"","placeholder":"","visible":true,"editable":true},"list":{"label":"Email","searchable":true,"sortable":true}},"password":{"edit":{"label":"Password","description":"","placeholder":"","visible":true,"editable":true},"list":{"label":"Password","searchable":true,"sortable":true}},"resetPasswordToken":{"edit":{"label":"ResetPasswordToken","description":"","placeholder":"","visible":true,"editable":true},"list":{"label":"ResetPasswordToken","searchable":true,"sortable":true}},"registrationToken":{"edit":{"label":"RegistrationToken","description":"","placeholder":"","visible":true,"editable":true},"list":{"label":"RegistrationToken","searchable":true,"sortable":true}},"isActive":{"edit":{"label":"IsActive","description":"","placeholder":"","visible":true,"editable":true},"list":{"label":"IsActive","searchable":true,"sortable":true}},"roles":{"edit":{"label":"Roles","description":"","placeholder":"","visible":true,"editable":true,"mainField":"name"},"list":{"label":"Roles","searchable":false,"sortable":false}},"blocked":{"edit":{"label":"Blocked","description":"","placeholder":"","visible":true,"editable":true},"list":{"label":"Blocked","searchable":true,"sortable":true}},"preferedLanguage":{"edit":{"label":"PreferedLanguage","description":"","placeholder":"","visible":true,"editable":true},"list":{"label":"PreferedLanguage","searchable":true,"sortable":true}}},"layouts":{"list":["id","firstname","lastname","username"],"editRelations":["roles"],"edit":[[{"name":"firstname","size":6},{"name":"lastname","size":6}],[{"name":"username","size":6},{"name":"email","size":6}],[{"name":"password","size":6},{"name":"resetPasswordToken","size":6}],[{"name":"registrationToken","size":6},{"name":"isActive","size":4}],[{"name":"blocked","size":4},{"name":"preferedLanguage","size":6}]]}}	object		
76	model_def_strapi::user	{"uid":"strapi::user","collectionName":"strapi_administrator","kind":"collectionType","info":{"name":"User","description":""},"options":{"timestamps":false},"pluginOptions":{"content-manager":{"visible":false},"content-type-builder":{"visible":false}},"attributes":{"firstname":{"type":"string","unique":false,"minLength":1,"configurable":false,"required":false},"lastname":{"type":"string","unique":false,"minLength":1,"configurable":false,"required":false},"username":{"type":"string","unique":false,"configurable":false,"required":false},"email":{"type":"email","minLength":6,"configurable":false,"required":true,"unique":true,"private":true},"password":{"type":"password","minLength":6,"configurable":false,"required":false,"private":true},"resetPasswordToken":{"type":"string","configurable":false,"private":true},"registrationToken":{"type":"string","configurable":false,"private":true},"isActive":{"type":"boolean","default":false,"configurable":false,"private":true},"roles":{"collection":"role","collectionName":"strapi_users_roles","via":"users","dominant":true,"plugin":"admin","configurable":false,"private":true,"attribute":"role","column":"id","isVirtual":true},"blocked":{"type":"boolean","default":false,"configurable":false,"private":true},"preferedLanguage":{"type":"string","configurable":false,"required":false}}}	object	\N	\N
77	model_def_plugins::users-permissions.permission	{"uid":"plugins::users-permissions.permission","collectionName":"users-permissions_permission","kind":"collectionType","info":{"name":"permission","description":""},"options":{"timestamps":false},"pluginOptions":{"content-manager":{"visible":false}},"attributes":{"type":{"type":"string","required":true,"configurable":false},"controller":{"type":"string","required":true,"configurable":false},"action":{"type":"string","required":true,"configurable":false},"enabled":{"type":"boolean","required":true,"configurable":false},"policy":{"type":"string","configurable":false},"role":{"model":"role","via":"permissions","plugin":"users-permissions","configurable":false},"created_by":{"model":"user","plugin":"admin","configurable":false,"writable":false,"visible":false,"private":true},"updated_by":{"model":"user","plugin":"admin","configurable":false,"writable":false,"visible":false,"private":true}}}	object	\N	\N
79	model_def_plugins::users-permissions.user	{"uid":"plugins::users-permissions.user","collectionName":"users-permissions_user","kind":"collectionType","info":{"name":"user","description":""},"options":{"draftAndPublish":false,"timestamps":["created_at","updated_at"]},"attributes":{"username":{"type":"string","minLength":3,"unique":true,"configurable":false,"required":true},"email":{"type":"email","minLength":6,"configurable":false,"required":true},"provider":{"type":"string","configurable":false},"password":{"type":"password","minLength":6,"configurable":false,"private":true},"resetPasswordToken":{"type":"string","configurable":false,"private":true},"confirmationToken":{"type":"string","configurable":false,"private":true},"confirmed":{"type":"boolean","default":false,"configurable":false},"blocked":{"type":"boolean","default":false,"configurable":false},"role":{"model":"role","via":"users","plugin":"users-permissions","configurable":false},"created_by":{"model":"user","plugin":"admin","configurable":false,"writable":false,"visible":false,"private":true},"updated_by":{"model":"user","plugin":"admin","configurable":false,"writable":false,"visible":false,"private":true}}}	object	\N	\N
28	plugin_users-permissions_grant	{"email":{"enabled":true,"icon":"envelope"},"discord":{"enabled":false,"icon":"discord","key":"","secret":"","callback":"/auth/discord/callback","scope":["identify","email"]},"facebook":{"enabled":false,"icon":"facebook-square","key":"","secret":"","callback":"/auth/facebook/callback","scope":["email"]},"google":{"enabled":false,"icon":"google","key":"","secret":"","callback":"/auth/google/callback","scope":["email"]},"github":{"enabled":false,"icon":"github","key":"","secret":"","callback":"/auth/github/callback","scope":["user","user:email"]},"microsoft":{"enabled":false,"icon":"windows","key":"","secret":"","callback":"/auth/microsoft/callback","scope":["user.read"]},"twitter":{"enabled":false,"icon":"twitter","key":"","secret":"","callback":"/auth/twitter/callback"},"instagram":{"enabled":false,"icon":"instagram","key":"","secret":"","callback":"/auth/instagram/callback","scope":["user_profile"]},"vk":{"enabled":false,"icon":"vk","key":"","secret":"","callback":"/auth/vk/callback","scope":["email"]},"twitch":{"enabled":false,"icon":"twitch","key":"","secret":"","callback":"/auth/twitch/callback","scope":["user:read:email"]},"linkedin":{"enabled":false,"icon":"linkedin","key":"","secret":"","callback":"/auth/linkedin/callback","scope":["r_liteprofile","r_emailaddress"]},"cognito":{"enabled":false,"icon":"aws","key":"","secret":"","subdomain":"my.subdomain.com","callback":"/auth/cognito/callback","scope":["email","openid","profile"]},"reddit":{"enabled":false,"icon":"reddit","key":"","secret":"","state":true,"callback":"/auth/reddit/callback","scope":["identity"]},"auth0":{"enabled":false,"icon":"","key":"","secret":"","subdomain":"my-tenant.eu","callback":"/auth/auth0/callback","scope":["openid","email","profile"]},"cas":{"enabled":false,"icon":"book","key":"","secret":"","callback":"/auth/cas/callback","scope":["openid email"],"subdomain":"my.subdomain.com/cas"}}	object		
80	plugin_content_manager_configuration_content_types::strapi::permission	{"uid":"strapi::permission","settings":{"bulkable":true,"filterable":true,"searchable":true,"pageSize":10,"mainField":"action","defaultSortBy":"action","defaultSortOrder":"ASC"},"metadatas":{"id":{"edit":{},"list":{"label":"Id","searchable":true,"sortable":true}},"action":{"edit":{"label":"Action","description":"","placeholder":"","visible":true,"editable":true},"list":{"label":"Action","searchable":true,"sortable":true}},"subject":{"edit":{"label":"Subject","description":"","placeholder":"","visible":true,"editable":true},"list":{"label":"Subject","searchable":true,"sortable":true}},"properties":{"edit":{"label":"Properties","description":"","placeholder":"","visible":true,"editable":true},"list":{"label":"Properties","searchable":false,"sortable":false}},"conditions":{"edit":{"label":"Conditions","description":"","placeholder":"","visible":true,"editable":true},"list":{"label":"Conditions","searchable":false,"sortable":false}},"role":{"edit":{"label":"Role","description":"","placeholder":"","visible":true,"editable":true,"mainField":"name"},"list":{"label":"Role","searchable":true,"sortable":true}},"created_at":{"edit":{"label":"Created_at","description":"","placeholder":"","visible":false,"editable":true},"list":{"label":"Created_at","searchable":true,"sortable":true}},"updated_at":{"edit":{"label":"Updated_at","description":"","placeholder":"","visible":false,"editable":true},"list":{"label":"Updated_at","searchable":true,"sortable":true}}},"layouts":{"list":["id","action","subject","role"],"editRelations":["role"],"edit":[[{"name":"action","size":6},{"name":"subject","size":6}],[{"name":"properties","size":12}],[{"name":"conditions","size":12}]]}}	object		
83	plugin_content_manager_configuration_content_types::strapi::role	{"uid":"strapi::role","settings":{"bulkable":true,"filterable":true,"searchable":true,"pageSize":10,"mainField":"name","defaultSortBy":"name","defaultSortOrder":"ASC"},"metadatas":{"id":{"edit":{},"list":{"label":"Id","searchable":true,"sortable":true}},"name":{"edit":{"label":"Name","description":"","placeholder":"","visible":true,"editable":true},"list":{"label":"Name","searchable":true,"sortable":true}},"code":{"edit":{"label":"Code","description":"","placeholder":"","visible":true,"editable":true},"list":{"label":"Code","searchable":true,"sortable":true}},"description":{"edit":{"label":"Description","description":"","placeholder":"","visible":true,"editable":true},"list":{"label":"Description","searchable":true,"sortable":true}},"users":{"edit":{"label":"Users","description":"","placeholder":"","visible":true,"editable":true,"mainField":"firstname"},"list":{"label":"Users","searchable":false,"sortable":false}},"permissions":{"edit":{"label":"Permissions","description":"","placeholder":"","visible":true,"editable":true,"mainField":"action"},"list":{"label":"Permissions","searchable":false,"sortable":false}},"created_at":{"edit":{"label":"Created_at","description":"","placeholder":"","visible":false,"editable":true},"list":{"label":"Created_at","searchable":true,"sortable":true}},"updated_at":{"edit":{"label":"Updated_at","description":"","placeholder":"","visible":false,"editable":true},"list":{"label":"Updated_at","searchable":true,"sortable":true}}},"layouts":{"list":["id","name","code","description"],"editRelations":["users","permissions"],"edit":[[{"name":"name","size":6},{"name":"code","size":6}],[{"name":"description","size":6}]]}}	object		
81	plugin_content_manager_configuration_content_types::application::learning-components.learning-components	{"uid":"application::learning-components.learning-components","settings":{"bulkable":true,"filterable":true,"searchable":true,"pageSize":10,"mainField":"type","defaultSortBy":"type","defaultSortOrder":"ASC"},"metadatas":{"id":{"edit":{},"list":{"label":"Id","searchable":true,"sortable":true}},"type":{"edit":{"label":"Type","description":"","placeholder":"","visible":true,"editable":true},"list":{"label":"Type","searchable":true,"sortable":true}},"days":{"edit":{"label":"Days","description":"","placeholder":"","visible":true,"editable":true,"mainField":"TekS"},"list":{"label":"Days","searchable":false,"sortable":false}},"learning_component_type":{"edit":{"label":"Learning_component_type","description":"","placeholder":"","visible":true,"editable":true,"mainField":"name"},"list":{"label":"Learning_component_type","searchable":true,"sortable":true}},"created_at":{"edit":{"label":"Created_at","description":"","placeholder":"","visible":false,"editable":true},"list":{"label":"Created_at","searchable":true,"sortable":true}},"updated_at":{"edit":{"label":"Updated_at","description":"","placeholder":"","visible":false,"editable":true},"list":{"label":"Updated_at","searchable":true,"sortable":true}}},"layouts":{"list":["id","type","days","learning_component_type"],"editRelations":["days","learning_component_type"],"edit":[[{"name":"type","size":6}]]}}	object		
34	plugin_content_manager_configuration_content_types::application::learning-standard.learning-standard	{"uid":"application::learning-standard.learning-standard","settings":{"bulkable":true,"filterable":true,"searchable":true,"pageSize":10,"mainField":"name","defaultSortBy":"name","defaultSortOrder":"ASC"},"metadatas":{"id":{"edit":{},"list":{"label":"Id","searchable":true,"sortable":true}},"number":{"edit":{"label":"Number","description":"","placeholder":"","visible":true,"editable":true},"list":{"label":"Number","searchable":true,"sortable":true}},"name":{"edit":{"label":"Name","description":"","placeholder":"","visible":true,"editable":true},"list":{"label":"Name","searchable":true,"sortable":true}},"expectations":{"edit":{"label":"Expectations","description":"","placeholder":"","visible":true,"editable":true},"list":{"label":"Expectations","searchable":true,"sortable":true}},"days":{"edit":{"label":"Days","description":"","placeholder":"","visible":true,"editable":true,"mainField":"id"},"list":{"label":"Days","searchable":false,"sortable":false}},"unit":{"edit":{"label":"Unit","description":"","placeholder":"","visible":true,"editable":true,"mainField":"name"},"list":{"label":"Unit","searchable":false,"sortable":false}},"teks":{"edit":{"label":"Teks","description":"","placeholder":"","visible":true,"editable":true},"list":{"label":"Teks","searchable":true,"sortable":true}},"link":{"edit":{"label":"Link","description":"","placeholder":"","visible":true,"editable":true},"list":{"label":"Link","searchable":true,"sortable":true}},"created_at":{"edit":{"label":"Created_at","description":"","placeholder":"","visible":false,"editable":true},"list":{"label":"Created_at","searchable":true,"sortable":true}},"updated_at":{"edit":{"label":"Updated_at","description":"","placeholder":"","visible":false,"editable":true},"list":{"label":"Updated_at","searchable":true,"sortable":true}}},"layouts":{"list":["id","number","name","expectations"],"edit":[[{"name":"number","size":4},{"name":"name","size":6}],[{"name":"expectations","size":6},{"name":"teks","size":6}],[{"name":"link","size":6}]],"editRelations":["unit","days"]}}	object		
32	plugin_content_manager_configuration_content_types::application::day.day	{"uid":"application::day.day","settings":{"bulkable":true,"filterable":true,"searchable":true,"pageSize":10,"mainField":"id","defaultSortBy":"id","defaultSortOrder":"ASC"},"metadatas":{"id":{"edit":{},"list":{"label":"Id","searchable":true,"sortable":true}},"learning_standard":{"edit":{"label":"Learning_standard","description":"","placeholder":"","visible":true,"editable":true,"mainField":"name"},"list":{"label":"Learning_standard","searchable":false,"sortable":false}},"number":{"edit":{"label":"Number","description":"","placeholder":"","visible":true,"editable":true},"list":{"label":"Number","searchable":true,"sortable":true}},"template":{"edit":{"label":"Template","description":"","placeholder":"","visible":true,"editable":true},"list":{"label":"Template","searchable":true,"sortable":true}},"blocks":{"edit":{"label":"Blocks","description":"","placeholder":"","visible":true,"editable":true,"mainField":"name"},"list":{"label":"Blocks","searchable":false,"sortable":false}},"description":{"edit":{"label":"Description","description":"","placeholder":"","visible":true,"editable":true},"list":{"label":"Description","searchable":true,"sortable":true}},"TekS":{"edit":{"label":"TekS","description":"","placeholder":"","visible":true,"editable":true},"list":{"label":"TekS","searchable":true,"sortable":true}},"link":{"edit":{"label":"Link","description":"","placeholder":"","visible":true,"editable":true},"list":{"label":"Link","searchable":true,"sortable":true}},"learning_components":{"edit":{"label":"Learning_components","description":"","placeholder":"","visible":true,"editable":true,"mainField":"type"},"list":{"label":"Learning_components","searchable":false,"sortable":false}},"created_at":{"edit":{"label":"Created_at","description":"","placeholder":"","visible":false,"editable":true},"list":{"label":"Created_at","searchable":true,"sortable":true}},"updated_at":{"edit":{"label":"Updated_at","description":"","placeholder":"","visible":false,"editable":true},"list":{"label":"Updated_at","searchable":true,"sortable":true}}},"layouts":{"list":["id","number","template","created_at"],"edit":[[{"name":"number","size":4},{"name":"template","size":6}],[{"name":"description","size":6},{"name":"TekS","size":6}],[{"name":"link","size":6}]],"editRelations":["learning_standard","blocks","learning_components"]}}	object		
85	core_admin_auth	{"providers":{"autoRegister":false,"defaultRole":null}}	object		
\.


--
-- Data for Name: days; Type: TABLE DATA; Schema: public; Owner: postgres
--

COPY public.days (id, learning_standard, number, template, created_at, updated_at, description, "TekS", link, created_by, updated_by) FROM stdin;
2	1	2	<xml xmlns="http://www.w3.org/1999/xhtml"><block type="controls_if" id="+tDwx%uD*;|/%MoHiBuD" x="72" y="141"><value name="IF0"><block type="variables_get" id="iQ,uNAfjOn;[Fhd|~lzS"><field name="VAR">item</field></block></value></block></xml>	2020-07-24 16:55:21.569+00	2021-10-02 21:58:51.183+00	My day 2 description	asfagagags	\N	\N	1
3	1	3	<xml xmlns="http://www.w3.org/1999/xhtml"><block type="io_digitalwrite" id="j#m#H23NIQH5Wz^I2c^G" x="70" y="224"><field name="PIN">0</field><value name="STATE"><block type="io_highlow" id="7.^n|ek_3R;_Q`K9M!;/"><field name="STATE">HIGH</field></block></value></block></xml>	2020-07-24 16:57:43.433+00	2021-10-02 21:58:59.376+00	My day 3 description	asfgbtrbt	\N	\N	1
1	1	1	<xml xmlns="http://www.w3.org/1999/xhtml"><block type="controls_if" id="QJ(1[6#4Ys@+p~@Ryl|Z" x="117" y="178"><value name="IF0"><block type="logic_compare" id="x5M=__I|GXzRT:u6nz]_"><field name="OP">EQ</field><value name="A"><block type="math_number" id="?L[7sHbFFX{X-d({Qgi!"><field name="NUM">0</field></block></value><value name="B"><block type="math_number" id="qfOmU9isz_01I8~u#sSW"><field name="NUM">0</field></block></value></block></value><statement name="DO0"><block type="math_change" id=";y@:{=LW6[@|j,1*.6C]"><field name="VAR">item</field><value name="DELTA"><block type="math_number" id="m0.eI+XUsK/KXsTo3}#B"><field name="NUM">0</field></block></value></block></statement></block></xml>	2020-07-24 16:44:20.743+00	2021-10-02 21:58:34.927+00	My day 1 description	dskahfioashf	https://www.google.com/	\N	1
\.


--
-- Data for Name: days__blocks; Type: TABLE DATA; Schema: public; Owner: postgres
--

COPY public.days__blocks (id, day_id, block_id) FROM stdin;
1	1	1
2	1	3
3	1	5
4	2	2
5	2	5
6	2	16
7	3	18
8	3	13
9	3	35
\.


--
-- Data for Name: days_learning_components__learning_components_days; Type: TABLE DATA; Schema: public; Owner: postgres
--

COPY public.days_learning_components__learning_components_days (id, "learning-component_id", day_id) FROM stdin;
1	1	1
2	3	1
3	2	1
4	1	2
5	2	2
6	3	3
7	2	3
\.


--
-- Data for Name: grades; Type: TABLE DATA; Schema: public; Owner: postgres
--

COPY public.grades (id, name, created_at, updated_at, created_by, updated_by) FROM stdin;
1	3rd	2020-07-24 16:21:23.774+00	2020-07-24 16:21:23.774+00	\N	\N
3	4th	2020-07-24 16:21:38.473+00	2020-07-24 16:21:38.473+00	\N	\N
4	5th	2020-07-24 16:21:42.095+00	2020-07-24 16:21:42.095+00	\N	\N
\.


--
-- Data for Name: learning_component_types; Type: TABLE DATA; Schema: public; Owner: postgres
--

COPY public.learning_component_types (id, name, published_at, created_by, updated_by, created_at, updated_at) FROM stdin;
3	Computation	2021-10-02 21:56:54.379+00	1	1	2021-10-02 21:56:48.228+00	2021-10-02 21:56:54.402+00
2	Making	2021-10-02 21:56:57.129+00	1	1	2021-10-02 21:56:39.898+00	2021-10-02 21:56:57.141+00
1	Science	2021-10-02 21:56:58.951+00	1	1	2021-10-02 21:56:30.366+00	2021-10-02 21:56:58.963+00
\.


--
-- Data for Name: learning_components; Type: TABLE DATA; Schema: public; Owner: postgres
--

COPY public.learning_components (id, type, learning_component_type, published_at, created_by, updated_by, created_at, updated_at) FROM stdin;
1	Science1	\N	2021-10-02 21:57:24.67+00	1	1	2021-10-02 21:57:19.738+00	2021-10-02 21:57:24.686+00
2	Making1	\N	2021-10-02 21:57:36.37+00	1	1	2021-10-02 21:57:35.171+00	2021-10-02 21:57:36.382+00
3	Computation1	\N	2021-10-02 21:57:46.404+00	1	1	2021-10-02 21:57:45.547+00	2021-10-02 21:57:46.42+00
\.


--
-- Data for Name: learning_standards; Type: TABLE DATA; Schema: public; Owner: postgres
--

COPY public.learning_standards (id, unit, number, name, expectations, created_at, updated_at, teks, link, created_by, updated_by) FROM stdin;
1	1	1.30	Mixtures and Solutions	Demonstrate that some mixtures maintain physical properties of their ingredients such as iron fillings and sand and sand and water.\nIdentify changes that can occur in the physical properties of the ingredients or solutions such as dissolving salt in water or adding lemon juice to water.	2020-07-24 16:53:26.737+00	2021-10-02 21:44:58.29+00	gaekgoiu	\N	\N	1
\.


--
-- Data for Name: mentors; Type: TABLE DATA; Schema: public; Owner: postgres
--

COPY public.mentors (id, first_name, last_name, school, "user", created_at, updated_at, created_by, updated_by) FROM stdin;
1	Basic	Mentor	1	1	2020-07-24 16:36:47.321+00	2020-07-24 16:37:42.699+00	\N	\N
\.


--
-- Data for Name: objective_types; Type: TABLE DATA; Schema: public; Owner: postgres
--

COPY public.objective_types (id, name, created_at, updated_at) FROM stdin;
1	Science	2020-07-24 16:20:21.205+00	2020-07-24 16:20:21.205+00
2	Making	2020-07-24 16:20:26.28+00	2020-07-24 16:20:26.28+00
3	Computation	2020-07-24 16:20:31.627+00	2020-07-24 16:20:31.627+00
\.


--
-- Data for Name: objectives; Type: TABLE DATA; Schema: public; Owner: postgres
--

COPY public.objectives (id, day, description, objective_type, created_at, updated_at) FROM stdin;
1	1	The students will build a circuit using batteries and switches.	2	2020-07-24 16:54:03.325+00	2020-07-24 17:15:10.5+00
2	1	The students will be identify conductors and insulators in the real world by predicting whether a given object will complete a circuit and testing their hypotheses.	1	2020-07-24 16:54:11.457+00	2020-07-24 17:15:10.5+00
3	2	The students will identify conductors and insulators in the real world by predicting whether a given object will complete a circuit and testing their hypotheses.	1	2020-07-24 16:56:41.649+00	2020-07-24 17:15:15.811+00
4	2	Students will create a circuit and complete it by finding conductors and insulators in the classroom.	2	2020-07-24 16:57:04.842+00	2020-07-24 17:15:15.811+00
5	3	Student can recognize the three states of matter. (ex. ice, water, water vapor), and can recognize thermal insulators and conductors in the real world.	1	2020-07-24 16:58:01.265+00	2020-07-24 17:15:26.196+00
6	3	Student will experiment to identify thermal conductors and insulators.	2	2020-07-24 16:58:11.291+00	2020-07-24 17:15:26.196+00
\.


--
-- Data for Name: saves; Type: TABLE DATA; Schema: public; Owner: postgres
--

COPY public.saves (id, day, student, session, workspace, created_at, updated_at, replay, created_by, updated_by) FROM stdin;
1	1	1	2	<xml xmlns="http://www.w3.org/1999/xhtml"><block type="controls_if" id="QJ(1[6#4Ys@+p~@Ryl|Z" x="117" y="178"><value name="IF0"><block type="logic_compare" id="x5M=__I|GXzRT:u6nz]_"><field name="OP">EQ</field><value name="A"><block type="math_number" id="?L[7sHbFFX{X-d({Qgi!"><field name="NUM">0</field></block></value><value name="B"><block type="math_number" id="qfOmU9isz_01I8~u#sSW"><field name="NUM">0</field></block></value></block></value><statement name="DO0"><block type="math_change" id=";y@:{=LW6[@|j,1*.6C]"><field name="VAR">item</field><value name="DELTA"><block type="math_number" id="m0.eI+XUsK/KXsTo3}#B"><field name="NUM">0</field></block></value></block></statement></block></xml>	2020-09-28 04:19:15.241+00	2020-09-28 04:19:15.246+00	\N	\N	\N
2	2	1	2	<xml xmlns="http://www.w3.org/1999/xhtml"><block type="controls_if" id="+tDwx%uD*;|/%MoHiBuD" x="72" y="141"><value name="IF0"><block type="variables_get" id="iQ,uNAfjOn;[Fhd|~lzS"><field name="VAR">item</field></block></value></block></xml>	2020-09-28 04:19:22.024+00	2020-09-28 04:19:22.029+00	\N	\N	\N
3	3	1	2	<xml xmlns="http://www.w3.org/1999/xhtml"><block type="io_digitalwrite" id="j#m#H23NIQH5Wz^I2c^G" x="70" y="224"><field name="PIN">0</field><value name="STATE"><block type="io_highlow" id="7.^n|ek_3R;_Q`K9M!;/"><field name="STATE">HIGH</field></block></value></block></xml>	2020-09-28 04:19:29.845+00	2020-09-28 04:19:29.853+00	\N	\N	\N
\.


--
-- Data for Name: schools; Type: TABLE DATA; Schema: public; Owner: postgres
--

COPY public.schools (id, name, county, state, created_at, updated_at, created_by, updated_by) FROM stdin;
1	University of Florida	Alachua	Florida	2020-07-24 16:28:32.713+00	2020-07-24 16:28:32.713+00	\N	\N
\.


--
-- Data for Name: selections; Type: TABLE DATA; Schema: public; Owner: postgres
--

COPY public.selections (id, classroom, learning_standard, current, created_at, updated_at, created_by, updated_by) FROM stdin;
1	1	1	t	2020-09-28 04:18:43.191+00	2020-09-28 04:18:43.196+00	\N	\N
\.


--
-- Data for Name: sessions; Type: TABLE DATA; Schema: public; Owner: postgres
--

COPY public.sessions (id, classroom, created_at, updated_at, created_by, updated_by) FROM stdin;
1	1	2020-09-28 04:17:35.021+00	2020-09-28 04:17:35.034+00	\N	\N
2	1	2020-09-28 04:19:04.36+00	2020-09-28 04:19:04.372+00	\N	\N
\.


--
-- Data for Name: sessions_students__students_sessions; Type: TABLE DATA; Schema: public; Owner: postgres
--

COPY public.sessions_students__students_sessions (id, student_id, session_id) FROM stdin;
1	2	1
2	1	1
3	1	2
\.


--
-- Data for Name: strapi_administrator; Type: TABLE DATA; Schema: public; Owner: postgres
--

COPY public.strapi_administrator (id, username, email, password, "resetPasswordToken", blocked, firstname, lastname, "registrationToken", "isActive", "preferedLanguage") FROM stdin;
1	test	test@mail.com	$2a$10$wFL8w4FwuZU5iRVnDBV/Hu3q3Hj.3ZlrMwEA.8ZXc4ssmRzfzv39K	\N	\N	\N	\N	\N	t	\N
\.


--
-- Data for Name: strapi_permission; Type: TABLE DATA; Schema: public; Owner: postgres
--

COPY public.strapi_permission (id, action, subject, properties, conditions, role, created_at, updated_at) FROM stdin;
1	plugins::content-manager.explorer.create	application::block.block	{"fields": ["name", "description", "blocks_category"]}	[]	2	2021-10-02 21:44:01.339+00	2021-10-02 21:44:01.36+00
2	plugins::content-manager.explorer.create	application::blocks-category.blocks-category	{"fields": ["name", "blocks"]}	[]	2	2021-10-02 21:44:01.339+00	2021-10-02 21:44:01.36+00
3	plugins::content-manager.explorer.create	application::classroom.classroom	{"fields": ["name", "school", "sessions", "mentors", "students", "code", "grade", "selections"]}	[]	2	2021-10-02 21:44:01.339+00	2021-10-02 21:44:01.36+00
4	plugins::content-manager.explorer.create	application::day.day	{"fields": ["learning_standard", "number", "template", "blocks", "description", "TekS", "link", "learning_components"]}	[]	2	2021-10-02 21:44:01.34+00	2021-10-02 21:44:01.361+00
5	plugins::content-manager.explorer.create	application::grade.grade	{"fields": ["name", "classrooms", "units"]}	[]	2	2021-10-02 21:44:01.34+00	2021-10-02 21:44:01.361+00
6	plugins::content-manager.explorer.create	application::learning-component-types.learning-component-types	{"fields": ["name", "learning_components"]}	[]	2	2021-10-02 21:44:01.34+00	2021-10-02 21:44:01.361+00
7	plugins::content-manager.explorer.create	application::learning-components.learning-components	{"fields": ["type", "days", "learning_component_type"]}	[]	2	2021-10-02 21:44:01.34+00	2021-10-02 21:44:01.361+00
8	plugins::content-manager.explorer.create	application::learning-standard.learning-standard	{"fields": ["number", "name", "expectations", "days", "unit", "teks", "link"]}	[]	2	2021-10-02 21:44:01.34+00	2021-10-02 21:44:01.361+00
9	plugins::content-manager.explorer.create	application::mentor.mentor	{"fields": ["first_name", "last_name", "school", "classrooms", "user"]}	[]	2	2021-10-02 21:44:01.34+00	2021-10-02 21:44:01.361+00
10	plugins::content-manager.explorer.create	application::save.save	{"fields": ["day", "student", "session", "workspace", "replay"]}	[]	2	2021-10-02 21:44:01.341+00	2021-10-02 21:44:01.361+00
11	plugins::content-manager.explorer.create	application::school.school	{"fields": ["name", "county", "state", "classrooms", "mentors"]}	[]	2	2021-10-02 21:44:01.341+00	2021-10-02 21:44:01.361+00
12	plugins::content-manager.explorer.create	application::selection.selection	{"fields": ["classroom", "learning_standard", "current"]}	[]	2	2021-10-02 21:44:01.341+00	2021-10-02 21:44:01.362+00
15	plugins::content-manager.explorer.create	application::submission.submission	{"fields": ["status", "workspace", "success", "hex", "stdout", "stderr", "board", "sketch", "sandbox", "session", "day", "job_id"]}	[]	2	2021-10-02 21:44:01.348+00	2021-10-02 21:44:01.366+00
13	plugins::content-manager.explorer.create	application::session.session	{"fields": ["classroom", "students", "submissions"]}	[]	2	2021-10-02 21:44:01.341+00	2021-10-02 21:44:01.366+00
14	plugins::content-manager.explorer.create	application::student.student	{"fields": ["name", "character", "classroom", "sessions", "enrolled", "last_logged_in"]}	[]	2	2021-10-02 21:44:01.341+00	2021-10-02 21:44:01.366+00
16	plugins::content-manager.explorer.create	application::unit.unit	{"fields": ["grade", "name", "teks_id", "teks_description", "number", "learning_standards"]}	[]	2	2021-10-02 21:44:01.393+00	2021-10-02 21:44:01.415+00
17	plugins::content-manager.explorer.read	application::block.block	{"fields": ["name", "description", "blocks_category"]}	[]	2	2021-10-02 21:44:01.397+00	2021-10-02 21:44:01.42+00
18	plugins::content-manager.explorer.read	application::blocks-category.blocks-category	{"fields": ["name", "blocks"]}	[]	2	2021-10-02 21:44:01.397+00	2021-10-02 21:44:01.42+00
19	plugins::content-manager.explorer.read	application::classroom.classroom	{"fields": ["name", "school", "sessions", "mentors", "students", "code", "grade", "selections"]}	[]	2	2021-10-02 21:44:01.397+00	2021-10-02 21:44:01.42+00
20	plugins::content-manager.explorer.read	application::day.day	{"fields": ["learning_standard", "number", "template", "blocks", "description", "TekS", "link", "learning_components"]}	[]	2	2021-10-02 21:44:01.397+00	2021-10-02 21:44:01.421+00
21	plugins::content-manager.explorer.read	application::grade.grade	{"fields": ["name", "classrooms", "units"]}	[]	2	2021-10-02 21:44:01.397+00	2021-10-02 21:44:01.421+00
22	plugins::content-manager.explorer.read	application::learning-components.learning-components	{"fields": ["type", "days", "learning_component_type"]}	[]	2	2021-10-02 21:44:01.403+00	2021-10-02 21:44:01.426+00
25	plugins::content-manager.explorer.read	application::mentor.mentor	{"fields": ["first_name", "last_name", "school", "classrooms", "user"]}	[]	2	2021-10-02 21:44:01.408+00	2021-10-02 21:44:01.431+00
26	plugins::content-manager.explorer.read	application::save.save	{"fields": ["day", "student", "session", "workspace", "replay"]}	[]	2	2021-10-02 21:44:01.409+00	2021-10-02 21:44:01.431+00
27	plugins::content-manager.explorer.read	application::school.school	{"fields": ["name", "county", "state", "classrooms", "mentors"]}	[]	2	2021-10-02 21:44:01.409+00	2021-10-02 21:44:01.431+00
23	plugins::content-manager.explorer.read	application::learning-standard.learning-standard	{"fields": ["number", "name", "expectations", "days", "unit", "teks", "link"]}	[]	2	2021-10-02 21:44:01.403+00	2021-10-02 21:44:01.426+00
39	plugins::content-manager.explorer.update	application::learning-components.learning-components	{"fields": ["type", "days", "learning_component_type"]}	[]	2	2021-10-02 21:44:01.464+00	2021-10-02 21:44:01.482+00
50	plugins::content-manager.explorer.delete	application::blocks-category.blocks-category	{}	[]	2	2021-10-02 21:44:01.518+00	2021-10-02 21:44:01.541+00
64	plugins::content-manager.explorer.delete	application::unit.unit	{}	[]	2	2021-10-02 21:44:01.579+00	2021-10-02 21:44:01.6+00
80	plugins::content-manager.explorer.create	application::mentor.mentor	{"fields": ["first_name", "last_name", "school", "classrooms", "user"]}	["admin::is-creator"]	3	2021-10-02 21:44:01.645+00	2021-10-02 21:44:01.666+00
97	plugins::content-manager.explorer.read	application::save.save	{"fields": ["day", "student", "session", "workspace", "replay"]}	["admin::is-creator"]	3	2021-10-02 21:44:01.704+00	2021-10-02 21:44:01.729+00
110	plugins::content-manager.explorer.update	application::learning-standard.learning-standard	{"fields": ["number", "name", "expectations", "days", "unit", "teks", "link"]}	["admin::is-creator"]	3	2021-10-02 21:44:01.77+00	2021-10-02 21:44:01.79+00
126	plugins::content-manager.explorer.delete	application::learning-components.learning-components	{}	["admin::is-creator"]	3	2021-10-02 21:44:01.827+00	2021-10-02 21:44:01.849+00
152	plugins::content-manager.explorer.create	application::selection.selection	{"fields": ["classroom", "learning_standard", "current"]}	[]	1	2021-10-02 21:44:01.959+00	2021-10-02 21:44:01.98+00
169	plugins::content-manager.explorer.read	application::selection.selection	{"fields": ["classroom", "learning_standard", "current"]}	[]	1	2021-10-02 21:44:02.019+00	2021-10-02 21:44:02.038+00
183	plugins::content-manager.explorer.update	application::mentor.mentor	{"fields": ["first_name", "last_name", "school", "classrooms", "user"]}	[]	1	2021-10-02 21:44:02.073+00	2021-10-02 21:44:02.091+00
199	plugins::content-manager.explorer.delete	application::learning-standard.learning-standard	{}	[]	1	2021-10-02 21:44:02.131+00	2021-10-02 21:44:02.15+00
213	plugins::content-manager.single-types.configure-view	\N	{}	[]	1	2021-10-02 21:44:02.186+00	2021-10-02 21:44:02.207+00
229	admin::webhooks.create	\N	{}	[]	1	2021-10-02 21:44:02.239+00	2021-10-02 21:44:02.256+00
24	plugins::content-manager.explorer.read	application::learning-component-types.learning-component-types	{"fields": ["name", "learning_components"]}	[]	2	2021-10-02 21:44:01.403+00	2021-10-02 21:44:01.426+00
37	plugins::content-manager.explorer.update	application::grade.grade	{"fields": ["name", "classrooms", "units"]}	[]	2	2021-10-02 21:44:01.464+00	2021-10-02 21:44:01.482+00
54	plugins::content-manager.explorer.delete	application::learning-component-types.learning-component-types	{}	[]	2	2021-10-02 21:44:01.519+00	2021-10-02 21:44:01.542+00
65	plugins::content-manager.explorer.publish	application::learning-component-types.learning-component-types	{}	[]	2	2021-10-02 21:44:01.579+00	2021-10-02 21:44:01.6+00
79	plugins::content-manager.explorer.create	application::learning-standard.learning-standard	{"fields": ["number", "name", "expectations", "days", "unit", "teks", "link"]}	["admin::is-creator"]	3	2021-10-02 21:44:01.644+00	2021-10-02 21:44:01.666+00
93	plugins::content-manager.explorer.read	application::learning-component-types.learning-component-types	{"fields": ["name", "learning_components"]}	["admin::is-creator"]	3	2021-10-02 21:44:01.704+00	2021-10-02 21:44:01.729+00
109	plugins::content-manager.explorer.update	application::learning-component-types.learning-component-types	{"fields": ["name", "learning_components"]}	["admin::is-creator"]	3	2021-10-02 21:44:01.765+00	2021-10-02 21:44:01.79+00
124	plugins::content-manager.explorer.delete	application::grade.grade	{}	["admin::is-creator"]	3	2021-10-02 21:44:01.827+00	2021-10-02 21:44:01.849+00
154	plugins::content-manager.explorer.create	application::student.student	{"fields": ["name", "character", "classroom", "sessions", "enrolled", "last_logged_in"]}	[]	1	2021-10-02 21:44:01.959+00	2021-10-02 21:44:01.983+00
170	plugins::content-manager.explorer.read	application::session.session	{"fields": ["classroom", "students", "submissions"]}	[]	1	2021-10-02 21:44:02.023+00	2021-10-02 21:44:02.043+00
185	plugins::content-manager.explorer.update	application::school.school	{"fields": ["name", "county", "state", "classrooms", "mentors"]}	[]	1	2021-10-02 21:44:02.081+00	2021-10-02 21:44:02.107+00
200	plugins::content-manager.explorer.delete	application::mentor.mentor	{}	[]	1	2021-10-02 21:44:02.154+00	2021-10-02 21:44:02.173+00
215	plugins::content-manager.components.configure-layout	\N	{}	[]	1	2021-10-02 21:44:02.207+00	2021-10-02 21:44:02.228+00
230	admin::webhooks.read	\N	{}	[]	1	2021-10-02 21:44:02.262+00	2021-10-02 21:44:02.287+00
28	plugins::content-manager.explorer.read	application::selection.selection	{"fields": ["classroom", "learning_standard", "current"]}	[]	2	2021-10-02 21:44:01.409+00	2021-10-02 21:44:01.432+00
43	plugins::content-manager.explorer.update	application::school.school	{"fields": ["name", "county", "state", "classrooms", "mentors"]}	[]	2	2021-10-02 21:44:01.468+00	2021-10-02 21:44:01.487+00
57	plugins::content-manager.explorer.delete	application::mentor.mentor	{}	[]	2	2021-10-02 21:44:01.53+00	2021-10-02 21:44:01.551+00
84	plugins::content-manager.explorer.create	application::session.session	{"fields": ["classroom", "students", "submissions"]}	["admin::is-creator"]	3	2021-10-02 21:44:01.646+00	2021-10-02 21:44:01.666+00
88	plugins::content-manager.explorer.read	application::block.block	{"fields": ["name", "description", "blocks_category"]}	["admin::is-creator"]	3	2021-10-02 21:44:01.703+00	2021-10-02 21:44:01.728+00
111	plugins::content-manager.explorer.update	application::learning-components.learning-components	{"fields": ["type", "days", "learning_component_type"]}	["admin::is-creator"]	3	2021-10-02 21:44:01.77+00	2021-10-02 21:44:01.79+00
123	plugins::content-manager.explorer.delete	application::day.day	{}	["admin::is-creator"]	3	2021-10-02 21:44:01.827+00	2021-10-02 21:44:01.848+00
144	plugins::content-manager.explorer.create	application::day.day	{"fields": ["learning_standard", "number", "template", "blocks", "description", "TekS", "link", "learning_components"]}	[]	1	2021-10-02 21:44:01.958+00	2021-10-02 21:44:01.979+00
159	plugins::content-manager.explorer.read	application::blocks-category.blocks-category	{"fields": ["name", "blocks"]}	[]	1	2021-10-02 21:44:02.01+00	2021-10-02 21:44:02.027+00
174	plugins::content-manager.explorer.read	plugins::users-permissions.user	{"fields": ["username", "email", "provider", "password", "resetPasswordToken", "confirmationToken", "confirmed", "blocked", "role"]}	[]	1	2021-10-02 21:44:02.064+00	2021-10-02 21:44:02.081+00
191	plugins::content-manager.explorer.update	plugins::users-permissions.user	{"fields": ["username", "email", "provider", "password", "resetPasswordToken", "confirmationToken", "confirmed", "blocked", "role"]}	[]	1	2021-10-02 21:44:02.124+00	2021-10-02 21:44:02.144+00
204	plugins::content-manager.explorer.delete	application::session.session	{}	[]	1	2021-10-02 21:44:02.176+00	2021-10-02 21:44:02.198+00
217	plugins::users-permissions.roles.read	\N	{}	[]	1	2021-10-02 21:44:02.23+00	2021-10-02 21:44:02.247+00
234	admin::users.read	\N	{}	[]	1	2021-10-02 21:44:02.288+00	2021-10-02 21:44:02.305+00
29	plugins::content-manager.explorer.read	application::session.session	{"fields": ["classroom", "students", "submissions"]}	[]	2	2021-10-02 21:44:01.409+00	2021-10-02 21:44:01.432+00
45	plugins::content-manager.explorer.update	application::session.session	{"fields": ["classroom", "students", "submissions"]}	[]	2	2021-10-02 21:44:01.469+00	2021-10-02 21:44:01.487+00
60	plugins::content-manager.explorer.delete	application::selection.selection	{}	[]	2	2021-10-02 21:44:01.53+00	2021-10-02 21:44:01.551+00
83	plugins::content-manager.explorer.create	application::selection.selection	{"fields": ["classroom", "learning_standard", "current"]}	["admin::is-creator"]	3	2021-10-02 21:44:01.646+00	2021-10-02 21:44:01.666+00
100	plugins::content-manager.explorer.read	application::student.student	{"fields": ["name", "character", "classroom", "sessions", "enrolled", "last_logged_in"]}	["admin::is-creator"]	3	2021-10-02 21:44:01.711+00	2021-10-02 21:44:01.735+00
115	plugins::content-manager.explorer.update	application::selection.selection	{"fields": ["classroom", "learning_standard", "current"]}	["admin::is-creator"]	3	2021-10-02 21:44:01.775+00	2021-10-02 21:44:01.795+00
128	plugins::content-manager.explorer.delete	application::mentor.mentor	{}	["admin::is-creator"]	3	2021-10-02 21:44:01.828+00	2021-10-02 21:44:01.849+00
151	plugins::content-manager.explorer.create	application::school.school	{"fields": ["name", "county", "state", "classrooms", "mentors"]}	[]	1	2021-10-02 21:44:01.959+00	2021-10-02 21:44:01.98+00
164	plugins::content-manager.explorer.read	application::learning-standard.learning-standard	{"fields": ["number", "name", "expectations", "days", "unit", "teks", "link"]}	[]	1	2021-10-02 21:44:02.014+00	2021-10-02 21:44:02.033+00
180	plugins::content-manager.explorer.update	application::learning-component-types.learning-component-types	{"fields": ["name", "learning_components"]}	[]	1	2021-10-02 21:44:02.068+00	2021-10-02 21:44:02.086+00
194	plugins::content-manager.explorer.delete	application::classroom.classroom	{}	[]	1	2021-10-02 21:44:02.125+00	2021-10-02 21:44:02.144+00
206	plugins::content-manager.explorer.delete	application::submission.submission	{}	[]	1	2021-10-02 21:44:02.176+00	2021-10-02 21:44:02.198+00
221	plugins::users-permissions.providers.update	\N	{}	[]	1	2021-10-02 21:44:02.231+00	2021-10-02 21:44:02.251+00
237	admin::roles.create	\N	{}	[]	1	2021-10-02 21:44:02.291+00	2021-10-02 21:44:02.304+00
30	plugins::content-manager.explorer.read	application::student.student	{"fields": ["name", "character", "classroom", "sessions", "enrolled", "last_logged_in"]}	[]	2	2021-10-02 21:44:01.41+00	2021-10-02 21:44:01.432+00
44	plugins::content-manager.explorer.update	application::selection.selection	{"fields": ["classroom", "learning_standard", "current"]}	[]	2	2021-10-02 21:44:01.468+00	2021-10-02 21:44:01.487+00
59	plugins::content-manager.explorer.delete	application::school.school	{}	[]	2	2021-10-02 21:44:01.53+00	2021-10-02 21:44:01.551+00
86	plugins::content-manager.explorer.create	application::submission.submission	{"fields": ["status", "workspace", "success", "hex", "stdout", "stderr", "board", "sketch", "sandbox", "session", "day", "job_id"]}	["admin::is-creator"]	3	2021-10-02 21:44:01.652+00	2021-10-02 21:44:01.67+00
99	plugins::content-manager.explorer.read	application::session.session	{"fields": ["classroom", "students", "submissions"]}	["admin::is-creator"]	3	2021-10-02 21:44:01.711+00	2021-10-02 21:44:01.734+00
112	plugins::content-manager.explorer.update	application::mentor.mentor	{"fields": ["first_name", "last_name", "school", "classrooms", "user"]}	["admin::is-creator"]	3	2021-10-02 21:44:01.775+00	2021-10-02 21:44:01.795+00
127	plugins::content-manager.explorer.delete	application::learning-standard.learning-standard	{}	["admin::is-creator"]	3	2021-10-02 21:44:01.828+00	2021-10-02 21:44:01.849+00
141	plugins::content-manager.explorer.create	application::block.block	{"fields": ["name", "description", "blocks_category"]}	[]	1	2021-10-02 21:44:01.957+00	2021-10-02 21:44:01.978+00
156	plugins::content-manager.explorer.create	application::unit.unit	{"fields": ["grade", "name", "teks_id", "teks_description", "number", "learning_standards"]}	[]	1	2021-10-02 21:44:02.009+00	2021-10-02 21:44:02.027+00
175	plugins::content-manager.explorer.update	application::block.block	{"fields": ["name", "description", "blocks_category"]}	[]	1	2021-10-02 21:44:02.064+00	2021-10-02 21:44:02.087+00
195	plugins::content-manager.explorer.delete	application::day.day	{}	[]	1	2021-10-02 21:44:02.125+00	2021-10-02 21:44:02.144+00
214	plugins::content-manager.collection-types.configure-view	\N	{}	[]	1	2021-10-02 21:44:02.187+00	2021-10-02 21:44:02.207+00
228	admin::marketplace.plugins.uninstall	\N	{}	[]	1	2021-10-02 21:44:02.239+00	2021-10-02 21:44:02.256+00
240	admin::roles.delete	\N	{}	[]	1	2021-10-02 21:44:02.294+00	2021-10-02 21:44:02.308+00
31	plugins::content-manager.explorer.read	application::submission.submission	{"fields": ["status", "workspace", "success", "hex", "stdout", "stderr", "board", "sketch", "sandbox", "session", "day", "job_id"]}	[]	2	2021-10-02 21:44:01.46+00	2021-10-02 21:44:01.477+00
46	plugins::content-manager.explorer.update	application::student.student	{"fields": ["name", "character", "classroom", "sessions", "enrolled", "last_logged_in"]}	[]	2	2021-10-02 21:44:01.515+00	2021-10-02 21:44:01.535+00
66	plugins::content-manager.explorer.publish	application::learning-components.learning-components	{}	[]	2	2021-10-02 21:44:01.579+00	2021-10-02 21:44:01.601+00
75	plugins::content-manager.explorer.create	application::day.day	{"fields": ["learning_standard", "number", "template", "blocks", "description", "TekS", "link", "learning_components"]}	["admin::is-creator"]	3	2021-10-02 21:44:01.644+00	2021-10-02 21:44:01.665+00
94	plugins::content-manager.explorer.read	application::learning-components.learning-components	{"fields": ["type", "days", "learning_component_type"]}	["admin::is-creator"]	3	2021-10-02 21:44:01.704+00	2021-10-02 21:44:01.729+00
104	plugins::content-manager.explorer.update	application::block.block	{"fields": ["name", "description", "blocks_category"]}	["admin::is-creator"]	3	2021-10-02 21:44:01.764+00	2021-10-02 21:44:01.785+00
120	plugins::content-manager.explorer.delete	application::block.block	{}	["admin::is-creator"]	3	2021-10-02 21:44:01.821+00	2021-10-02 21:44:01.839+00
134	plugins::content-manager.explorer.delete	application::submission.submission	{}	["admin::is-creator"]	3	2021-10-02 21:44:01.876+00	2021-10-02 21:44:01.89+00
149	plugins::content-manager.explorer.create	application::mentor.mentor	{"fields": ["first_name", "last_name", "school", "classrooms", "user"]}	[]	1	2021-10-02 21:44:01.958+00	2021-10-02 21:44:01.979+00
157	plugins::content-manager.explorer.create	plugins::users-permissions.user	{"fields": ["username", "email", "provider", "password", "resetPasswordToken", "confirmationToken", "confirmed", "blocked", "role"]}	[]	1	2021-10-02 21:44:02.01+00	2021-10-02 21:44:02.027+00
172	plugins::content-manager.explorer.read	application::submission.submission	{"fields": ["status", "workspace", "success", "hex", "stdout", "stderr", "board", "sketch", "sandbox", "session", "day", "job_id"]}	[]	1	2021-10-02 21:44:02.064+00	2021-10-02 21:44:02.081+00
187	plugins::content-manager.explorer.update	application::session.session	{"fields": ["classroom", "students", "submissions"]}	[]	1	2021-10-02 21:44:02.12+00	2021-10-02 21:44:02.139+00
203	plugins::content-manager.explorer.delete	application::selection.selection	{}	[]	1	2021-10-02 21:44:02.176+00	2021-10-02 21:44:02.198+00
218	plugins::users-permissions.roles.update	\N	{}	[]	1	2021-10-02 21:44:02.231+00	2021-10-02 21:44:02.248+00
233	admin::users.create	\N	{}	[]	1	2021-10-02 21:44:02.288+00	2021-10-02 21:44:02.301+00
32	plugins::content-manager.explorer.read	application::unit.unit	{"fields": ["grade", "name", "teks_id", "teks_description", "number", "learning_standards"]}	[]	2	2021-10-02 21:44:01.46+00	2021-10-02 21:44:01.477+00
47	plugins::content-manager.explorer.update	application::submission.submission	{"fields": ["status", "workspace", "success", "hex", "stdout", "stderr", "board", "sketch", "sandbox", "session", "day", "job_id"]}	[]	2	2021-10-02 21:44:01.515+00	2021-10-02 21:44:01.542+00
73	plugins::content-manager.explorer.create	application::block.block	{"fields": ["name", "description", "blocks_category"]}	["admin::is-creator"]	3	2021-10-02 21:44:01.643+00	2021-10-02 21:44:01.665+00
90	plugins::content-manager.explorer.read	application::classroom.classroom	{"fields": ["name", "school", "sessions", "mentors", "students", "code", "grade", "selections"]}	["admin::is-creator"]	3	2021-10-02 21:44:01.703+00	2021-10-02 21:44:01.728+00
107	plugins::content-manager.explorer.update	application::day.day	{"fields": ["learning_standard", "number", "template", "blocks", "description", "TekS", "link", "learning_components"]}	["admin::is-creator"]	3	2021-10-02 21:44:01.765+00	2021-10-02 21:44:01.785+00
125	plugins::content-manager.explorer.delete	application::learning-component-types.learning-component-types	{}	["admin::is-creator"]	3	2021-10-02 21:44:01.827+00	2021-10-02 21:44:01.849+00
143	plugins::content-manager.explorer.create	application::classroom.classroom	{"fields": ["name", "school", "sessions", "mentors", "students", "code", "grade", "selections"]}	[]	1	2021-10-02 21:44:01.957+00	2021-10-02 21:44:01.979+00
165	plugins::content-manager.explorer.read	application::mentor.mentor	{"fields": ["first_name", "last_name", "school", "classrooms", "user"]}	[]	1	2021-10-02 21:44:02.015+00	2021-10-02 21:44:02.033+00
177	plugins::content-manager.explorer.update	application::classroom.classroom	{"fields": ["name", "school", "sessions", "mentors", "students", "code", "grade", "selections"]}	[]	1	2021-10-02 21:44:02.068+00	2021-10-02 21:44:02.086+00
190	plugins::content-manager.explorer.update	application::unit.unit	{"fields": ["grade", "name", "teks_id", "teks_description", "number", "learning_standards"]}	[]	1	2021-10-02 21:44:02.124+00	2021-10-02 21:44:02.144+00
209	plugins::content-manager.explorer.publish	application::learning-component-types.learning-component-types	{}	[]	1	2021-10-02 21:44:02.177+00	2021-10-02 21:44:02.203+00
227	admin::marketplace.plugins.install	\N	{}	[]	1	2021-10-02 21:44:02.239+00	2021-10-02 21:44:02.256+00
33	plugins::content-manager.explorer.update	application::block.block	{"fields": ["name", "description", "blocks_category"]}	[]	2	2021-10-02 21:44:01.46+00	2021-10-02 21:44:01.478+00
53	plugins::content-manager.explorer.delete	application::grade.grade	{}	[]	2	2021-10-02 21:44:01.518+00	2021-10-02 21:44:01.542+00
76	plugins::content-manager.explorer.create	application::grade.grade	{"fields": ["name", "classrooms", "units"]}	["admin::is-creator"]	3	2021-10-02 21:44:01.644+00	2021-10-02 21:44:01.665+00
95	plugins::content-manager.explorer.read	application::learning-standard.learning-standard	{"fields": ["number", "name", "expectations", "days", "unit", "teks", "link"]}	["admin::is-creator"]	3	2021-10-02 21:44:01.704+00	2021-10-02 21:44:01.729+00
108	plugins::content-manager.explorer.update	application::grade.grade	{"fields": ["name", "classrooms", "units"]}	["admin::is-creator"]	3	2021-10-02 21:44:01.765+00	2021-10-02 21:44:01.785+00
122	plugins::content-manager.explorer.delete	application::classroom.classroom	{}	["admin::is-creator"]	3	2021-10-02 21:44:01.824+00	2021-10-02 21:44:01.844+00
135	plugins::content-manager.explorer.delete	application::unit.unit	{}	["admin::is-creator"]	3	2021-10-02 21:44:01.876+00	2021-10-02 21:44:01.89+00
147	plugins::content-manager.explorer.create	application::learning-components.learning-components	{"fields": ["type", "days", "learning_component_type"]}	[]	1	2021-10-02 21:44:01.958+00	2021-10-02 21:44:01.979+00
161	plugins::content-manager.explorer.read	application::day.day	{"fields": ["learning_standard", "number", "template", "blocks", "description", "TekS", "link", "learning_components"]}	[]	1	2021-10-02 21:44:02.011+00	2021-10-02 21:44:02.028+00
178	plugins::content-manager.explorer.update	application::day.day	{"fields": ["learning_standard", "number", "template", "blocks", "description", "TekS", "link", "learning_components"]}	[]	1	2021-10-02 21:44:02.068+00	2021-10-02 21:44:02.086+00
192	plugins::content-manager.explorer.delete	application::block.block	{}	[]	1	2021-10-02 21:44:02.125+00	2021-10-02 21:44:02.144+00
207	plugins::content-manager.explorer.delete	application::unit.unit	{}	[]	1	2021-10-02 21:44:02.177+00	2021-10-02 21:44:02.198+00
220	plugins::users-permissions.providers.read	\N	{}	[]	1	2021-10-02 21:44:02.231+00	2021-10-02 21:44:02.248+00
236	admin::users.delete	\N	{}	[]	1	2021-10-02 21:44:02.291+00	2021-10-02 21:44:02.304+00
34	plugins::content-manager.explorer.update	application::blocks-category.blocks-category	{"fields": ["name", "blocks"]}	[]	2	2021-10-02 21:44:01.46+00	2021-10-02 21:44:01.478+00
48	plugins::content-manager.explorer.update	application::unit.unit	{"fields": ["grade", "name", "teks_id", "teks_description", "number", "learning_standards"]}	[]	2	2021-10-02 21:44:01.517+00	2021-10-02 21:44:01.541+00
61	plugins::content-manager.explorer.delete	application::session.session	{}	[]	2	2021-10-02 21:44:01.578+00	2021-10-02 21:44:01.6+00
82	plugins::content-manager.explorer.create	application::school.school	{"fields": ["name", "county", "state", "classrooms", "mentors"]}	["admin::is-creator"]	3	2021-10-02 21:44:01.646+00	2021-10-02 21:44:01.666+00
96	plugins::content-manager.explorer.read	application::mentor.mentor	{"fields": ["first_name", "last_name", "school", "classrooms", "user"]}	["admin::is-creator"]	3	2021-10-02 21:44:01.704+00	2021-10-02 21:44:01.729+00
113	plugins::content-manager.explorer.update	application::save.save	{"fields": ["day", "student", "session", "workspace", "replay"]}	["admin::is-creator"]	3	2021-10-02 21:44:01.775+00	2021-10-02 21:44:01.795+00
131	plugins::content-manager.explorer.delete	application::selection.selection	{}	["admin::is-creator"]	3	2021-10-02 21:44:01.829+00	2021-10-02 21:44:01.849+00
155	plugins::content-manager.explorer.create	application::submission.submission	{"fields": ["status", "workspace", "success", "hex", "stdout", "stderr", "board", "sketch", "sandbox", "session", "day", "job_id"]}	[]	1	2021-10-02 21:44:01.965+00	2021-10-02 21:44:01.983+00
167	plugins::content-manager.explorer.read	application::save.save	{"fields": ["day", "student", "session", "workspace", "replay"]}	[]	1	2021-10-02 21:44:02.019+00	2021-10-02 21:44:02.038+00
182	plugins::content-manager.explorer.update	application::learning-standard.learning-standard	{"fields": ["number", "name", "expectations", "days", "unit", "teks", "link"]}	[]	1	2021-10-02 21:44:02.073+00	2021-10-02 21:44:02.091+00
197	plugins::content-manager.explorer.delete	application::learning-component-types.learning-component-types	{}	[]	1	2021-10-02 21:44:02.13+00	2021-10-02 21:44:02.15+00
211	plugins::content-type-builder.read	\N	{}	[]	1	2021-10-02 21:44:02.181+00	2021-10-02 21:44:02.202+00
225	plugins::users-permissions.advanced-settings.update	\N	{}	[]	1	2021-10-02 21:44:02.238+00	2021-10-02 21:44:02.256+00
35	plugins::content-manager.explorer.update	application::classroom.classroom	{"fields": ["name", "school", "sessions", "mentors", "students", "code", "grade", "selections"]}	[]	2	2021-10-02 21:44:01.46+00	2021-10-02 21:44:01.482+00
51	plugins::content-manager.explorer.delete	application::classroom.classroom	{}	[]	2	2021-10-02 21:44:01.518+00	2021-10-02 21:44:01.541+00
62	plugins::content-manager.explorer.delete	application::student.student	{}	[]	2	2021-10-02 21:44:01.578+00	2021-10-02 21:44:01.6+00
78	plugins::content-manager.explorer.create	application::learning-components.learning-components	{"fields": ["type", "days", "learning_component_type"]}	["admin::is-creator"]	3	2021-10-02 21:44:01.644+00	2021-10-02 21:44:01.665+00
92	plugins::content-manager.explorer.read	application::grade.grade	{"fields": ["name", "classrooms", "units"]}	["admin::is-creator"]	3	2021-10-02 21:44:01.703+00	2021-10-02 21:44:01.729+00
105	plugins::content-manager.explorer.update	application::blocks-category.blocks-category	{"fields": ["name", "blocks"]}	["admin::is-creator"]	3	2021-10-02 21:44:01.764+00	2021-10-02 21:44:01.785+00
121	plugins::content-manager.explorer.delete	application::blocks-category.blocks-category	{}	["admin::is-creator"]	3	2021-10-02 21:44:01.821+00	2021-10-02 21:44:01.844+00
142	plugins::content-manager.explorer.create	application::blocks-category.blocks-category	{"fields": ["name", "blocks"]}	[]	1	2021-10-02 21:44:01.957+00	2021-10-02 21:44:01.978+00
162	plugins::content-manager.explorer.read	application::grade.grade	{"fields": ["name", "classrooms", "units"]}	[]	1	2021-10-02 21:44:02.011+00	2021-10-02 21:44:02.033+00
179	plugins::content-manager.explorer.update	application::grade.grade	{"fields": ["name", "classrooms", "units"]}	[]	1	2021-10-02 21:44:02.068+00	2021-10-02 21:44:02.086+00
193	plugins::content-manager.explorer.delete	application::blocks-category.blocks-category	{}	[]	1	2021-10-02 21:44:02.125+00	2021-10-02 21:44:02.144+00
205	plugins::content-manager.explorer.delete	application::student.student	{}	[]	1	2021-10-02 21:44:02.176+00	2021-10-02 21:44:02.198+00
219	plugins::users-permissions.roles.delete	\N	{}	[]	1	2021-10-02 21:44:02.231+00	2021-10-02 21:44:02.248+00
232	admin::webhooks.delete	\N	{}	[]	1	2021-10-02 21:44:02.287+00	2021-10-02 21:44:02.301+00
36	plugins::content-manager.explorer.update	application::day.day	{"fields": ["learning_standard", "number", "template", "blocks", "description", "TekS", "link", "learning_components"]}	[]	2	2021-10-02 21:44:01.463+00	2021-10-02 21:44:01.482+00
52	plugins::content-manager.explorer.delete	application::day.day	{}	[]	2	2021-10-02 21:44:01.518+00	2021-10-02 21:44:01.542+00
77	plugins::content-manager.explorer.create	application::learning-component-types.learning-component-types	{"fields": ["name", "learning_components"]}	["admin::is-creator"]	3	2021-10-02 21:44:01.644+00	2021-10-02 21:44:01.665+00
101	plugins::content-manager.explorer.read	application::school.school	{"fields": ["name", "county", "state", "classrooms", "mentors"]}	["admin::is-creator"]	3	2021-10-02 21:44:01.711+00	2021-10-02 21:44:01.735+00
114	plugins::content-manager.explorer.update	application::school.school	{"fields": ["name", "county", "state", "classrooms", "mentors"]}	["admin::is-creator"]	3	2021-10-02 21:44:01.775+00	2021-10-02 21:44:01.795+00
129	plugins::content-manager.explorer.delete	application::save.save	{}	["admin::is-creator"]	3	2021-10-02 21:44:01.828+00	2021-10-02 21:44:01.849+00
150	plugins::content-manager.explorer.create	application::save.save	{"fields": ["day", "student", "session", "workspace", "replay"]}	[]	1	2021-10-02 21:44:01.958+00	2021-10-02 21:44:01.979+00
166	plugins::content-manager.explorer.read	application::learning-component-types.learning-component-types	{"fields": ["name", "learning_components"]}	[]	1	2021-10-02 21:44:02.015+00	2021-10-02 21:44:02.033+00
181	plugins::content-manager.explorer.update	application::learning-components.learning-components	{"fields": ["type", "days", "learning_component_type"]}	[]	1	2021-10-02 21:44:02.072+00	2021-10-02 21:44:02.091+00
196	plugins::content-manager.explorer.delete	application::grade.grade	{}	[]	1	2021-10-02 21:44:02.13+00	2021-10-02 21:44:02.15+00
212	plugins::email.settings.read	\N	{}	[]	1	2021-10-02 21:44:02.181+00	2021-10-02 21:44:02.202+00
226	admin::marketplace.read	\N	{}	[]	1	2021-10-02 21:44:02.238+00	2021-10-02 21:44:02.256+00
239	admin::roles.update	\N	{}	[]	1	2021-10-02 21:44:02.294+00	2021-10-02 21:44:02.308+00
38	plugins::content-manager.explorer.update	application::learning-component-types.learning-component-types	{"fields": ["name", "learning_components"]}	[]	2	2021-10-02 21:44:01.464+00	2021-10-02 21:44:01.482+00
49	plugins::content-manager.explorer.delete	application::block.block	{}	[]	2	2021-10-02 21:44:01.518+00	2021-10-02 21:44:01.541+00
63	plugins::content-manager.explorer.delete	application::submission.submission	{}	[]	2	2021-10-02 21:44:01.578+00	2021-10-02 21:44:01.6+00
81	plugins::content-manager.explorer.create	application::save.save	{"fields": ["day", "student", "session", "workspace", "replay"]}	["admin::is-creator"]	3	2021-10-02 21:44:01.645+00	2021-10-02 21:44:01.666+00
91	plugins::content-manager.explorer.read	application::day.day	{"fields": ["learning_standard", "number", "template", "blocks", "description", "TekS", "link", "learning_components"]}	["admin::is-creator"]	3	2021-10-02 21:44:01.703+00	2021-10-02 21:44:01.729+00
106	plugins::content-manager.explorer.update	application::classroom.classroom	{"fields": ["name", "school", "sessions", "mentors", "students", "code", "grade", "selections"]}	["admin::is-creator"]	3	2021-10-02 21:44:01.764+00	2021-10-02 21:44:01.785+00
118	plugins::content-manager.explorer.update	application::submission.submission	{"fields": ["status", "workspace", "success", "hex", "stdout", "stderr", "board", "sketch", "sandbox", "session", "day", "job_id"]}	["admin::is-creator"]	3	2021-10-02 21:44:01.82+00	2021-10-02 21:44:01.839+00
133	plugins::content-manager.explorer.delete	application::student.student	{}	["admin::is-creator"]	3	2021-10-02 21:44:01.875+00	2021-10-02 21:44:01.89+00
145	plugins::content-manager.explorer.create	application::grade.grade	{"fields": ["name", "classrooms", "units"]}	[]	1	2021-10-02 21:44:01.958+00	2021-10-02 21:44:01.979+00
158	plugins::content-manager.explorer.read	application::block.block	{"fields": ["name", "description", "blocks_category"]}	[]	1	2021-10-02 21:44:02.01+00	2021-10-02 21:44:02.027+00
171	plugins::content-manager.explorer.read	application::student.student	{"fields": ["name", "character", "classroom", "sessions", "enrolled", "last_logged_in"]}	[]	1	2021-10-02 21:44:02.064+00	2021-10-02 21:44:02.081+00
186	plugins::content-manager.explorer.update	application::selection.selection	{"fields": ["classroom", "learning_standard", "current"]}	[]	1	2021-10-02 21:44:02.12+00	2021-10-02 21:44:02.139+00
201	plugins::content-manager.explorer.delete	application::save.save	{}	[]	1	2021-10-02 21:44:02.173+00	2021-10-02 21:44:02.198+00
222	plugins::users-permissions.email-templates.read	\N	{}	[]	1	2021-10-02 21:44:02.234+00	2021-10-02 21:44:02.251+00
235	admin::users.update	\N	{}	[]	1	2021-10-02 21:44:02.29+00	2021-10-02 21:44:02.304+00
40	plugins::content-manager.explorer.update	application::learning-standard.learning-standard	{"fields": ["number", "name", "expectations", "days", "unit", "teks", "link"]}	[]	2	2021-10-02 21:44:01.468+00	2021-10-02 21:44:01.486+00
55	plugins::content-manager.explorer.delete	application::learning-components.learning-components	{}	[]	2	2021-10-02 21:44:01.523+00	2021-10-02 21:44:01.546+00
69	plugins::upload.assets.update	\N	{}	[]	2	2021-10-02 21:44:01.583+00	2021-10-02 21:44:01.605+00
74	plugins::content-manager.explorer.create	application::classroom.classroom	{"fields": ["name", "school", "sessions", "mentors", "students", "code", "grade", "selections"]}	["admin::is-creator"]	3	2021-10-02 21:44:01.644+00	2021-10-02 21:44:01.665+00
89	plugins::content-manager.explorer.read	application::blocks-category.blocks-category	{"fields": ["name", "blocks"]}	["admin::is-creator"]	3	2021-10-02 21:44:01.703+00	2021-10-02 21:44:01.728+00
103	plugins::content-manager.explorer.read	application::unit.unit	{"fields": ["grade", "name", "teks_id", "teks_description", "number", "learning_standards"]}	["admin::is-creator"]	3	2021-10-02 21:44:01.764+00	2021-10-02 21:44:01.784+00
119	plugins::content-manager.explorer.update	application::unit.unit	{"fields": ["grade", "name", "teks_id", "teks_description", "number", "learning_standards"]}	["admin::is-creator"]	3	2021-10-02 21:44:01.82+00	2021-10-02 21:44:01.839+00
136	plugins::upload.read	\N	{}	["admin::is-creator"]	3	2021-10-02 21:44:01.878+00	2021-10-02 21:44:01.89+00
148	plugins::content-manager.explorer.create	application::learning-standard.learning-standard	{"fields": ["number", "name", "expectations", "days", "unit", "teks", "link"]}	[]	1	2021-10-02 21:44:01.958+00	2021-10-02 21:44:01.979+00
160	plugins::content-manager.explorer.read	application::classroom.classroom	{"fields": ["name", "school", "sessions", "mentors", "students", "code", "grade", "selections"]}	[]	1	2021-10-02 21:44:02.01+00	2021-10-02 21:44:02.027+00
173	plugins::content-manager.explorer.read	application::unit.unit	{"fields": ["grade", "name", "teks_id", "teks_description", "number", "learning_standards"]}	[]	1	2021-10-02 21:44:02.064+00	2021-10-02 21:44:02.081+00
188	plugins::content-manager.explorer.update	application::student.student	{"fields": ["name", "character", "classroom", "sessions", "enrolled", "last_logged_in"]}	[]	1	2021-10-02 21:44:02.12+00	2021-10-02 21:44:02.139+00
202	plugins::content-manager.explorer.delete	application::school.school	{}	[]	1	2021-10-02 21:44:02.176+00	2021-10-02 21:44:02.197+00
216	plugins::users-permissions.roles.create	\N	{}	[]	1	2021-10-02 21:44:02.23+00	2021-10-02 21:44:02.247+00
231	admin::webhooks.update	\N	{}	[]	1	2021-10-02 21:44:02.287+00	2021-10-02 21:44:02.301+00
41	plugins::content-manager.explorer.update	application::mentor.mentor	{"fields": ["first_name", "last_name", "school", "classrooms", "user"]}	[]	2	2021-10-02 21:44:01.468+00	2021-10-02 21:44:01.487+00
56	plugins::content-manager.explorer.delete	application::learning-standard.learning-standard	{}	[]	2	2021-10-02 21:44:01.53+00	2021-10-02 21:44:01.551+00
71	plugins::upload.assets.copy-link	\N	{}	[]	2	2021-10-02 21:44:01.589+00	2021-10-02 21:44:01.61+00
72	plugins::content-manager.explorer.create	application::blocks-category.blocks-category	{"fields": ["name", "blocks"]}	["admin::is-creator"]	3	2021-10-02 21:44:01.643+00	2021-10-02 21:44:01.665+00
87	plugins::content-manager.explorer.create	application::unit.unit	{"fields": ["grade", "name", "teks_id", "teks_description", "number", "learning_standards"]}	["admin::is-creator"]	3	2021-10-02 21:44:01.698+00	2021-10-02 21:44:01.723+00
102	plugins::content-manager.explorer.read	application::submission.submission	{"fields": ["status", "workspace", "success", "hex", "stdout", "stderr", "board", "sketch", "sandbox", "session", "day", "job_id"]}	["admin::is-creator"]	3	2021-10-02 21:44:01.763+00	2021-10-02 21:44:01.784+00
117	plugins::content-manager.explorer.update	application::student.student	{"fields": ["name", "character", "classroom", "sessions", "enrolled", "last_logged_in"]}	["admin::is-creator"]	3	2021-10-02 21:44:01.82+00	2021-10-02 21:44:01.839+00
132	plugins::content-manager.explorer.delete	application::session.session	{}	["admin::is-creator"]	3	2021-10-02 21:44:01.874+00	2021-10-02 21:44:01.887+00
146	plugins::content-manager.explorer.create	application::learning-component-types.learning-component-types	{"fields": ["name", "learning_components"]}	[]	1	2021-10-02 21:44:01.958+00	2021-10-02 21:44:01.979+00
163	plugins::content-manager.explorer.read	application::learning-components.learning-components	{"fields": ["type", "days", "learning_component_type"]}	[]	1	2021-10-02 21:44:02.014+00	2021-10-02 21:44:02.032+00
176	plugins::content-manager.explorer.update	application::blocks-category.blocks-category	{"fields": ["name", "blocks"]}	[]	1	2021-10-02 21:44:02.068+00	2021-10-02 21:44:02.086+00
189	plugins::content-manager.explorer.update	application::submission.submission	{"fields": ["status", "workspace", "success", "hex", "stdout", "stderr", "board", "sketch", "sandbox", "session", "day", "job_id"]}	[]	1	2021-10-02 21:44:02.124+00	2021-10-02 21:44:02.143+00
208	plugins::content-manager.explorer.delete	plugins::users-permissions.user	{}	[]	1	2021-10-02 21:44:02.177+00	2021-10-02 21:44:02.198+00
223	plugins::users-permissions.email-templates.update	\N	{}	[]	1	2021-10-02 21:44:02.238+00	2021-10-02 21:44:02.255+00
238	admin::roles.read	\N	{}	[]	1	2021-10-02 21:44:02.294+00	2021-10-02 21:44:02.308+00
42	plugins::content-manager.explorer.update	application::save.save	{"fields": ["day", "student", "session", "workspace", "replay"]}	[]	2	2021-10-02 21:44:01.468+00	2021-10-02 21:44:01.487+00
58	plugins::content-manager.explorer.delete	application::save.save	{}	[]	2	2021-10-02 21:44:01.53+00	2021-10-02 21:44:01.551+00
85	plugins::content-manager.explorer.create	application::student.student	{"fields": ["name", "character", "classroom", "sessions", "enrolled", "last_logged_in"]}	["admin::is-creator"]	3	2021-10-02 21:44:01.646+00	2021-10-02 21:44:01.67+00
98	plugins::content-manager.explorer.read	application::selection.selection	{"fields": ["classroom", "learning_standard", "current"]}	["admin::is-creator"]	3	2021-10-02 21:44:01.71+00	2021-10-02 21:44:01.734+00
116	plugins::content-manager.explorer.update	application::session.session	{"fields": ["classroom", "students", "submissions"]}	["admin::is-creator"]	3	2021-10-02 21:44:01.776+00	2021-10-02 21:44:01.795+00
130	plugins::content-manager.explorer.delete	application::school.school	{}	["admin::is-creator"]	3	2021-10-02 21:44:01.828+00	2021-10-02 21:44:01.849+00
153	plugins::content-manager.explorer.create	application::session.session	{"fields": ["classroom", "students", "submissions"]}	[]	1	2021-10-02 21:44:01.959+00	2021-10-02 21:44:01.98+00
168	plugins::content-manager.explorer.read	application::school.school	{"fields": ["name", "county", "state", "classrooms", "mentors"]}	[]	1	2021-10-02 21:44:02.019+00	2021-10-02 21:44:02.038+00
184	plugins::content-manager.explorer.update	application::save.save	{"fields": ["day", "student", "session", "workspace", "replay"]}	[]	1	2021-10-02 21:44:02.073+00	2021-10-02 21:44:02.091+00
198	plugins::content-manager.explorer.delete	application::learning-components.learning-components	{}	[]	1	2021-10-02 21:44:02.131+00	2021-10-02 21:44:02.15+00
210	plugins::content-manager.explorer.publish	application::learning-components.learning-components	{}	[]	1	2021-10-02 21:44:02.181+00	2021-10-02 21:44:02.202+00
224	plugins::users-permissions.advanced-settings.read	\N	{}	[]	1	2021-10-02 21:44:02.238+00	2021-10-02 21:44:02.256+00
\.


--
-- Data for Name: strapi_role; Type: TABLE DATA; Schema: public; Owner: postgres
--

COPY public.strapi_role (id, name, code, description, created_at, updated_at) FROM stdin;
1	Super Admin	strapi-super-admin	Super Admins can access and manage all features and settings.	2021-10-02 21:44:01.287+00	2021-10-02 21:44:01.287+00
2	Editor	strapi-editor	Editors can manage and publish contents including those of other users.	2021-10-02 21:44:01.301+00	2021-10-02 21:44:01.301+00
3	Author	strapi-author	Authors can manage the content they have created.	2021-10-02 21:44:01.309+00	2021-10-02 21:44:01.309+00
\.


--
-- Data for Name: strapi_users_roles; Type: TABLE DATA; Schema: public; Owner: postgres
--

COPY public.strapi_users_roles (id, user_id, role_id) FROM stdin;
1	1	1
\.


--
-- Data for Name: strapi_webhooks; Type: TABLE DATA; Schema: public; Owner: postgres
--

COPY public.strapi_webhooks (id, name, url, headers, events, enabled) FROM stdin;
\.


--
-- Data for Name: students; Type: TABLE DATA; Schema: public; Owner: postgres
--

COPY public.students (id, name, "character", classroom, enrolled, last_logged_in, created_at, updated_at, created_by, updated_by) FROM stdin;
3	Dakota R.		1	t	\N	2020-07-24 16:38:45.333+00	2020-07-24 16:52:02.266+00	\N	\N
2	Adam T.		1	t	2020-09-28 04:17:35.046+00	2020-07-24 16:38:28.699+00	2020-09-28 04:17:35.066+00	\N	\N
1	Nick I.		1	t	2020-09-28 04:19:04.384+00	2020-07-24 16:38:25.252+00	2020-09-28 04:19:04.402+00	\N	\N
\.


--
-- Data for Name: submissions; Type: TABLE DATA; Schema: public; Owner: postgres
--

COPY public.submissions (id, status, workspace, success, hex, stdout, stderr, board, sketch, sandbox, session, day, job_id, created_at, updated_at, created_by, updated_by) FROM stdin;
\.


--
-- Data for Name: teachers; Type: TABLE DATA; Schema: public; Owner: postgres
--

COPY public.teachers (id, first_name, last_name, school, "user", created_at, updated_at) FROM stdin;
1	Basic	Teacher	1	3	2021-01-10 01:45:00.294+00	2021-01-10 01:45:00.304+00
\.


--
-- Data for Name: units; Type: TABLE DATA; Schema: public; Owner: postgres
--

COPY public.units (id, grade, number, name, teks_id, teks_description, created_at, updated_at, created_by, updated_by) FROM stdin;
1	4	1	Matter and Energy	5.5A	Students will be able to classify matter based on physical properties, including mass, magnetism, physical state (solid, liquid, and gas), relative density (sinking and floating), solubility in water, and the ability to conduct or insulate thermal energy or electrical energy.	2020-07-24 16:45:51.189+00	2020-07-24 16:51:54.754+00	\N	\N
\.


--
-- Data for Name: upload_file; Type: TABLE DATA; Schema: public; Owner: postgres
--

COPY public.upload_file (id, name, "alternativeText", caption, width, height, formats, hash, ext, mime, size, url, "previewUrl", provider, provider_metadata, created_at, updated_at) FROM stdin;
\.


--
-- Data for Name: upload_file_morph; Type: TABLE DATA; Schema: public; Owner: postgres
--

COPY public.upload_file_morph (id, upload_file_id, related_id, related_type, field, "order") FROM stdin;
\.


--
-- Data for Name: users-permissions_permission; Type: TABLE DATA; Schema: public; Owner: postgres
--

COPY public."users-permissions_permission" (id, type, controller, action, enabled, policy, role, created_by, updated_by) FROM stdin;
1	application	block	count	f		1	\N	\N
2	application	block	count	f		2	\N	\N
3	application	block	create	f		1	\N	\N
4	application	block	create	f		2	\N	\N
5	application	block	delete	f		1	\N	\N
6	application	block	delete	f		2	\N	\N
7	application	block	find	f		1	\N	\N
8	application	block	find	f		2	\N	\N
9	application	block	findone	f		1	\N	\N
10	application	block	findone	f		2	\N	\N
11	application	block	update	f		1	\N	\N
12	application	block	update	f		2	\N	\N
13	application	blocks-category	count	f		1	\N	\N
14	application	blocks-category	count	f		2	\N	\N
15	application	blocks-category	create	f		1	\N	\N
16	application	blocks-category	create	f		2	\N	\N
17	application	blocks-category	delete	f		1	\N	\N
18	application	blocks-category	delete	f		2	\N	\N
19	application	blocks-category	find	f		1	\N	\N
20	application	blocks-category	find	f		2	\N	\N
21	application	blocks-category	findone	f		1	\N	\N
22	application	blocks-category	findone	f		2	\N	\N
23	application	blocks-category	update	f		1	\N	\N
24	application	blocks-category	update	f		2	\N	\N
38	application	classroom	initjoin	t		2	\N	\N
26	application	classroom-manager	me	f		2	\N	\N
27	application	classroom	count	f		1	\N	\N
29	application	classroom	create	f		1	\N	\N
28	application	classroom	count	f		2	\N	\N
30	application	classroom	create	f		2	\N	\N
31	application	classroom	delete	f		1	\N	\N
32	application	classroom	delete	f		2	\N	\N
33	application	classroom	find	f		1	\N	\N
34	application	classroom	find	f		2	\N	\N
40	application	classroom	join	t		2	\N	\N
36	application	classroom	findone	f		2	\N	\N
37	application	classroom	initjoin	f		1	\N	\N
39	application	classroom	join	f		1	\N	\N
339	application	mentor	find	f		3	\N	\N
41	application	classroom	update	f		1	\N	\N
42	application	classroom	update	f		2	\N	\N
43	application	day	count	f		1	\N	\N
44	application	day	count	f		2	\N	\N
46	application	day	create	f		2	\N	\N
48	application	day	delete	f		2	\N	\N
50	application	day	find	f		2	\N	\N
52	application	day	findone	f		2	\N	\N
54	application	day	update	f		2	\N	\N
55	application	grade	count	f		1	\N	\N
56	application	grade	count	f		2	\N	\N
57	application	grade	create	f		1	\N	\N
58	application	grade	create	f		2	\N	\N
59	application	grade	delete	f		1	\N	\N
60	application	grade	delete	f		2	\N	\N
74	application	learning-standard	find	f		2	\N	\N
76	application	learning-standard	findone	f		2	\N	\N
89	application	mentor	me	f		1	\N	\N
90	application	mentor	me	f		2	\N	\N
91	application	mentor	update	f		1	\N	\N
119	application	school	count	f		1	\N	\N
120	application	school	count	f		2	\N	\N
121	application	school	create	f		1	\N	\N
134	application	selection	create	f		2	\N	\N
135	application	selection	delete	f		1	\N	\N
136	application	selection	delete	f		2	\N	\N
149	application	session	find	f		1	\N	\N
150	application	session	find	f		2	\N	\N
151	application	session	findone	f		1	\N	\N
164	application	student	find	f		2	\N	\N
165	application	student	findone	f		1	\N	\N
166	application	student	findone	f		2	\N	\N
194	application	unit	update	f		2	\N	\N
225	content-type-builder	builder	getreservednames	f		1	\N	\N
226	content-type-builder	builder	getreservednames	f		2	\N	\N
239	content-type-builder	components	updatecomponent	f		1	\N	\N
240	content-type-builder	components	updatecomponent	f		2	\N	\N
241	content-type-builder	connections	getconnections	f		1	\N	\N
254	email	email	send	f		2	\N	\N
284	users-permissions	auth	resetpassword	f		2	\N	\N
285	users-permissions	auth	sendemailconfirmation	f		1	\N	\N
35	application	classroom	findone	t		1	\N	\N
25	application	classroom-manager	me	t		1	\N	\N
354	application	unit	count	f		3	\N	\N
62	application	grade	find	f		2	\N	\N
79	application	mentor	count	f		1	\N	\N
92	application	mentor	update	f		2	\N	\N
122	application	school	create	f		2	\N	\N
137	application	selection	find	f		1	\N	\N
152	application	session	findone	f		2	\N	\N
167	application	student	me	f		1	\N	\N
227	content-type-builder	componentcategories	deletecategory	f		1	\N	\N
243	content-type-builder	contenttypes	createcontenttype	f		1	\N	\N
63	application	grade	findone	t		1	\N	\N
287	users-permissions	user	count	f		1	\N	\N
303	users-permissions	userspermissions	createrole	f		1	\N	\N
318	users-permissions	userspermissions	getproviders	f		2	\N	\N
332	users-permissions	userspermissions	updateadvancedsettings	f		2	\N	\N
340	application	mentor	count	f		3	\N	\N
358	application	blocks-category	find	f		3	\N	\N
373	application	selection	count	f		3	\N	\N
389	application	classroom-manager	me	f		3	\N	\N
404	application	session	find	f		3	\N	\N
434	application	day	update	f		3	\N	\N
463	content-type-builder	contenttypes	updatecontenttype	f		3	\N	\N
478	users-permissions	auth	forgotpassword	f		3	\N	\N
491	users-permissions	userspermissions	searchusers	f		3	\N	\N
78	application	learning-standard	update	f		2	\N	\N
124	application	school	delete	f		2	\N	\N
139	application	selection	findone	f		1	\N	\N
154	application	session	update	f		2	\N	\N
168	application	student	me	f		2	\N	\N
183	application	unit	count	f		1	\N	\N
228	content-type-builder	componentcategories	deletecategory	f		2	\N	\N
242	content-type-builder	connections	getconnections	f		2	\N	\N
273	users-permissions	auth	callback	f		1	\N	\N
288	users-permissions	user	count	f		2	\N	\N
302	users-permissions	user	update	f		2	\N	\N
317	users-permissions	userspermissions	getproviders	f		1	\N	\N
333	users-permissions	userspermissions	updateemailtemplate	f		1	\N	\N
341	application	mentor	findone	f		3	\N	\N
360	application	blocks-category	count	f		3	\N	\N
378	application	block	findone	f		3	\N	\N
394	application	classroom	update	f		3	\N	\N
409	application	session	delete	f		3	\N	\N
424	application	student	count	f		3	\N	\N
454	content-type-builder	components	getcomponents	f		3	\N	\N
484	users-permissions	user	count	f		3	\N	\N
500	users-permissions	userspermissions	getpermissions	f		3	\N	\N
64	application	grade	findone	f		2	\N	\N
80	application	mentor	count	f		2	\N	\N
125	application	school	find	f		1	\N	\N
140	application	selection	findone	f		2	\N	\N
155	application	student	count	f		1	\N	\N
170	application	student	update	f		2	\N	\N
185	application	unit	create	f		1	\N	\N
230	content-type-builder	componentcategories	editcategory	f		2	\N	\N
245	content-type-builder	contenttypes	deletecontenttype	f		1	\N	\N
275	users-permissions	auth	connect	t		1	\N	\N
290	users-permissions	user	create	f		2	\N	\N
320	users-permissions	userspermissions	getrole	f		2	\N	\N
335	users-permissions	userspermissions	updateproviders	f		1	\N	\N
342	application	mentor	create	f		3	\N	\N
356	application	unit	update	f		3	\N	\N
370	application	learning-standard	delete	f		3	\N	\N
400	application	school	count	f		3	\N	\N
415	application	grade	delete	f		3	\N	\N
460	content-type-builder	contenttypes	getcontenttypes	f		3	\N	\N
475	users-permissions	auth	callback	f		3	\N	\N
490	users-permissions	userspermissions	getemailtemplate	f		3	\N	\N
505	users-permissions	userspermissions	getadvancedsettings	f		3	\N	\N
65	application	grade	update	f		1	\N	\N
77	application	learning-standard	update	f		1	\N	\N
123	application	school	delete	f		1	\N	\N
138	application	selection	find	f		2	\N	\N
153	application	session	update	f		1	\N	\N
184	application	unit	count	f		2	\N	\N
231	content-type-builder	components	createcomponent	f		1	\N	\N
246	content-type-builder	contenttypes	deletecontenttype	f		2	\N	\N
276	users-permissions	auth	connect	t		2	\N	\N
292	users-permissions	user	destroy	f		2	\N	\N
321	users-permissions	userspermissions	getroles	f		1	\N	\N
336	users-permissions	userspermissions	updateproviders	f		2	\N	\N
169	application	student	update	t		1	\N	\N
343	application	mentor	update	f		3	\N	\N
355	application	unit	create	f		3	\N	\N
372	application	selection	findone	f		3	\N	\N
403	application	school	delete	f		3	\N	\N
433	application	day	create	f		3	\N	\N
465	email	email	send	f		3	\N	\N
479	users-permissions	auth	register	f		3	\N	\N
157	application	student	create	t		1	\N	\N
494	users-permissions	userspermissions	getpolicies	f		3	\N	\N
66	application	learning-standard	count	f		1	\N	\N
82	application	mentor	create	f		2	\N	\N
126	application	school	find	f		2	\N	\N
141	application	selection	update	f		1	\N	\N
156	application	student	count	f		2	\N	\N
188	application	unit	delete	f		2	\N	\N
233	content-type-builder	components	deletecomponent	f		1	\N	\N
248	content-type-builder	contenttypes	getcontenttype	f		2	\N	\N
278	users-permissions	auth	emailconfirmation	t		2	\N	\N
293	users-permissions	user	destroyall	f		1	\N	\N
308	users-permissions	userspermissions	deleterole	f		2	\N	\N
323	users-permissions	userspermissions	getroutes	f		1	\N	\N
338	users-permissions	userspermissions	updaterole	f		2	\N	\N
344	application	mentor	delete	f		3	\N	\N
357	application	unit	delete	f		3	\N	\N
371	application	selection	find	f		3	\N	\N
401	application	school	create	f		3	\N	\N
431	application	day	findone	f		3	\N	\N
462	content-type-builder	contenttypes	createcontenttype	f		3	\N	\N
476	users-permissions	auth	resetpassword	f		3	\N	\N
492	users-permissions	userspermissions	getroutes	f		3	\N	\N
507	users-permissions	userspermissions	updaterole	f		3	\N	\N
67	application	grade	update	f		2	\N	\N
127	application	school	findone	f		1	\N	\N
143	application	session	count	f		1	\N	\N
159	application	student	delete	t		1	\N	\N
235	content-type-builder	components	getcomponent	f		1	\N	\N
250	content-type-builder	contenttypes	getcontenttypes	f		2	\N	\N
279	users-permissions	auth	forgotpassword	f		1	\N	\N
294	users-permissions	user	destroyall	f		2	\N	\N
309	users-permissions	userspermissions	getadvancedsettings	f		1	\N	\N
324	users-permissions	userspermissions	getroutes	f		2	\N	\N
81	application	mentor	create	t		1	\N	\N
189	application	unit	find	t		1	\N	\N
345	application	mentor	me	f		3	\N	\N
366	application	learning-standard	findone	f		3	\N	\N
382	application	block	delete	f		3	\N	\N
396	application	classroom	initjoin	f		3	\N	\N
411	application	grade	findone	f		3	\N	\N
426	application	student	update	f		3	\N	\N
455	content-type-builder	components	getcomponent	f		3	\N	\N
485	users-permissions	user	findone	f		3	\N	\N
499	users-permissions	userspermissions	updateadvancedsettings	f		3	\N	\N
68	application	learning-standard	count	f		2	\N	\N
83	application	mentor	delete	f		1	\N	\N
130	application	school	update	f		1	\N	\N
145	application	session	create	f		1	\N	\N
158	application	student	create	f		2	\N	\N
187	application	unit	delete	f		1	\N	\N
234	content-type-builder	components	deletecomponent	f		2	\N	\N
249	content-type-builder	contenttypes	getcontenttypes	f		1	\N	\N
281	users-permissions	auth	register	f		1	\N	\N
296	users-permissions	user	find	f		2	\N	\N
311	users-permissions	userspermissions	getemailtemplate	f		1	\N	\N
325	users-permissions	userspermissions	index	f		1	\N	\N
365	application	learning-standard	find	f		3	\N	\N
380	application	block	create	f		3	\N	\N
395	application	classroom	delete	f		3	\N	\N
410	application	grade	find	f		3	\N	\N
425	application	student	create	f		3	\N	\N
458	content-type-builder	components	deletecomponent	f		3	\N	\N
488	users-permissions	user	destroy	f		3	\N	\N
502	users-permissions	userspermissions	index	f		3	\N	\N
69	application	learning-standard	create	f		1	\N	\N
84	application	mentor	delete	f		2	\N	\N
128	application	school	findone	f		2	\N	\N
142	application	selection	update	f		2	\N	\N
186	application	unit	create	f		2	\N	\N
229	content-type-builder	componentcategories	editcategory	f		1	\N	\N
244	content-type-builder	contenttypes	createcontenttype	f		2	\N	\N
274	users-permissions	auth	callback	t		2	\N	\N
289	users-permissions	user	create	f		1	\N	\N
304	users-permissions	userspermissions	createrole	f		2	\N	\N
319	users-permissions	userspermissions	getrole	f		1	\N	\N
334	users-permissions	userspermissions	updateemailtemplate	f		2	\N	\N
73	application	learning-standard	find	t		1	\N	\N
361	application	blocks-category	create	f		3	\N	\N
375	application	selection	update	f		3	\N	\N
191	application	unit	findone	t		1	\N	\N
402	application	school	update	f		3	\N	\N
432	application	day	count	f		3	\N	\N
461	content-type-builder	contenttypes	getcontenttype	f		3	\N	\N
477	users-permissions	auth	connect	f		3	\N	\N
493	users-permissions	userspermissions	deleterole	f		3	\N	\N
70	application	learning-standard	create	f		2	\N	\N
85	application	mentor	find	f		1	\N	\N
129	application	school	update	f		2	\N	\N
144	application	session	count	f		2	\N	\N
160	application	student	delete	f		2	\N	\N
190	application	unit	find	f		2	\N	\N
232	content-type-builder	components	createcomponent	f		2	\N	\N
247	content-type-builder	contenttypes	getcontenttype	f		1	\N	\N
277	users-permissions	auth	emailconfirmation	f		1	\N	\N
291	users-permissions	user	destroy	f		1	\N	\N
307	users-permissions	userspermissions	deleterole	f		1	\N	\N
322	users-permissions	userspermissions	getroles	f		2	\N	\N
337	users-permissions	userspermissions	updaterole	f		1	\N	\N
359	application	blocks-category	findone	f		3	\N	\N
374	application	selection	create	f		3	\N	\N
390	application	classroom	find	f		3	\N	\N
406	application	session	count	f		3	\N	\N
452	content-type-builder	componentcategories	editcategory	f		3	\N	\N
482	users-permissions	user	find	f		3	\N	\N
495	users-permissions	userspermissions	getroles	f		3	\N	\N
71	application	learning-standard	delete	f		1	\N	\N
86	application	mentor	find	f		2	\N	\N
131	application	selection	count	f		1	\N	\N
146	application	session	create	f		2	\N	\N
237	content-type-builder	components	getcomponents	f		1	\N	\N
252	content-type-builder	contenttypes	updatecontenttype	f		2	\N	\N
282	users-permissions	auth	register	t		2	\N	\N
297	users-permissions	user	findone	f		1	\N	\N
312	users-permissions	userspermissions	getemailtemplate	f		2	\N	\N
161	application	student	enrolled	t		1	\N	\N
364	application	sandbox	toolbox	f		3	\N	\N
379	application	block	count	f		3	\N	\N
393	application	classroom	create	f		3	\N	\N
408	application	session	update	f		3	\N	\N
423	application	student	findone	f		3	\N	\N
453	content-type-builder	componentcategories	deletecategory	f		3	\N	\N
483	users-permissions	user	me	f		3	\N	\N
498	users-permissions	userspermissions	updateemailtemplate	f		3	\N	\N
72	application	learning-standard	delete	f		2	\N	\N
87	application	mentor	findone	f		1	\N	\N
132	application	selection	count	f		2	\N	\N
147	application	session	delete	f		1	\N	\N
162	application	student	enrolled	f		2	\N	\N
192	application	unit	findone	f		2	\N	\N
236	content-type-builder	components	getcomponent	f		2	\N	\N
251	content-type-builder	contenttypes	updatecontenttype	f		1	\N	\N
280	users-permissions	auth	forgotpassword	t		2	\N	\N
295	users-permissions	user	find	f		1	\N	\N
310	users-permissions	userspermissions	getadvancedsettings	f		2	\N	\N
326	users-permissions	userspermissions	index	f		2	\N	\N
117	application	sandbox	toolbox	t		1	\N	\N
363	application	blocks-category	delete	f		3	\N	\N
376	application	selection	delete	f		3	\N	\N
391	application	classroom	findone	f		3	\N	\N
405	application	session	findone	f		3	\N	\N
435	application	day	delete	f		3	\N	\N
464	content-type-builder	contenttypes	deletecontenttype	f		3	\N	\N
480	users-permissions	auth	emailconfirmation	f		3	\N	\N
497	users-permissions	userspermissions	getproviders	f		3	\N	\N
88	application	mentor	findone	f		2	\N	\N
148	application	session	delete	f		2	\N	\N
163	application	student	find	f		1	\N	\N
193	application	unit	update	f		1	\N	\N
702	email	email	send	f		4	\N	\N
238	content-type-builder	components	getcomponents	f		2	\N	\N
253	email	email	send	f		1	\N	\N
283	users-permissions	auth	resetpassword	f		1	\N	\N
298	users-permissions	user	findone	f		2	\N	\N
313	users-permissions	userspermissions	getpermissions	f		1	\N	\N
118	application	sandbox	toolbox	t		2	\N	\N
362	application	blocks-category	update	f		3	\N	\N
377	application	block	find	f		3	\N	\N
392	application	classroom	count	f		3	\N	\N
407	application	session	create	f		3	\N	\N
422	application	student	find	f		3	\N	\N
451	content-type-builder	builder	getreservednames	f		3	\N	\N
481	users-permissions	auth	sendemailconfirmation	f		3	\N	\N
496	users-permissions	userspermissions	getrole	f		3	\N	\N
286	users-permissions	auth	sendemailconfirmation	f		2	\N	\N
301	users-permissions	user	update	f		1	\N	\N
316	users-permissions	userspermissions	getpolicies	f		2	\N	\N
331	users-permissions	userspermissions	updateadvancedsettings	f		1	\N	\N
352	application	unit	find	f		3	\N	\N
367	application	learning-standard	count	f		3	\N	\N
381	application	block	update	f		3	\N	\N
397	application	classroom	join	f		3	\N	\N
413	application	grade	create	f		3	\N	\N
427	application	student	delete	f		3	\N	\N
456	content-type-builder	components	createcomponent	f		3	\N	\N
487	users-permissions	user	update	f		3	\N	\N
503	users-permissions	userspermissions	createrole	f		3	\N	\N
299	users-permissions	user	me	t		1	\N	\N
314	users-permissions	userspermissions	getpermissions	f		2	\N	\N
329	users-permissions	userspermissions	searchusers	f		1	\N	\N
353	application	unit	findone	f		3	\N	\N
368	application	learning-standard	create	f		3	\N	\N
398	application	school	find	f		3	\N	\N
412	application	grade	count	f		3	\N	\N
428	application	student	me	t		3	\N	\N
457	content-type-builder	components	updatecomponent	f		3	\N	\N
486	users-permissions	user	create	f		3	\N	\N
300	users-permissions	user	me	t		2	\N	\N
315	users-permissions	userspermissions	getpolicies	f		1	\N	\N
330	users-permissions	userspermissions	searchusers	f		2	\N	\N
369	application	learning-standard	update	f		3	\N	\N
399	application	school	findone	f		3	\N	\N
414	application	grade	update	f		3	\N	\N
429	application	student	enrolled	f		3	\N	\N
459	content-type-builder	connections	getconnections	f		3	\N	\N
489	users-permissions	user	destroyall	f		3	\N	\N
504	users-permissions	userspermissions	updateproviders	f		3	\N	\N
508	application	day	toolbox	t		1	\N	\N
509	application	day	toolbox	f		2	\N	\N
510	application	day	toolbox	t		3	\N	\N
511	application	classroom	student	f		1	\N	\N
512	application	classroom	student	f		2	\N	\N
513	application	classroom	student	t		3	\N	\N
430	application	day	find	f		3	\N	\N
75	application	learning-standard	findone	t		1	\N	\N
133	application	selection	create	t		1	\N	\N
514	application	save	count	f		1	\N	\N
515	application	save	count	f		2	\N	\N
516	application	save	count	f		3	\N	\N
517	application	save	create	f		1	\N	\N
518	application	save	create	f		2	\N	\N
520	application	save	delete	f		1	\N	\N
521	application	save	delete	f		2	\N	\N
522	application	save	delete	f		3	\N	\N
523	application	save	find	f		1	\N	\N
524	application	save	find	f		2	\N	\N
527	application	save	find	f		3	\N	\N
525	application	save	findbyday	f		1	\N	\N
526	application	save	findbyday	f		2	\N	\N
529	application	save	findone	f		1	\N	\N
530	application	save	findone	f		2	\N	\N
531	application	save	findone	f		3	\N	\N
532	application	save	update	f		1	\N	\N
533	application	save	update	f		2	\N	\N
534	application	save	update	f		3	\N	\N
528	application	save	findbyday	t		3	\N	\N
519	application	save	create	t		3	\N	\N
535	application	submission	count	f		1	\N	\N
536	application	submission	count	f		2	\N	\N
537	application	submission	count	f		3	\N	\N
538	application	submission	create	f		1	\N	\N
539	application	submission	create	f		2	\N	\N
541	application	submission	delete	f		1	\N	\N
542	application	submission	delete	f		2	\N	\N
543	application	submission	delete	f		3	\N	\N
544	application	submission	find	f		1	\N	\N
551	application	submission	update	f		2	\N	\N
545	application	submission	find	f		2	\N	\N
546	application	submission	find	f		3	\N	\N
552	application	submission	update	f		3	\N	\N
547	application	submission	findone	f		1	\N	\N
548	application	submission	findone	f		2	\N	\N
550	application	submission	update	f		1	\N	\N
540	application	submission	create	t		3	\N	\N
549	application	submission	findone	t		3	\N	\N
553	application	sandbox	createsubmission	f		1	\N	\N
555	application	sandbox	createsubmission	f		3	\N	\N
556	application	sandbox	findonesubmission	f		1	\N	\N
558	application	sandbox	findonesubmission	f		3	\N	\N
554	application	sandbox	createsubmission	t		2	\N	\N
557	application	sandbox	findonesubmission	t		2	\N	\N
559	application	mentor	find	f		4	\N	\N
560	application	mentor	findone	f		4	\N	\N
561	application	mentor	count	f		4	\N	\N
562	application	mentor	create	t		4	\N	\N
563	application	mentor	update	f		4	\N	\N
564	application	mentor	delete	f		4	\N	\N
565	application	mentor	me	f		4	\N	\N
49	application	day	find	t		1	\N	\N
51	application	day	findone	t		1	\N	\N
572	application	unit	find	t		4	\N	\N
573	application	unit	findone	t		4	\N	\N
574	application	unit	count	f		4	\N	\N
575	application	unit	create	t		4	\N	\N
576	application	unit	update	t		4	\N	\N
577	application	unit	delete	t		4	\N	\N
578	application	blocks-category	find	t		4	\N	\N
579	application	blocks-category	findone	t		4	\N	\N
580	application	blocks-category	count	f		4	\N	\N
581	application	blocks-category	create	t		4	\N	\N
582	application	blocks-category	update	t		4	\N	\N
583	application	blocks-category	delete	t		4	\N	\N
584	application	sandbox	toolbox	t		4	\N	\N
585	application	sandbox	findonesubmission	f		4	\N	\N
586	application	sandbox	createsubmission	f		4	\N	\N
587	application	learning-standard	find	t		4	\N	\N
588	application	learning-standard	findone	t		4	\N	\N
589	application	learning-standard	count	f		4	\N	\N
590	application	learning-standard	create	t		4	\N	\N
591	application	learning-standard	update	t		4	\N	\N
592	application	learning-standard	delete	t		4	\N	\N
593	application	selection	find	f		4	\N	\N
594	application	selection	findone	f		4	\N	\N
595	application	selection	count	f		4	\N	\N
596	application	selection	create	f		4	\N	\N
597	application	selection	update	f		4	\N	\N
598	application	selection	delete	f		4	\N	\N
599	application	submission	find	f		4	\N	\N
600	application	submission	findone	f		4	\N	\N
601	application	submission	count	f		4	\N	\N
602	application	submission	create	f		4	\N	\N
603	application	submission	update	f		4	\N	\N
47	application	day	delete	f		1	\N	\N
604	application	submission	delete	f		4	\N	\N
605	application	block	find	t		4	\N	\N
606	application	block	findone	t		4	\N	\N
607	application	block	count	f		4	\N	\N
608	application	block	create	t		4	\N	\N
609	application	block	update	t		4	\N	\N
625	application	classroom	student	f		4	\N	\N
652	application	student	findone	f		4	\N	\N
667	application	save	findone	f		4	\N	\N
700	content-type-builder	contenttypes	updatecontenttype	f		4	\N	\N
714	users-permissions	auth	connect	t		4	\N	\N
729	users-permissions	userspermissions	getroutes	f		4	\N	\N
45	application	day	create	f		1	\N	\N
610	application	block	delete	t		4	\N	\N
624	application	classroom	initjoin	f		4	\N	\N
640	application	grade	findone	f		4	\N	\N
655	application	student	update	f		4	\N	\N
670	application	save	update	f		4	\N	\N
699	content-type-builder	contenttypes	createcontenttype	f		4	\N	\N
713	users-permissions	auth	resetpassword	f		4	\N	\N
727	users-permissions	userspermissions	getemailtemplate	f		4	\N	\N
742	users-permissions	userspermissions	getadvancedsettings	f		4	\N	\N
626	application	classroom	create	t		4	\N	\N
641	application	grade	count	f		4	\N	\N
656	application	student	delete	f		4	\N	\N
671	application	save	delete	f		4	\N	\N
701	content-type-builder	contenttypes	deletecontenttype	f		4	\N	\N
716	users-permissions	auth	register	f		4	\N	\N
731	users-permissions	userspermissions	getpolicies	f		4	\N	\N
631	application	school	update	f		4	\N	\N
643	application	grade	update	f		4	\N	\N
657	application	student	me	f		4	\N	\N
717	users-permissions	auth	emailconfirmation	f		4	\N	\N
735	users-permissions	userspermissions	updateemailtemplate	f		4	\N	\N
53	application	day	update	f		1	\N	\N
628	application	school	findone	f		4	\N	\N
644	application	grade	delete	f		4	\N	\N
658	application	student	enrolled	f		4	\N	\N
689	content-type-builder	componentcategories	editcategory	f		4	\N	\N
718	users-permissions	auth	sendemailconfirmation	f		4	\N	\N
733	users-permissions	userspermissions	getrole	f		4	\N	\N
627	application	school	find	f		4	\N	\N
642	application	grade	create	f		4	\N	\N
661	application	day	count	f		4	\N	\N
690	content-type-builder	componentcategories	deletecategory	f		4	\N	\N
721	users-permissions	user	count	f		4	\N	\N
732	users-permissions	userspermissions	getroles	f		4	\N	\N
630	application	school	create	f		4	\N	\N
752	application	day	templateupdate	t		4	\N	\N
660	application	day	findone	t		4	\N	\N
61	application	grade	find	t		1	\N	\N
691	content-type-builder	components	getcomponents	f		4	\N	\N
720	users-permissions	user	me	t		4	\N	\N
736	users-permissions	userspermissions	updateadvancedsettings	f		4	\N	\N
629	application	school	count	f		4	\N	\N
659	application	day	find	t		4	\N	\N
688	content-type-builder	builder	getreservednames	f		4	\N	\N
719	users-permissions	user	find	f		4	\N	\N
734	users-permissions	userspermissions	getproviders	f		4	\N	\N
617	application	classroom-manager	me	f		4	\N	\N
632	application	school	delete	f		4	\N	\N
662	application	day	create	t		4	\N	\N
692	content-type-builder	components	getcomponent	f		4	\N	\N
722	users-permissions	user	findone	f		4	\N	\N
737	users-permissions	userspermissions	getpermissions	f		4	\N	\N
618	application	classroom	update	t		4	\N	\N
633	application	session	find	f		4	\N	\N
663	application	day	update	t		4	\N	\N
693	content-type-builder	components	createcomponent	f		4	\N	\N
723	users-permissions	user	create	f		4	\N	\N
619	application	classroom	join	f		4	\N	\N
634	application	session	findone	f		4	\N	\N
664	application	day	delete	t		4	\N	\N
694	content-type-builder	components	updatecomponent	f		4	\N	\N
724	users-permissions	user	update	f		4	\N	\N
739	users-permissions	userspermissions	index	f		4	\N	\N
620	application	classroom	delete	t		4	\N	\N
635	application	session	count	f		4	\N	\N
665	application	day	toolbox	t		4	\N	\N
695	content-type-builder	components	deletecomponent	f		4	\N	\N
725	users-permissions	user	destroy	f		4	\N	\N
740	users-permissions	userspermissions	createrole	f		4	\N	\N
621	application	classroom	findone	t		4	\N	\N
636	application	session	create	f		4	\N	\N
651	application	student	find	f		4	\N	\N
696	content-type-builder	connections	getconnections	f		4	\N	\N
726	users-permissions	user	destroyall	f		4	\N	\N
741	users-permissions	userspermissions	updateproviders	f		4	\N	\N
622	application	classroom	count	f		4	\N	\N
638	application	session	delete	f		4	\N	\N
654	application	student	create	f		4	\N	\N
668	application	save	count	f		4	\N	\N
697	content-type-builder	contenttypes	getcontenttypes	f		4	\N	\N
715	users-permissions	auth	forgotpassword	f		4	\N	\N
730	users-permissions	userspermissions	deleterole	f		4	\N	\N
744	users-permissions	userspermissions	updaterole	f		4	\N	\N
623	application	classroom	find	t		4	\N	\N
637	application	session	update	f		4	\N	\N
653	application	student	count	f		4	\N	\N
698	content-type-builder	contenttypes	getcontenttype	f		4	\N	\N
712	users-permissions	auth	callback	f		4	\N	\N
728	users-permissions	userspermissions	searchusers	f		4	\N	\N
639	application	grade	find	t		4	\N	\N
672	application	save	findbyday	t		4	\N	\N
666	application	save	find	t		4	\N	\N
669	application	save	create	t		4	\N	\N
749	application	day	templateupdate	f		3	\N	\N
750	application	day	templateupdate	f		2	\N	\N
751	application	day	templateupdate	f		1	\N	\N
753	application	learning-component-types	count	f		1	\N	\N
754	application	learning-component-types	count	f		2	\N	\N
755	application	learning-component-types	count	f		3	\N	\N
756	application	learning-component-types	count	f		4	\N	\N
757	application	learning-component-types	create	f		1	\N	\N
774	application	learning-component-types	update	f		2	\N	\N
804	content-manager	collection-types	bulkdelete	f		4	\N	\N
818	content-manager	collection-types	findone	f		2	\N	\N
834	content-manager	collection-types	update	f		2	\N	\N
848	content-manager	components	updatecomponentconfiguration	f		4	\N	\N
864	content-manager	content-types	updatecontenttypeconfiguration	f		4	\N	\N
878	content-manager	single-types	find	f		2	\N	\N
894	content-manager	uid	generateuid	f		2	\N	\N
788	application	learning-components	delete	t		4	\N	\N
758	application	learning-component-types	create	f		2	\N	\N
772	application	learning-component-types	findone	f		4	\N	\N
786	application	learning-components	delete	f		2	\N	\N
814	content-manager	collection-types	find	f		2	\N	\N
828	content-manager	collection-types	publish	f		4	\N	\N
842	content-manager	components	findcomponents	f		2	\N	\N
857	content-manager	content-types	findcontenttypessettings	f		1	\N	\N
871	content-manager	single-types	createorupdate	f		3	\N	\N
885	content-manager	single-types	unpublish	f		1	\N	\N
899	email	email	getsettings	f		3	\N	\N
800	application	learning-components	update	t		4	\N	\N
759	application	learning-component-types	create	f		3	\N	\N
760	application	learning-component-types	create	f		4	\N	\N
761	application	learning-component-types	delete	f		1	\N	\N
762	application	learning-component-types	delete	f		2	\N	\N
763	application	learning-component-types	delete	f		3	\N	\N
773	application	learning-component-types	update	f		1	\N	\N
775	application	learning-component-types	update	f		3	\N	\N
776	application	learning-component-types	update	f		4	\N	\N
777	application	learning-components	count	f		1	\N	\N
778	application	learning-components	count	f		2	\N	\N
790	application	learning-components	find	f		2	\N	\N
791	application	learning-components	find	f		3	\N	\N
803	content-manager	collection-types	bulkdelete	f		3	\N	\N
805	content-manager	collection-types	create	f		1	\N	\N
806	content-manager	collection-types	create	f		2	\N	\N
807	content-manager	collection-types	create	f		3	\N	\N
808	content-manager	collection-types	create	f		4	\N	\N
819	content-manager	collection-types	findone	f		3	\N	\N
820	content-manager	collection-types	findone	f		4	\N	\N
821	content-manager	collection-types	previewmanyrelations	f		1	\N	\N
822	content-manager	collection-types	previewmanyrelations	f		2	\N	\N
823	content-manager	collection-types	previewmanyrelations	f		3	\N	\N
833	content-manager	collection-types	update	f		1	\N	\N
835	content-manager	collection-types	update	f		3	\N	\N
836	content-manager	collection-types	update	f		4	\N	\N
837	content-manager	components	findcomponentconfiguration	f		1	\N	\N
838	content-manager	components	findcomponentconfiguration	f		2	\N	\N
849	content-manager	content-types	findcontenttypeconfiguration	f		1	\N	\N
850	content-manager	content-types	findcontenttypeconfiguration	f		2	\N	\N
851	content-manager	content-types	findcontenttypeconfiguration	f		3	\N	\N
852	content-manager	content-types	findcontenttypeconfiguration	f		4	\N	\N
853	content-manager	content-types	findcontenttypes	f		1	\N	\N
863	content-manager	content-types	updatecontenttypeconfiguration	f		3	\N	\N
865	content-manager	relations	find	f		1	\N	\N
866	content-manager	relations	find	f		2	\N	\N
867	content-manager	relations	find	f		3	\N	\N
868	content-manager	relations	find	f		4	\N	\N
879	content-manager	single-types	find	f		3	\N	\N
880	content-manager	single-types	find	f		4	\N	\N
881	content-manager	single-types	publish	f		1	\N	\N
882	content-manager	single-types	publish	f		2	\N	\N
883	content-manager	single-types	publish	f		3	\N	\N
893	content-manager	uid	generateuid	f		1	\N	\N
895	content-manager	uid	generateuid	f		3	\N	\N
896	content-manager	uid	generateuid	f		4	\N	\N
897	email	email	getsettings	f		1	\N	\N
898	email	email	getsettings	f		2	\N	\N
792	application	learning-components	find	t		4	\N	\N
793	application	learning-components	findone	t		1	\N	\N
789	application	learning-components	find	t		1	\N	\N
764	application	learning-component-types	delete	f		4	\N	\N
779	application	learning-components	count	f		3	\N	\N
794	application	learning-components	findone	f		2	\N	\N
809	content-manager	collection-types	delete	f		1	\N	\N
824	content-manager	collection-types	previewmanyrelations	f		4	\N	\N
839	content-manager	components	findcomponentconfiguration	f		3	\N	\N
854	content-manager	content-types	findcontenttypes	f		2	\N	\N
869	content-manager	single-types	createorupdate	f		1	\N	\N
884	content-manager	single-types	publish	f		4	\N	\N
900	email	email	getsettings	f		4	\N	\N
765	application	learning-component-types	find	f		1	\N	\N
798	application	learning-components	update	f		2	\N	\N
813	content-manager	collection-types	find	f		1	\N	\N
829	content-manager	collection-types	unpublish	f		1	\N	\N
843	content-manager	components	findcomponents	f		3	\N	\N
861	content-manager	content-types	updatecontenttypeconfiguration	f		1	\N	\N
873	content-manager	single-types	delete	f		1	\N	\N
889	content-manager	uid	checkuidavailability	f		1	\N	\N
904	email	email	test	f		4	\N	\N
780	application	learning-components	count	t		4	\N	\N
766	application	learning-component-types	find	f		2	\N	\N
782	application	learning-components	create	f		2	\N	\N
795	application	learning-components	findone	f		3	\N	\N
812	content-manager	collection-types	delete	f		4	\N	\N
825	content-manager	collection-types	publish	f		1	\N	\N
840	content-manager	components	findcomponentconfiguration	f		4	\N	\N
856	content-manager	content-types	findcontenttypes	f		4	\N	\N
872	content-manager	single-types	createorupdate	f		4	\N	\N
888	content-manager	single-types	unpublish	f		4	\N	\N
901	email	email	test	f		1	\N	\N
767	application	learning-component-types	find	f		3	\N	\N
781	application	learning-components	create	f		1	\N	\N
797	application	learning-components	update	f		1	\N	\N
810	content-manager	collection-types	delete	f		2	\N	\N
826	content-manager	collection-types	publish	f		2	\N	\N
841	content-manager	components	findcomponents	f		1	\N	\N
855	content-manager	content-types	findcontenttypes	f		3	\N	\N
870	content-manager	single-types	createorupdate	f		2	\N	\N
887	content-manager	single-types	unpublish	f		3	\N	\N
902	email	email	test	f		2	\N	\N
768	application	learning-component-types	find	f		4	\N	\N
785	application	learning-components	delete	f		1	\N	\N
801	content-manager	collection-types	bulkdelete	f		1	\N	\N
815	content-manager	collection-types	find	f		3	\N	\N
831	content-manager	collection-types	unpublish	f		3	\N	\N
845	content-manager	components	updatecomponentconfiguration	f		1	\N	\N
860	content-manager	content-types	findcontenttypessettings	f		4	\N	\N
874	content-manager	single-types	delete	f		2	\N	\N
886	content-manager	single-types	unpublish	f		2	\N	\N
903	email	email	test	f		3	\N	\N
769	application	learning-component-types	findone	f		1	\N	\N
783	application	learning-components	create	f		3	\N	\N
811	content-manager	collection-types	delete	f		3	\N	\N
827	content-manager	collection-types	publish	f		3	\N	\N
844	content-manager	components	findcomponents	f		4	\N	\N
859	content-manager	content-types	findcontenttypessettings	f		3	\N	\N
876	content-manager	single-types	delete	f		4	\N	\N
892	content-manager	uid	checkuidavailability	f		4	\N	\N
796	application	learning-components	findone	t		4	\N	\N
770	application	learning-component-types	findone	f		2	\N	\N
799	application	learning-components	update	f		3	\N	\N
816	content-manager	collection-types	find	f		4	\N	\N
830	content-manager	collection-types	unpublish	f		2	\N	\N
846	content-manager	components	updatecomponentconfiguration	f		2	\N	\N
858	content-manager	content-types	findcontenttypessettings	f		2	\N	\N
875	content-manager	single-types	delete	f		3	\N	\N
890	content-manager	uid	checkuidavailability	f		2	\N	\N
784	application	learning-components	create	t		4	\N	\N
771	application	learning-component-types	findone	f		3	\N	\N
787	application	learning-components	delete	f		3	\N	\N
802	content-manager	collection-types	bulkdelete	f		2	\N	\N
817	content-manager	collection-types	findone	f		1	\N	\N
832	content-manager	collection-types	unpublish	f		4	\N	\N
847	content-manager	components	updatecomponentconfiguration	f		3	\N	\N
862	content-manager	content-types	updatecontenttypeconfiguration	f		2	\N	\N
877	content-manager	single-types	find	f		1	\N	\N
891	content-manager	uid	checkuidavailability	f		3	\N	\N
\.


--
-- Data for Name: users-permissions_role; Type: TABLE DATA; Schema: public; Owner: postgres
--

COPY public."users-permissions_role" (id, name, description, type, created_by, updated_by) FROM stdin;
3	Student	Default role given to a student user.	student	\N	\N
2	Public	Default role given to unauthenticated user.	public	\N	\N
4	Content Creator	Role given to content Creators	content_creator	\N	\N
1	Classroom Manager	Default role given to authenticated user.	authenticated	\N	\N
\.


--
-- Data for Name: users-permissions_user; Type: TABLE DATA; Schema: public; Owner: postgres
--

COPY public."users-permissions_user" (id, username, email, provider, password, "resetPasswordToken", confirmed, blocked, last_logged_in, role, created_at, updated_at, "confirmationToken", created_by, updated_by) FROM stdin;
1	defaultmentor	dm@mail.com	local	$2a$10$lz.mh/Eb3vt5.VtpqDXmFOmw.Ra.2Kp1w5sQl3yW3dYLRughOdS.2	\N	t	\N	2020-10-05 14:55:07.36+00	1	2020-07-24 16:36:23.083+00	2020-10-05 14:55:07.365+00	\N	\N	\N
2	defaultcontentcreator	dcc@mail.com	local	$2a$10$K6PHyUKeO25Ygxe09Lbx9.Vn0bNeQh/CAEOm85j9wkHLkQ.sjA7vS	\N	t	f	2021-01-10 00:23:20.532+00	4	2020-10-04 20:01:01.537+00	2021-01-10 00:23:20.539+00	\N	\N	\N
3	defaultteacher	tm@mail.com	local	$2a$10$V2NzLOgXHHxoptBp5KgowOVXc7Rmx/.CvjqhJLPGBUnb3/iEZrp5e	\N	f	f	\N	1	2021-01-10 01:44:09.096+00	2021-01-10 01:44:09.102+00	\N	\N	\N
\.


--
-- Name: blocks_categories_id_seq; Type: SEQUENCE SET; Schema: public; Owner: postgres
--

SELECT pg_catalog.setval('public.blocks_categories_id_seq', 7, false);


--
-- Name: blocks_id_seq; Type: SEQUENCE SET; Schema: public; Owner: postgres
--

SELECT pg_catalog.setval('public.blocks_id_seq', 40, false);


--
-- Name: classrooms_id_seq; Type: SEQUENCE SET; Schema: public; Owner: postgres
--

SELECT pg_catalog.setval('public.classrooms_id_seq', 1, true);


--
-- Name: classrooms_mentors__mentors_classrooms_id_seq; Type: SEQUENCE SET; Schema: public; Owner: postgres
--

SELECT pg_catalog.setval('public.classrooms_mentors__mentors_classrooms_id_seq', 1, true);


--
-- Name: classrooms_teachers__teachers_classrooms_id_seq; Type: SEQUENCE SET; Schema: public; Owner: postgres
--

SELECT pg_catalog.setval('public.classrooms_teachers__teachers_classrooms_id_seq', 1, true);


--
-- Name: core_store_id_seq; Type: SEQUENCE SET; Schema: public; Owner: postgres
--

SELECT pg_catalog.setval('public.core_store_id_seq', 85, true);


--
-- Name: days__blocks_id_seq; Type: SEQUENCE SET; Schema: public; Owner: postgres
--

SELECT pg_catalog.setval('public.days__blocks_id_seq', 9, true);


--
-- Name: days_id_seq; Type: SEQUENCE SET; Schema: public; Owner: postgres
--

SELECT pg_catalog.setval('public.days_id_seq', 3, true);


--
-- Name: days_learning_components__learning_components_days_id_seq; Type: SEQUENCE SET; Schema: public; Owner: postgres
--

SELECT pg_catalog.setval('public.days_learning_components__learning_components_days_id_seq', 7, true);


--
-- Name: grades_id_seq; Type: SEQUENCE SET; Schema: public; Owner: postgres
--

SELECT pg_catalog.setval('public.grades_id_seq', 4, true);


--
-- Name: learning_component_types_id_seq; Type: SEQUENCE SET; Schema: public; Owner: postgres
--

SELECT pg_catalog.setval('public.learning_component_types_id_seq', 3, true);


--
-- Name: learning_components_id_seq; Type: SEQUENCE SET; Schema: public; Owner: postgres
--

SELECT pg_catalog.setval('public.learning_components_id_seq', 3, true);


--
-- Name: learning_standards_id_seq; Type: SEQUENCE SET; Schema: public; Owner: postgres
--

SELECT pg_catalog.setval('public.learning_standards_id_seq', 1, true);


--
-- Name: mentors_id_seq; Type: SEQUENCE SET; Schema: public; Owner: postgres
--

SELECT pg_catalog.setval('public.mentors_id_seq', 1, true);


--
-- Name: objective_types_id_seq; Type: SEQUENCE SET; Schema: public; Owner: postgres
--

SELECT pg_catalog.setval('public.objective_types_id_seq', 3, true);


--
-- Name: objectives_id_seq; Type: SEQUENCE SET; Schema: public; Owner: postgres
--

SELECT pg_catalog.setval('public.objectives_id_seq', 6, true);


--
-- Name: saves_id_seq; Type: SEQUENCE SET; Schema: public; Owner: postgres
--

SELECT pg_catalog.setval('public.saves_id_seq', 3, true);


--
-- Name: schools_id_seq; Type: SEQUENCE SET; Schema: public; Owner: postgres
--

SELECT pg_catalog.setval('public.schools_id_seq', 1, true);


--
-- Name: selections_id_seq; Type: SEQUENCE SET; Schema: public; Owner: postgres
--

SELECT pg_catalog.setval('public.selections_id_seq', 1, true);


--
-- Name: sessions_id_seq; Type: SEQUENCE SET; Schema: public; Owner: postgres
--

SELECT pg_catalog.setval('public.sessions_id_seq', 2, true);


--
-- Name: sessions_students__students_sessions_id_seq; Type: SEQUENCE SET; Schema: public; Owner: postgres
--

SELECT pg_catalog.setval('public.sessions_students__students_sessions_id_seq', 3, true);


--
-- Name: strapi_administrator_id_seq; Type: SEQUENCE SET; Schema: public; Owner: postgres
--

SELECT pg_catalog.setval('public.strapi_administrator_id_seq', 2, false);


--
-- Name: strapi_permission_id_seq; Type: SEQUENCE SET; Schema: public; Owner: postgres
--

SELECT pg_catalog.setval('public.strapi_permission_id_seq', 240, true);


--
-- Name: strapi_role_id_seq; Type: SEQUENCE SET; Schema: public; Owner: postgres
--

SELECT pg_catalog.setval('public.strapi_role_id_seq', 3, true);


--
-- Name: strapi_users_roles_id_seq; Type: SEQUENCE SET; Schema: public; Owner: postgres
--

SELECT pg_catalog.setval('public.strapi_users_roles_id_seq', 1, true);


--
-- Name: strapi_webhooks_id_seq; Type: SEQUENCE SET; Schema: public; Owner: postgres
--

SELECT pg_catalog.setval('public.strapi_webhooks_id_seq', 1, false);


--
-- Name: students_id_seq; Type: SEQUENCE SET; Schema: public; Owner: postgres
--

SELECT pg_catalog.setval('public.students_id_seq', 3, true);


--
-- Name: submissions_id_seq; Type: SEQUENCE SET; Schema: public; Owner: postgres
--

SELECT pg_catalog.setval('public.submissions_id_seq', 1, false);


--
-- Name: teachers_id_seq; Type: SEQUENCE SET; Schema: public; Owner: postgres
--

SELECT pg_catalog.setval('public.teachers_id_seq', 1, true);


--
-- Name: units_id_seq; Type: SEQUENCE SET; Schema: public; Owner: postgres
--

SELECT pg_catalog.setval('public.units_id_seq', 1, true);


--
-- Name: upload_file_id_seq; Type: SEQUENCE SET; Schema: public; Owner: postgres
--

SELECT pg_catalog.setval('public.upload_file_id_seq', 1, false);


--
-- Name: upload_file_morph_id_seq; Type: SEQUENCE SET; Schema: public; Owner: postgres
--

SELECT pg_catalog.setval('public.upload_file_morph_id_seq', 1, false);


--
-- Name: users-permissions_permission_id_seq; Type: SEQUENCE SET; Schema: public; Owner: postgres
--

SELECT pg_catalog.setval('public."users-permissions_permission_id_seq"', 904, true);


--
-- Name: users-permissions_role_id_seq; Type: SEQUENCE SET; Schema: public; Owner: postgres
--

SELECT pg_catalog.setval('public."users-permissions_role_id_seq"', 4, true);


--
-- Name: users-permissions_user_id_seq; Type: SEQUENCE SET; Schema: public; Owner: postgres
--

SELECT pg_catalog.setval('public."users-permissions_user_id_seq"', 3, true);


--
-- Name: blocks_categories blocks_categories_pkey; Type: CONSTRAINT; Schema: public; Owner: postgres
--

ALTER TABLE ONLY public.blocks_categories
    ADD CONSTRAINT blocks_categories_pkey PRIMARY KEY (id);


--
-- Name: blocks blocks_name_unique; Type: CONSTRAINT; Schema: public; Owner: postgres
--

ALTER TABLE ONLY public.blocks
    ADD CONSTRAINT blocks_name_unique UNIQUE (name);


--
-- Name: blocks blocks_pkey; Type: CONSTRAINT; Schema: public; Owner: postgres
--

ALTER TABLE ONLY public.blocks
    ADD CONSTRAINT blocks_pkey PRIMARY KEY (id);


--
-- Name: classrooms_mentors__mentors_classrooms classrooms_mentors__mentors_classrooms_pkey; Type: CONSTRAINT; Schema: public; Owner: postgres
--

ALTER TABLE ONLY public.classrooms_mentors__mentors_classrooms
    ADD CONSTRAINT classrooms_mentors__mentors_classrooms_pkey PRIMARY KEY (id);


--
-- Name: classrooms classrooms_pkey; Type: CONSTRAINT; Schema: public; Owner: postgres
--

ALTER TABLE ONLY public.classrooms
    ADD CONSTRAINT classrooms_pkey PRIMARY KEY (id);


--
-- Name: classrooms_teachers__teachers_classrooms classrooms_teachers__teachers_classrooms_pkey; Type: CONSTRAINT; Schema: public; Owner: postgres
--

ALTER TABLE ONLY public.classrooms_teachers__teachers_classrooms
    ADD CONSTRAINT classrooms_teachers__teachers_classrooms_pkey PRIMARY KEY (id);


--
-- Name: core_store core_store_pkey; Type: CONSTRAINT; Schema: public; Owner: postgres
--

ALTER TABLE ONLY public.core_store
    ADD CONSTRAINT core_store_pkey PRIMARY KEY (id);


--
-- Name: days__blocks days__blocks_pkey; Type: CONSTRAINT; Schema: public; Owner: postgres
--

ALTER TABLE ONLY public.days__blocks
    ADD CONSTRAINT days__blocks_pkey PRIMARY KEY (id);


--
-- Name: days_learning_components__learning_components_days days_learning_components__learning_components_days_pkey; Type: CONSTRAINT; Schema: public; Owner: postgres
--

ALTER TABLE ONLY public.days_learning_components__learning_components_days
    ADD CONSTRAINT days_learning_components__learning_components_days_pkey PRIMARY KEY (id);


--
-- Name: days days_pkey; Type: CONSTRAINT; Schema: public; Owner: postgres
--

ALTER TABLE ONLY public.days
    ADD CONSTRAINT days_pkey PRIMARY KEY (id);


--
-- Name: grades grades_name_unique; Type: CONSTRAINT; Schema: public; Owner: postgres
--

ALTER TABLE ONLY public.grades
    ADD CONSTRAINT grades_name_unique UNIQUE (name);


--
-- Name: grades grades_pkey; Type: CONSTRAINT; Schema: public; Owner: postgres
--

ALTER TABLE ONLY public.grades
    ADD CONSTRAINT grades_pkey PRIMARY KEY (id);


--
-- Name: learning_component_types learning_component_types_pkey; Type: CONSTRAINT; Schema: public; Owner: postgres
--

ALTER TABLE ONLY public.learning_component_types
    ADD CONSTRAINT learning_component_types_pkey PRIMARY KEY (id);


--
-- Name: learning_components learning_components_pkey; Type: CONSTRAINT; Schema: public; Owner: postgres
--

ALTER TABLE ONLY public.learning_components
    ADD CONSTRAINT learning_components_pkey PRIMARY KEY (id);


--
-- Name: learning_standards learning_standards_pkey; Type: CONSTRAINT; Schema: public; Owner: postgres
--

ALTER TABLE ONLY public.learning_standards
    ADD CONSTRAINT learning_standards_pkey PRIMARY KEY (id);


--
-- Name: learning_standards learning_standards_teks_unique; Type: CONSTRAINT; Schema: public; Owner: postgres
--

ALTER TABLE ONLY public.learning_standards
    ADD CONSTRAINT learning_standards_teks_unique UNIQUE (teks);


--
-- Name: mentors mentors_pkey; Type: CONSTRAINT; Schema: public; Owner: postgres
--

ALTER TABLE ONLY public.mentors
    ADD CONSTRAINT mentors_pkey PRIMARY KEY (id);


--
-- Name: objective_types objective_types_name_unique; Type: CONSTRAINT; Schema: public; Owner: postgres
--

ALTER TABLE ONLY public.objective_types
    ADD CONSTRAINT objective_types_name_unique UNIQUE (name);


--
-- Name: objective_types objective_types_pkey; Type: CONSTRAINT; Schema: public; Owner: postgres
--

ALTER TABLE ONLY public.objective_types
    ADD CONSTRAINT objective_types_pkey PRIMARY KEY (id);


--
-- Name: objectives objectives_pkey; Type: CONSTRAINT; Schema: public; Owner: postgres
--

ALTER TABLE ONLY public.objectives
    ADD CONSTRAINT objectives_pkey PRIMARY KEY (id);


--
-- Name: saves saves_pkey; Type: CONSTRAINT; Schema: public; Owner: postgres
--

ALTER TABLE ONLY public.saves
    ADD CONSTRAINT saves_pkey PRIMARY KEY (id);


--
-- Name: schools schools_pkey; Type: CONSTRAINT; Schema: public; Owner: postgres
--

ALTER TABLE ONLY public.schools
    ADD CONSTRAINT schools_pkey PRIMARY KEY (id);


--
-- Name: selections selections_pkey; Type: CONSTRAINT; Schema: public; Owner: postgres
--

ALTER TABLE ONLY public.selections
    ADD CONSTRAINT selections_pkey PRIMARY KEY (id);


--
-- Name: sessions sessions_pkey; Type: CONSTRAINT; Schema: public; Owner: postgres
--

ALTER TABLE ONLY public.sessions
    ADD CONSTRAINT sessions_pkey PRIMARY KEY (id);


--
-- Name: sessions_students__students_sessions sessions_students__students_sessions_pkey; Type: CONSTRAINT; Schema: public; Owner: postgres
--

ALTER TABLE ONLY public.sessions_students__students_sessions
    ADD CONSTRAINT sessions_students__students_sessions_pkey PRIMARY KEY (id);


--
-- Name: strapi_administrator strapi_administrator_email_unique; Type: CONSTRAINT; Schema: public; Owner: postgres
--

ALTER TABLE ONLY public.strapi_administrator
    ADD CONSTRAINT strapi_administrator_email_unique UNIQUE (email);


--
-- Name: strapi_administrator strapi_administrator_pkey; Type: CONSTRAINT; Schema: public; Owner: postgres
--

ALTER TABLE ONLY public.strapi_administrator
    ADD CONSTRAINT strapi_administrator_pkey PRIMARY KEY (id);


--
-- Name: strapi_permission strapi_permission_pkey; Type: CONSTRAINT; Schema: public; Owner: postgres
--

ALTER TABLE ONLY public.strapi_permission
    ADD CONSTRAINT strapi_permission_pkey PRIMARY KEY (id);


--
-- Name: strapi_role strapi_role_code_unique; Type: CONSTRAINT; Schema: public; Owner: postgres
--

ALTER TABLE ONLY public.strapi_role
    ADD CONSTRAINT strapi_role_code_unique UNIQUE (code);


--
-- Name: strapi_role strapi_role_name_unique; Type: CONSTRAINT; Schema: public; Owner: postgres
--

ALTER TABLE ONLY public.strapi_role
    ADD CONSTRAINT strapi_role_name_unique UNIQUE (name);


--
-- Name: strapi_role strapi_role_pkey; Type: CONSTRAINT; Schema: public; Owner: postgres
--

ALTER TABLE ONLY public.strapi_role
    ADD CONSTRAINT strapi_role_pkey PRIMARY KEY (id);


--
-- Name: strapi_users_roles strapi_users_roles_pkey; Type: CONSTRAINT; Schema: public; Owner: postgres
--

ALTER TABLE ONLY public.strapi_users_roles
    ADD CONSTRAINT strapi_users_roles_pkey PRIMARY KEY (id);


--
-- Name: strapi_webhooks strapi_webhooks_pkey; Type: CONSTRAINT; Schema: public; Owner: postgres
--

ALTER TABLE ONLY public.strapi_webhooks
    ADD CONSTRAINT strapi_webhooks_pkey PRIMARY KEY (id);


--
-- Name: students students_pkey; Type: CONSTRAINT; Schema: public; Owner: postgres
--

ALTER TABLE ONLY public.students
    ADD CONSTRAINT students_pkey PRIMARY KEY (id);


--
-- Name: submissions submissions_pkey; Type: CONSTRAINT; Schema: public; Owner: postgres
--

ALTER TABLE ONLY public.submissions
    ADD CONSTRAINT submissions_pkey PRIMARY KEY (id);


--
-- Name: teachers teachers_pkey; Type: CONSTRAINT; Schema: public; Owner: postgres
--

ALTER TABLE ONLY public.teachers
    ADD CONSTRAINT teachers_pkey PRIMARY KEY (id);


--
-- Name: units units_pkey; Type: CONSTRAINT; Schema: public; Owner: postgres
--

ALTER TABLE ONLY public.units
    ADD CONSTRAINT units_pkey PRIMARY KEY (id);


--
-- Name: upload_file_morph upload_file_morph_pkey; Type: CONSTRAINT; Schema: public; Owner: postgres
--

ALTER TABLE ONLY public.upload_file_morph
    ADD CONSTRAINT upload_file_morph_pkey PRIMARY KEY (id);


--
-- Name: upload_file upload_file_pkey; Type: CONSTRAINT; Schema: public; Owner: postgres
--

ALTER TABLE ONLY public.upload_file
    ADD CONSTRAINT upload_file_pkey PRIMARY KEY (id);


--
-- Name: users-permissions_permission users-permissions_permission_pkey; Type: CONSTRAINT; Schema: public; Owner: postgres
--

ALTER TABLE ONLY public."users-permissions_permission"
    ADD CONSTRAINT "users-permissions_permission_pkey" PRIMARY KEY (id);


--
-- Name: users-permissions_role users-permissions_role_pkey; Type: CONSTRAINT; Schema: public; Owner: postgres
--

ALTER TABLE ONLY public."users-permissions_role"
    ADD CONSTRAINT "users-permissions_role_pkey" PRIMARY KEY (id);


--
-- Name: users-permissions_role users-permissions_role_type_unique; Type: CONSTRAINT; Schema: public; Owner: postgres
--

ALTER TABLE ONLY public."users-permissions_role"
    ADD CONSTRAINT "users-permissions_role_type_unique" UNIQUE (type);


--
-- Name: users-permissions_user users-permissions_user_pkey; Type: CONSTRAINT; Schema: public; Owner: postgres
--

ALTER TABLE ONLY public."users-permissions_user"
    ADD CONSTRAINT "users-permissions_user_pkey" PRIMARY KEY (id);


--
-- Name: users-permissions_user users-permissions_user_username_unique; Type: CONSTRAINT; Schema: public; Owner: postgres
--

ALTER TABLE ONLY public."users-permissions_user"
    ADD CONSTRAINT "users-permissions_user_username_unique" UNIQUE (username);


--
-- PostgreSQL database dump complete
--

